name,registration_number,address,registration_date,renewed_on,valid_upto,district,country,remarks,source_name
A Shelter for Helpless Ill Children (ASHIC),1067,"House-52, Road-3/A, Dhanmondi, R/A, Dhaka Phone :9673982 www.ashic.org",1996-08-26,2021-08-26,2031-08-25,Dhaka,Bangladesh,,Bangladesh NGO Affairs Bureau - Local NGO List (up to 19 August 2026)
A.B. Foundation,2024,"Vill., Post + Upazilla: Chirirbandar, Dist: Dinajpur Phone: 01711-530611",2005-04-05,2020-04-05,2030-04-04,Dinajpur,Bangladesh,,Bangladesh NGO Affairs Bureau - Local NGO List (up to 19 August 2026)
A.M. Foster Care,2397,"House-38, Road-04, Sector--05, Uttara Model Town, Dhaka-1230. Phone: 01715-475282",2008-12-22,2018-12-22,2028-12-21,Dhaka,Bangladesh,,Bangladesh NGO Affairs Bureau - Local NGO List (up to 19 August 2026)
Abalamban,2326,"Pachimpara, Post: Gaibandha, Upazilla: Gaibandha Sadar, Dist.: Gaibandha. Phone: 0541-62388",2008-03-27,2018-03-27,2028-03-27,Gaibandha,Bangladesh,,Bangladesh NGO Affairs Bureau - Local NGO List (up to 19 August 2026)
Abdul Alim Foundation,3287,"494/C Khilgaon, Dhaka. Phone: 01715023860 email: johir61@yahoo.com",2022-01-11,,2032-01-11,Dhaka,Bangladesh,,Bangladesh NGO Affairs Bureau - Local NGO List (up to 19 August 2026)
Abdul Halim Khan Foundation,3123,"1257, Khorompatty, Post+Upazila: Sadar, Kishoreganj, Tel: 01711681660",2017-12-19,,2027-12-19,Kishorganj,Bangladesh,,Bangladesh NGO Affairs Bureau - Local NGO List (up to 19 August 2026)
Abdul Momen Khan Memorial Foundation (Khan Foundation),0780,"5 Momenbagh, Dhaka-1217 Phone : 9330323",1993-12-04,2018-12-04,2028-12-04,Dhaka,Bangladesh,,Bangladesh NGO Affairs Bureau - Local NGO List (up to 19 August 2026)
Abdur Rashid Khan Thakur Foundation,2229,"Chapailghat Road, UZ+Zila: gopalganj-8100 Phone: 8034489, 01911-352919 www.arktf.org",2007-08-05,2017-05-08,2027-05-08,Gopalganj,Bangladesh,,Bangladesh NGO Affairs Bureau - Local NGO List (up to 19 August 2026)
Abed Satter Pathen Foundation,2842,"118 Isdair, Fatullah, Narayanganj Phone: 0190-251515",2013-12-03,2018-12-03,2028-12-03,Narayanganj,Bangladesh,,Bangladesh NGO Affairs Bureau - Local NGO List (up to 19 August 2026)
Abeda Mannan Foundation (AMF),2582,"Vill: Chulash, Post Office: Maricha, Upazilla: Debidwar, Dist: Comilla. Phone: 01552409539, 02-8832921 www.abedamannafoundation.org",2010-06-15,2020-06-15,2030-06-15,Dhaka,Bangladesh,,Bangladesh NGO Affairs Bureau - Local NGO List (up to 19 August 2026)
Abohalito Nari O Shishu Kallan Songsta (ANAMIKA),1951,"Habib Mansion, Rasulbag, PO: Langolkhali, Lalmohon, Bhola Phone: 01718730322, 01791584260, email:anamikamir322@gmail.com",2004-08-17,2019-08-17,2029-08-17,Bhola,Bangladesh,,Bangladesh NGO Affairs Bureau - Local NGO List (up to 19 August 2026)
Abu Rajwan Foundation,3356,"Vill: Uchabodi, Post: Kaimari, Kishoreganj, Nilphamari. Phone: 01732103553 Email: aburadwanbd@gmail.com",2023-05-30,,2033-05-29,Nilphamari,Bangladesh,,Bangladesh NGO Affairs Bureau - Local NGO List (up to 19 August 2026)
Abu Sobhan Welfare Trust,2805,"House-29/A, Old DOHS Road, Banani, Dhaka.",2013-07-30,2018-07-30,2028-07-30,Dhaka,Bangladesh,,Bangladesh NGO Affairs Bureau - Local NGO List (up to 19 August 2026)
Abul Khair Welfare Organization,3541,"Vill: Shibpur, Post: Birgaon, PS: Nabinagar, Dist: Brahmanbaria Phone: 01768003747, 01745009764 Phone: akks.care@gmail.com",2025-12-07,,2035-12-06,Brahmanbaria,Bangladesh,,Bangladesh NGO Affairs Bureau - Local NGO List (up to 19 August 2026)
Access Bangladesh Foundation,2461,"10 Tarapur, Savar, Dhaka. Phone: 7743145, Fax: 7743480 www.accessbangladesh.org",2009-06-18,2019-06-18,2029-06-18,Dhaka,Bangladesh,,Bangladesh NGO Affairs Bureau - Local NGO List (up to 19 August 2026)
Access Toward Livelihood and Welfare Organisation (ALWO),2102,"81/80, Hazra Natore, Post: Natore-4600, PS: Natore, Dist: Natore. Phone: 0771-61255",2006-06-06,2021-06-06,2031-06-05,Natore,Bangladesh,,Bangladesh NGO Affairs Bureau - Local NGO List (up to 19 August 2026)
Acid Survivours Foundation,1501,"Plot-A/5, Level-6, CRP Bhaban, Block-A, Sec-14, Mirpur, Dhaka-1200 Phone: 09678777148 www.acidsurvisors.org",2000-04-09,2020-04-09,2030-04-09,Dhaka,Bangladesh,,Bangladesh NGO Affairs Bureau - Local NGO List (up to 19 August 2026)
Action and Light,3560,"Ausghara, PO: Narayanpara, PS: Joypurhat, Dist: Joypurhat-5900 Phone: 01719458941 email: actionandlightbd@gmail.com",2026-01-18,,2036-01-17,Joypurhat,Bangladesh,,Bangladesh NGO Affairs Bureau - Local NGO List (up to 19 August 2026)
Action Five,2830,"Gaokura, Kacharipara, Islampur, Jamalpur Phone: 01728-782643",2013-11-04,2018-11-04,2028-11-04,Jamalpur,Bangladesh,,Bangladesh NGO Affairs Bureau - Local NGO List (up to 19 August 2026)
Action for Rural Poor (ARP),2796,"Vill: Fazilpur, Post: Tegria, UZ: Madarganj, Dist: Jamalpur Phone: 01772898145 email: jahidulislam@4231@gmail.com",2013-06-27,2018-06-27,2028-06-27,Jamalpur,Bangladesh,,Bangladesh NGO Affairs Bureau - Local NGO List (up to 19 August 2026)
Action in Bangladesh,2601,"Sadar Road, Kalai, P.O Box No. 5390, Kalai, Joypurhat. Phone: 215-222-442",2010-10-05,,2015-10-05,Joypurhat,Bangladesh,,Bangladesh NGO Affairs Bureau - Local NGO List (up to 19 August 2026)
Activities for the Landless Organised with Consciousness (ALOC),0439,"Patkelgata Bazar, Thana: Tala, Satkhira",1991-02-05,2015-02-05,2020-02-05,Sathkhira,Bangladesh,"Cancelled on 25/10/2010, Revived on 12/5/2016",Bangladesh NGO Affairs Bureau - Local NGO List (up to 19 August 2026)
Activity for Reformation of Basic Needs-ARBAN,3077,"Vill Rajapara, PO: Purbadhala, Netrakona",2017-01-03,2022-01-03,2032-01-02,Netrakona,Bangladesh,,Bangladesh NGO Affairs Bureau - Local NGO List (up to 19 August 2026)
ADAMS Foundation,0855,"130, Kedaranath Main Road, Post: BIT-9203, Dowlatpur, Khulna Phone : 041-774426, Fax: 041-774048",1994-09-13,2019-09-13,2029-09-13,Khulna,Bangladesh,,Bangladesh NGO Affairs Bureau - Local NGO List (up to 19 August 2026)
Adarsha Kajer Sandhanay (AKAS),2434,"PMA Sattar Vila, House-20, Koilash Ghosh Lane, Banglabazar, Thana: Kotwali, Dhaka Phone: 01711-286349, 01717-655622",2009-06-05,2014-05-06,2034-05-05,Jhalokathi,Bangladesh,,Bangladesh NGO Affairs Bureau - Local NGO List (up to 19 August 2026)
Adarsha Seba Sangstha,0974,"Uttar Plaza, Mahimaganj Road, Gobindaganj, Gaibandha.",1995-10-10,2015-10-10,2020-10-10,Gaibandha,Bangladesh,"Cancelled on 25/10/2010, Revived on 18/12/2014",Bangladesh NGO Affairs Bureau - Local NGO List (up to 19 August 2026)
Ad-Din Welfare Centre,0347,"15, Rail Road, Jessore Phone : 0421-68820, Fax: 0421-68807",1990-01-30,2020-01-30,2030-01-30,Jessore,Bangladesh,,Bangladesh NGO Affairs Bureau - Local NGO List (up to 19 August 2026)
Adhikar Unnayan Sangstha,2421,"House-67/A, (2nd Floor), Road-8/A, Dhanmondi, Dhaka. Phone: 9115180",2009-03-15,,2014-03-15,Dhaka,Bangladesh,,Bangladesh NGO Affairs Bureau - Local NGO List (up to 19 August 2026)
Adhunik,1149,"63, Central Road, Dhanmondi, Dhaka-1205 Phone: 02-8614959",1997-03-29,2012-03-20,2017-03-20,Dhaka,Bangladesh,,Bangladesh NGO Affairs Bureau - Local NGO List (up to 19 August 2026)
Adhunika Bangladesh Society (ABS),2270,"107/1 Azimpur Road, Azimpur, Dhaka-1205",2007-09-12,,2012-09-12,Dhaka,Bangladesh,,Bangladesh NGO Affairs Bureau - Local NGO List (up to 19 August 2026)
Adibashi Unnayan Sangstha,1190,"Hazra Villa, Holding No-54, Betiapara, Park Gate, Vatapara, Rajshahi-6000. Phone: 01715-210096",1997-10-01,2017-10-01,2027-10-01,Rajshahi,Bangladesh,,Bangladesh NGO Affairs Bureau - Local NGO List (up to 19 August 2026)
Adibasi Development Organization (ADO),2341,"Chakbeni, Post.: Jabaripur Hat, Upazila: Badalgachi, Dist.: Nowgaon",2008-04-21,,2013-04-21,Naogaon,Bangladesh,,Bangladesh NGO Affairs Bureau - Local NGO List (up to 19 August 2026)
ADORE,1593,"111 (Old-65), Islampur Road, Khulna-9100 Phone: 041-733378",2000-12-07,2025-12-07,2035-12-06,Khulna,Bangladesh,,Bangladesh NGO Affairs Bureau - Local NGO List (up to 19 August 2026)
Adorsho Pathagar O Swechchasebi Songothon,3322,"Dakkhin Char Kamlapur, Sadar, Faridpur. Phone: 01727013588",2022-09-20,,2032-09-19,Faridpur,Bangladesh,,Bangladesh NGO Affairs Bureau - Local NGO List (up to 19 August 2026)
Advance Life Organization (ALO),3055,"House-568, East Badda, Krishi Bak Road, Badda, Dhaka",2016-12-08,,2021-12-08,Dhaka,Bangladesh,,Bangladesh NGO Affairs Bureau - Local NGO List (up to 19 August 2026)
Advanced Society for any Research & Active Life Oriented Work,3386,"Asariachala, Shahorgopinpur, Ghatail, Tangail. Phone: 017379531",2023-10-30,,2033-10-29,Dhaka,Bangladesh,,Bangladesh NGO Affairs Bureau - Local NGO List (up to 19 August 2026)
Advancing Leprosy and Disadvantaged Peoples Opportunities Society (ALO Society),3548,"House-2,Road-13,Shekhertak,PC Culture Housing, Block-Kha, Mohammadpur, Dhaka. Phone: 01714466009 email:",2025-12-28,,2035-12-27,Dhaka,Bangladesh,,Bangladesh NGO Affairs Bureau - Local NGO List (up to 19 August 2026)
Agami Education Foundation,3265,"c5h8a Liramkaen C@iraculoss, eKoacliaebtyabgda.nc,o Dmhaka.",2021-02-22,,2031-02-22,Dhaka,Bangladesh,,Bangladesh NGO Affairs Bureau - Local NGO List (up to 19 August 2026)
Agape,2166,"Noni Bhaban (4th Floor), Uzani Para, Bandarban-4600 Phone: 0361-63255, Fax: 0361-63255",2006-11-23,2016-11-23,2026-11-23,Bandarban,Bangladesh,,Bangladesh NGO Affairs Bureau - Local NGO List (up to 19 August 2026)
Agape Bangladesh,2032,"Vill.: Goaljani, Post: Purnimagati, Upazilla: Ullapara, Dist: Sirajgonj.",2005-04-21,2015-04-21,2025-04-21,Sirajganj,Bangladesh,,Bangladesh NGO Affairs Bureau - Local NGO List (up to 19 August 2026)
Agape Social Concern,1135,"39/1 Indira Road, West Rajabazar, Farmgate, Dhaka. Phone: 9114299, Fax: 8122286",1997-02-13,2022-02-13,2032-02-12,Dhaka,Bangladesh,,Bangladesh NGO Affairs Bureau - Local NGO List (up to 19 August 2026)
Agency for Integrated Development,0406,"237 Bhagalpur, Savar, Dhaka Phone: 01715-110494",1990-11-13,2005-10-13,2010-10-13,Dhaka,Bangladesh,,Bangladesh NGO Affairs Bureau - Local NGO List (up to 19 August 2026)
Agradut Sangstha-AS,3042,"House-0522/01, Kalibari Road, Bhola Sadar, Bhola. Mobile: 01714799705 email: as.ngo.bhola@gmail.com www.agradutsangstha.org",2016-10-10,2021-10-10,2031-10-09,Bhola,Bangladesh,,Bangladesh NGO Affairs Bureau - Local NGO List (up to 19 August 2026)
Agragami Social Welfare Foundation,3184,"Village: Vekutia, Post: Vekutia, Kawkhali, Dist: Pirojpur, Mob: 01725132113",2019-01-06,,2029-01-06,Barisal,Bangladesh,,Bangladesh NGO Affairs Bureau - Local NGO List (up to 19 August 2026)
Agragati,0746,"Kak Bandhal, Sarutia, Thana: Keshabpur, Jessore",1993-09-02,2003-09-02,2008-09-02,Jessore,Bangladesh,,Bangladesh NGO Affairs Bureau - Local NGO List (up to 19 August 2026)
Agragati Seba Sangstha (ASS),2592,"Jangua, Nowakandi, Moulavibazar, Post: Vaterchar, Upazilla: Belabo, Dist: Narsingdhi Phone: 01266287800",2010-08-29,2020-08-29,2030-08-28,Narsingdhi,Bangladesh,,Bangladesh NGO Affairs Bureau - Local NGO List (up to 19 August 2026)
Agrajatra Samaj Unnayan Sangstha,2747,"Rajarhat, PO & PS: Rajarhat, Dist: Kurigram Phone: 01928-993070",2012-11-18,,2017-11-18,Kurigram,Bangladesh,,Bangladesh NGO Affairs Bureau - Local NGO List (up to 19 August 2026)
Agrajattra,2093,"126, Jamal Khan Road (3rd Floor), PO: Anderkilla, PS: Kotwali, Chattogram. Phone: 031-612352, Fax: 031-612352",2006-05-08,2021-05-08,2031-05-07,Chattogram,Bangladesh,,Bangladesh NGO Affairs Bureau - Local NGO List (up to 19 August 2026)
Agrani Mohila Unnayan Sangstha,1880,"226, Tatipara, Nilganj, Jessore-7400. Phone : 0421-74036",2003-10-15,2018-10-15,2028-10-15,Jessore,Bangladesh,"Cancelled on 13/04/2010, Revived on 29/09/2011",Bangladesh NGO Affairs Bureau - Local NGO List (up to 19 August 2026)
Agrasar Buddha Anathalaya,0081,"Vill: Hoarapara, PO: East Gogra, Raozan, Chattogram Phone: 01817-724360",1981-04-22,2020-05-15,2030-05-15,Chattogram,Bangladesh,,Bangladesh NGO Affairs Bureau - Local NGO List (up to 19 August 2026)
Agrasara Memorial Society of Bangladesh,2478,"Hoarapara, P.O.: East Gugra, P.S.: Rawzan, Dist.: Chattogram",2009-09-13,,2014-09-13,Chattogram,Bangladesh,,Bangladesh NGO Affairs Bureau - Local NGO List (up to 19 August 2026)
Agriculture Advisory Society,1015,"House-13/14 (1st floor), Salimullah Road, Block-D, Mohammadpur, Dhaka-1207 Tel: 880-02-58152151, email: harunaas@gmail.com, web:",1996-03-04,2016-03-04,2021-03-04,Dhaka,Bangladesh,,Bangladesh NGO Affairs Bureau - Local NGO List (up to 19 August 2026)
Agriculture Sustainable and Socio Economic Development Organization (ASSEDO),2103,"wHwouws.ea-a5s7-5b,d R.oorgad-01, Padma R/A, Vadra, Rajshahi. Phone: 01711-016076",2006-06-08,2021-06-08,2031-06-07,Rajshahi,Bangladesh,,Bangladesh NGO Affairs Bureau - Local NGO List (up to 19 August 2026)
Agro-based Socio Economical Development Services (ASEDS),3225,"House-38, Road-07, Block-A, Section-12, Pallabi, Mirpur, Dhaka-1216 Mob: 01711224696",2019-11-14,,2029-11-14,Dhaka,Bangladesh,,Bangladesh NGO Affairs Bureau - Local NGO List (up to 19 August 2026)
Agrogoti Sangstha,1963,"Cold Storage More, Mil Bazar, Satkhira. Phone: 0471-63870 www.agrogoti.org",2004-09-23,2019-09-23,2029-09-23,Sathkhira,Bangladesh,,Bangladesh NGO Affairs Bureau - Local NGO List (up to 19 August 2026)
Aheaussunnah Foundation,3483,"Vill: Bhujpur, PO: Bhujpur, PS: Fatickchari, Dist: Chattogram",2025-06-29,,2035-06-28,Chattogram,Bangladesh,,Bangladesh NGO Affairs Bureau - Local NGO List (up to 19 August 2026)
Ahmmad Ali Sarker Sritee Sangho,3250,"Chandipur, Sundarganj, Gaibandha, Mob: 01740557960",2020-10-15,,2030-10-15,Gaibandha,Bangladesh,,Bangladesh NGO Affairs Bureau - Local NGO List (up to 19 August 2026)
Aid Bangla,1857,"1, Outer Circular Road, Malibagh, Dhaka-1217 Phone: 9349681",2003-07-20,2008-07-20,2013-07-20,Dhaka,Bangladesh,"Cancelled on 25/10/2010, Revived on 18/08/2011",Bangladesh NGO Affairs Bureau - Local NGO List (up to 19 August 2026)
Aid for Humanity,2217,"Estern City Tower-2, Udayan School Road, Mollartek, Dakkinkhan, Uttara, Dhaka-1230",2007-04-03,2017-04-03,2027-04-03,Sathkhira,Bangladesh,Name Change 26/02/23,Bangladesh NGO Affairs Bureau - Local NGO List (up to 19 August 2026)
Aid for Poor People (APP),2005,"House-801, Road-14, Khilgoan, Block-A, Akota Sarak, Khilgaon, Dhaka. Phone: 7215830, 01711-523399",2005-02-06,2020-02-06,2030-02-06,Dhaka,Bangladesh,,Bangladesh NGO Affairs Bureau - Local NGO List (up to 19 August 2026)
AID Foundation,1319,"AID Complex, Shatbaria, Jhenaidah Phone : 0451-61188-9, Fax: 0541-61196 email: info@aid-bd.org www.aid-bd.org",1998-11-30,2018-11-30,2028-11-30,Jhenaidah,Bangladesh,,Bangladesh NGO Affairs Bureau - Local NGO List (up to 19 August 2026)
Aid Organization,2595,"Jaifia Plaza, Nobogram Road, Barisal-8200 Phone: 01718665198 www.aidobd.org",2010-09-05,2020-09-05,2030-09-05,Barisal,Bangladesh,,Bangladesh NGO Affairs Bureau - Local NGO List (up to 19 August 2026)
Aids Awareness Foundation,0883,"196, Shahjahan Road, Mohammadpur, Dhaka-1207 Phone: 8111402, Fax: 8114513",1995-01-03,2015-01-03,2020-01-03,Dhaka,Bangladesh,,Bangladesh NGO Affairs Bureau - Local NGO List (up to 19 August 2026)
AIM (Aunannyo Initiative for Mankind Development),3130,"Upazila parisad Road, Chowgacha, Jessore",2018-01-04,,2028-01-04,Jessore,Bangladesh,,Bangladesh NGO Affairs Bureau - Local NGO List (up to 19 August 2026)
AIMS (Association of Integrated Management for Survivors),2991,"Vill: Thakuradah Union, Berabil, Upazilla: Ganggachara, Dist: Rangpur. Phone: 01717-676848",2015-12-22,2020-12-22,2030-12-22,Rajshahi,Bangladesh,,Bangladesh NGO Affairs Bureau - Local NGO List (up to 19 August 2026)
Ain-O-Salish Kendra,0721,"7/17, Block-B, Lalmatia, Dhaka. Phone: 8126047, 8126134 www.askbd.org",1993-06-28,2018-06-28,2028-06-28,Dhaka,Bangladesh,,Bangladesh NGO Affairs Bureau - Local NGO List (up to 19 August 2026)
Akaas Foundation,2277,"A-65, Uttarpara, Saver, Dhaka-1340 Phone: 7741785",2007-10-11,2017-10-11,2027-10-11,Dhaka,Bangladesh,,Bangladesh NGO Affairs Bureau - Local NGO List (up to 19 August 2026)
Akkel Ali Master Foundation,3048,"Mulgaon, PO: goshairhat, Goshairhat, Shariatpur Phone: 01740991323",2016-11-01,2021-11-01,2031-10-31,Shariatpur,Bangladesh,,Bangladesh NGO Affairs Bureau - Local NGO List (up to 19 August 2026)
Akota,1434,"Village: Kumarpara, P.O: Kholahati, Thana+Dist: Gaibandha Phone: 01711-578422",1999-10-06,2019-10-06,2029-10-06,Gaibandha,Bangladesh,,Bangladesh NGO Affairs Bureau - Local NGO List (up to 19 August 2026)
Akota Jubo Unnayan Songstha (AJUS),3271,"Jotabot Tola, Digram, Godagari, Rajshahi",2021-03-29,,2031-03-29,Rajshahi,Bangladesh,,Bangladesh NGO Affairs Bureau - Local NGO List (up to 19 August 2026)
Akota Samaj Unnayan Sangstha (ASUS),1580,"House-J54/5 (4th Floor), Room-5-4, Nayanmoni Villa, Bashundhara Gate(Kachi Bhai Goli), Dhaka-1229 Phone : 8122550",2000-10-30,2020-10-30,2030-10-29,Dhaka,Bangladesh,,Bangladesh NGO Affairs Bureau - Local NGO List (up to 19 August 2026)
Al Ihsan Social Development Center,2360,"Vill+Post: Hasara, Upazila: Sreenagar, Dist.: Munshigonj Phone: 01726-151365 www.aiwvc.com",2008-05-20,2018-05-20,2028-05-20,Munshiganj,Bangladesh,,Bangladesh NGO Affairs Bureau - Local NGO List (up to 19 August 2026)
Al Jameatul Islamiah Al Arabia Mozaher Ulum,0947,"Char Chaktai, Chattogram",1995-06-20,2010-06-20,2020-06-20,Chattogram,Bangladesh,,Bangladesh NGO Affairs Bureau - Local NGO List (up to 19 August 2026)
Al Jamiah Al Islamiah,0748,"PO: Al-Jamia, P.O. Patiya, Chattogram Phone: 031-310492, 01819-346465",1993-02-09,2013-09-02,2018-09-02,Chattogram,Bangladesh,,Bangladesh NGO Affairs Bureau - Local NGO List (up to 19 August 2026)
Al Manahil Welfare Foundation Bangladesh,3023,"Nanupur, Fatikchari, Chattogram Phone: 01819-618781",2016-05-19,2021-05-19,2031-05-19,Chattogram,Bangladesh,,Bangladesh NGO Affairs Bureau - Local NGO List (up to 19 August 2026)
Al Markazul Islami,0685,"21/17, Babar Road, Mohammadpur, Dhaka Phone : 8114980, Fax: 8116739",1993-03-03,2018-03-03,2028-03-03,Dhaka,Bangladesh,,Bangladesh NGO Affairs Bureau - Local NGO List (up to 19 August 2026)
Al Mursalat Foundation for Social Support and Development (MFSSD),0258,"House-20, Road-18, Section-03, Uttara-1230, Dhaka. Phone: 0241091755",1988-02-16,2018-02-16,2028-02-16,Dhaka,Bangladesh,NGO Name Change on 27/10/25,Bangladesh NGO Affairs Bureau - Local NGO List (up to 19 August 2026)
Al -Watan Charitable Society,2402,"Vill+Post: Padua-353, Chouddagram, Comilla Phone: 01720-691594, 01819-628685",2009-01-18,2019-01-18,2029-01-18,Comilla,Bangladesh,,Bangladesh NGO Affairs Bureau - Local NGO List (up to 19 August 2026)
Al-Amanah Samaj Kallayan Sangstha,2027,"Mujgannikhan-A-Sabur Road, PO: Khalishpur, Khulna. Phone: 041-760406",2005-04-09,2010-04-09,2015-04-09,Khulna,Bangladesh,,Bangladesh NGO Affairs Bureau - Local NGO List (up to 19 August 2026)
Al-Amin Jonokollan Shongstha,3481,"Vill: Ramvadrapur, Post: Goadangha, Upazilla: Fulpur, Dist: Mymensingh Phone: 01743915154, 01954828382 email: alaminjanakallansangstha@gmail.com",2025-06-24,,2035-06-23,Mymensingh,Bangladesh,,Bangladesh NGO Affairs Bureau - Local NGO List (up to 19 August 2026)
Al-Falah Bangladesh,0417,"9/16 Iqbal Road, Mohammadpur, Dhaka Phone : 8130827 www.alfalah.com.bd.",1990-12-10,2020-12-13,2030-12-13,Dhaka,Bangladesh,,Bangladesh NGO Affairs Bureau - Local NGO List (up to 19 August 2026)
Al-Falah Welfare Foundation,3488,"511/5, Baishbari, South Monipur, Mirpur, Dhaka-1216 Phone: 01886153367",2025-08-14,,2035-08-13,Dhaka,Bangladesh,,Bangladesh NGO Affairs Bureau - Local NGO List (up to 19 August 2026)
Alhaj Ahed Ali Bisws Monob Kollan Trust,3429,"Kutipara,Kismaterotapur, Sadar, Pabna Phone: 01711357741",2025-01-02,,2035-01-01,Pabna,Bangladesh,,Bangladesh NGO Affairs Bureau - Local NGO List (up to 19 August 2026)
Alhaj Khodeja Amin Foundation,3100,"Selonda, Shanthia, Pabna Phone: 01711355542",2017-11-01,,2027-11-01,Pabna,Bangladesh,,Bangladesh NGO Affairs Bureau - Local NGO List (up to 19 August 2026)
Al-haj Safura Begum Shishu Shadan,3230,"Hathuria, Ghatakhan, Goshairhat, Shariatpur, Mob: 01711565065",2020-01-04,,2030-01-04,Shariatpur,Bangladesh,,Bangladesh NGO Affairs Bureau - Local NGO List (up to 19 August 2026)
Alhaj Shamsul Hoque Foundation,3201,"Golam Ali Nazir Bari, Chandgaon, Chattogram, Mob: 01819385938",2019-06-23,,2029-06-23,Chattogram,Bangladesh,,Bangladesh NGO Affairs Bureau - Local NGO List (up to 19 August 2026)
Allama Abul Khair Foundation,2142,"Vill.: Raroapara, Post: Chunnapara, Upazilla: Anowara, Dist.: Chattogram. Www.aakfoundation.org",2006-10-08,2021-10-08,2031-10-08,Chattogram,Bangladesh,,Bangladesh NGO Affairs Bureau - Local NGO List (up to 19 August 2026)
Allama Fazlullah Foundation,1770,"Vill: Babunagar (Mokkarbari), PO: Deodighi, UZ: Satkania, Dist: Chattogram. Phone: 031-2551654",2002-12-01,2017-12-01,2027-12-01,Chattogram,Bangladesh,,Bangladesh NGO Affairs Bureau - Local NGO List (up to 19 August 2026)
Alliance for Cooperation and Legal Aid Bangladesh (ACLAB),2053,"8/13, Block-C, Tajmohal Road, Mohammadpur, Dhaka-1207. www.aclabbd.org",2006-01-01,2020-10-12,2030-10-12,Dhaka,Bangladesh,,Bangladesh NGO Affairs Bureau - Local NGO List (up to 19 August 2026)
Al-Manar Islami Sangstha,1843,"Shaltha, Faridpur.",2003-06-18,2008-06-18,2013-06-18,Faridpur,Bangladesh,,Bangladesh NGO Affairs Bureau - Local NGO List (up to 19 August 2026)
Alo Bhubon Trust(Alo-BT),3259,"H-B-66, Road-E-4, Eastern Housing, Section-2, Mirpur-11.5, Dhaka-1216",2021-01-07,,2031-01-07,Dhaka,Bangladesh,,Bangladesh NGO Affairs Bureau - Local NGO List (up to 19 August 2026)
Diner Alo Hijra Sangho,3455,"571, Shoril, Station Para, Rajshahi Phone: 01716760435 email: denaralohijra@gmail.com",2025-05-12,,2035-05-11,Rajshahi,Bangladesh,,Bangladesh NGO Affairs Bureau - Local NGO List (up to 19 August 2026)
ALO-Assistance for Landless Organization,3579,"Vill: par-Boalia, Boalia-5891, Naogaon Sadar, Dist: Naogaon Phone: 01712987908 email: alo.bd433@gmail.com",2026-02-17,,2036-02-16,Naogaon,Bangladesh,,Bangladesh NGO Affairs Bureau - Local NGO List (up to 19 August 2026)
Aloha Social Services Bangladesh(ASSB),1532,"Ali Manjil, Balubari, Dinajpur-5200 Phone :0531-64644",2000-06-07,2020-06-07,2030-06-06,Dinajpur,Bangladesh,,Bangladesh NGO Affairs Bureau - Local NGO List (up to 19 August 2026)
Alok Bangla (An Initiative to Promote People's Self-Help),2484,"House-119, Road-07, Shah Ali Bagh, Mirpur-1, Dhaka. Phone: 9012393",2009-09-29,2019-09-29,2029-09-29,Dhaka,Bangladesh,,Bangladesh NGO Affairs Bureau - Local NGO List (up to 19 August 2026)
Alokito Hridoy Foundation,3266,"House-127, Road-01, Avenue-03, Mirpur DOHS, Mirpur, Dhaka-1216 Phone: 01742812044 www.alokitohridoy.org",2021-02-23,,2031-02-23,Dhaka,Bangladesh,,Bangladesh NGO Affairs Bureau - Local NGO List (up to 19 August 2026)
Alokito Manob Unnayan Songstha (AMUS),3083,"JNC Road-1, House-215, Alamnagar, Rangpur. Phone: 01718644757",2017-01-11,,2022-01-11,Rangpur,Bangladesh,,Bangladesh NGO Affairs Bureau - Local NGO List (up to 19 August 2026)
Alokito Nari Unnoyon Foundation,3452,"Asif Plaza, Kala Bagan, Brahmanbaria Phone: 01733558962 email: meherasif0307@gmail.com",2025-05-04,,2035-05-03,Brahmanbaria,Bangladesh,,Bangladesh NGO Affairs Bureau - Local NGO List (up to 19 August 2026)
Alokito Path,2153,"Montana, Satkania, Chattogram.",2006-11-06,2016-11-06,2026-11-06,Chattogram,Bangladesh,,Bangladesh NGO Affairs Bureau - Local NGO List (up to 19 August 2026)
Alokon,1892,"103/A, Mohammadpur, Pachlaish, Chattogram. Phone : 01711-122580, 031-650547",2003-12-09,2018-12-09,2028-12-09,Chattogram,Bangladesh,,Bangladesh NGO Affairs Bureau - Local NGO List (up to 19 August 2026)
Alor Dishari Sangstha (ADS),2265,"Malotinagar, Dubil, Raygonj,Sirajgonj.",2007-08-26,2022-08-26,2032-08-25,Sirajganj,Bangladesh,,Bangladesh NGO Affairs Bureau - Local NGO List (up to 19 August 2026)
Alor Dishary Mohila Unnayan Sangstha,2961,"Goalanda, Rajbari Phone: 01727-211905",2015-08-25,2020-08-25,2030-08-25,Dhaka,Bangladesh,,Bangladesh NGO Affairs Bureau - Local NGO List (up to 19 August 2026)
Alor Dishary Sangstha (DSA),3261,"Vill+Post: Fulbgicha, Lalmohan, Bhola",2021-01-18,,2031-01-18,Bhola,Bangladesh,,Bangladesh NGO Affairs Bureau - Local NGO List (up to 19 August 2026)
Alor Pathe Nobojatray Foundation,3027,"74/B/1, RH Home Center, Suite-641, Level-7, Green Road, Farmgate, Dhaka Phone: 01534508932 www.aponfoundation.org",2016-06-09,2021-06-09,2031-06-08,Dhaka,Bangladesh,,Bangladesh NGO Affairs Bureau - Local NGO List (up to 19 August 2026)
Alor Poth Kollan Sangstha,3422,"455/C, Khilgaon, Dhaka Phone: 01671836838 email: elorpoth2014@gmail.com",2024-09-04,,2034-09-03,Dhaka,Bangladesh,,Bangladesh NGO Affairs Bureau - Local NGO List (up to 19 August 2026)
Alor Pothey,1124,"Vill: Madhupur, P.O: Dharoni Bari, P.S: Ulipur, Dist: Kurigram",1997-01-26,2017-01-26,2027-01-26,Kurigram,Bangladesh,,Bangladesh NGO Affairs Bureau - Local NGO List (up to 19 August 2026)
Aloran,2205,"Vill.: West Gomdhandi Prathomic Shikkhak Bhaban, Buripukurpar, Post+Upazilla: Boalkhali, Dist.: Chattogram. Phone: 01711-487884",2007-03-08,2012-03-08,2017-03-08,Chattogram,Bangladesh,,Bangladesh NGO Affairs Bureau - Local NGO List (up to 19 August 2026)
Alore Disha Foundation,3172,"College Para, Upazila : Kalia, Dist: Narail Mob: 0172659247",2018-11-14,,2028-11-14,Narail,Bangladesh,,Bangladesh NGO Affairs Bureau - Local NGO List (up to 19 August 2026)
Aloshika Social Development Organization,3012,"Vill: Auliapur, PO: Maydan Madrasha, Upazila: Patuakhali Sadar, Dist: Patuakhali. Phone: 01924699282",2016-02-29,2021-03-01,2031-02-28,Patuakhali,Bangladesh,,Bangladesh NGO Affairs Bureau - Local NGO List (up to 19 August 2026)
Aloshikha Rajihar Social Development Centre,0324,"Vill. & P.O. Rajihar, Agailjhara, Barisal",1989-11-01,2019-01-11,2029-01-11,Barisal,Bangladesh,,Bangladesh NGO Affairs Bureau - Local NGO List (up to 19 August 2026)
Aloshikha Womens Welfare Association,2849,"House-09(4th Floor), Road-02, North Adabor, Baitul Aman Housing Society, Adabor, Dhaka Phone: 01819-251911",2014-02-20,,2019-02-20,Dhaka,Bangladesh,,Bangladesh NGO Affairs Bureau - Local NGO List (up to 19 August 2026)
Alternative Approach,1895,"Flat-4/A, House-1255, Avenue-2, Road-10, Mirpur DOHS, Dhaka Phone: 01915794195",2003-12-23,2023-12-23,2033-12-22,Dhaka,Bangladesh,,Bangladesh NGO Affairs Bureau - Local NGO List (up to 19 August 2026)
Alternative Development Initiative,0902,"11/1, Iqbal Road, Block-A (Ground Floor), Mohammdpur, Dhaka Phone : 9126810",1995-02-18,2005-02-18,2010-02-18,Dhaka,Bangladesh,,Bangladesh NGO Affairs Bureau - Local NGO List (up to 19 August 2026)
Alternative Development Society (ADS),2321,"Vill.: Arajigopinatpur, Post: Gowrigram, Upazilla: Sathia, Dist.: Pabna.",2008-03-23,2013-03-23,2018-03-23,Pabna,Bangladesh,,Bangladesh NGO Affairs Bureau - Local NGO List (up to 19 August 2026)
Amader Somoyer Pratidhani Foundation,3430,"House-996, Road-9A, Avenue-11, DOHS, Mirpur, Dhaka. Phone: 02-44801223 www.asp.foundation",2025-02-04,,2035-02-03,Dhaka,Bangladesh,,Bangladesh NGO Affairs Bureau - Local NGO List (up to 19 August 2026)
Amal Foundation,3294,"108/8 Mohammadi Housing Ltd.Mohammadpur, Dhaka Phone: 01748585166 www.amla.-bd.org",2022-06-10,,2032-06-09,Dhaka,Bangladesh,,Bangladesh NGO Affairs Bureau - Local NGO List (up to 19 August 2026)
AMAN (Association for Mass Advancement Network),0980,"2/2, Lalmatia, Block-A, Mirpur Road, Dhaka. Phone: 01711-486534, Fax: 8356249 www.amanbd.org",1995-10-19,2020-10-19,2030-10-19,Dhaka,Bangladesh,,Bangladesh NGO Affairs Bureau - Local NGO List (up to 19 August 2026)
Amar Hasna Meherun Ness Jano Kallayan Sangstha,2756,"House-05, Road-15, Sector-14, Uttara, Dhaka.",2012-12-26,,2017-12-26,Dhaka,Bangladesh,,Bangladesh NGO Affairs Bureau - Local NGO List (up to 19 August 2026)
Ambala Foundation,0952,"House-67, Block-Ka, Piciculture Housing Society, Shyamoli, Dhaka. Phone: 9120040, 9110740",1995-06-28,2020-06-28,2030-06-28,Dhaka,Bangladesh,,Bangladesh NGO Affairs Bureau - Local NGO List (up to 19 August 2026)
AMCB Foundation Bangladesh,3091,"Plot-3/1, Block-F, Lalmatia, Dhaka. Phone: 01819243401",2017-10-24,,2027-10-24,Dhaka,Bangladesh,,Bangladesh NGO Affairs Bureau - Local NGO List (up to 19 August 2026)
Amity Manab Unnayan Sangstha,2932,"Anwar Tower, Ragunathpur Bazar, Kachua, Dist: Chandpur. Phone: 01717-005315",2015-05-21,2020-05-21,2030-05-21,Chandpur,Bangladesh,,Bangladesh NGO Affairs Bureau - Local NGO List (up to 19 August 2026)
Amra Desher Shokti,2815,"Gorostan Road, Biswas Para, Dist: Joypurhat",2013-09-17,2018-09-17,2028-09-17,Joypurhat,Bangladesh,,Bangladesh NGO Affairs Bureau - Local NGO List (up to 19 August 2026)
Amra Kaj Kory (AKK),0715,"Alhaj Ali Alal Cheste Mohal, Jhiltuly, Faridpur Phone: 0631-63944",1993-06-06,2018-06-06,2028-06-06,Faridpur,Bangladesh,,Bangladesh NGO Affairs Bureau - Local NGO List (up to 19 August 2026)
Amra Porupokari Paribar (APP),3070,"House-22(3rd Floor), Sector-07, Thana-Uttara West, Dhaka-1230 Phone: 01887233040 email: sskus3070@gmail.com",2017-01-03,2022-01-03,2032-01-02,Dhaka,Bangladesh,,Bangladesh NGO Affairs Bureau - Local NGO List (up to 19 August 2026)
AMRAH,0379,"Vill. Barkal, P.O. Islamabad, Chandanaish, Chattogram Phone: 031-650511",1990-05-06,2020-05-06,2030-05-05,Chattogram,Bangladesh,,Bangladesh NGO Affairs Bureau - Local NGO List (up to 19 August 2026)
Amrai Pari Foundation,3355,"House-Gha-27/2 Kha, Shahjadpur, Gulshan, Dhaka Phone: 01712510790",2023-04-10,,2033-04-09,Dhaka,Bangladesh,,Bangladesh NGO Affairs Bureau - Local NGO List (up to 19 August 2026)
Amrai Pari Paribarik Nirzaton Pratirodh Jote,2871,"House-6/4A (3rd Floor), Sir Sayed Road, Mohammadpur, Dhaka Phone: 9130265",2014-07-23,2019-07-23,2029-07-23,Dhaka,Bangladesh,,Bangladesh NGO Affairs Bureau - Local NGO List (up to 19 August 2026)
AMWAB (Association of Muslim Welfare Agencies in Bangladesh),0687,"Room-01 (2nd Floor), Bangladesh Mosjed complex, New Elephant Road, Katabon, Dhaka-1000 Phone: 8650634, Fax: 8650634",1993-03-06,2013-03-06,2018-03-06,Dhaka,Bangladesh,,Bangladesh NGO Affairs Bureau - Local NGO List (up to 19 August 2026)
An Organization for Socio Economic Development (AOSED),2235,"334, Sher-A-Bangla Road (1st Floor), Khulna-9100 Phone: 041-813574, 041-731931 www.aosed.org",2007-05-27,2017-05-27,2027-05-27,Khulna,Bangladesh,,Bangladesh NGO Affairs Bureau - Local NGO List (up to 19 August 2026)
Anabia Charitable Organization,3143,"Katabaria, Baonara, Rajbari, Cel: 01717900304",2018-04-01,,2028-04-01,Rajbari,Bangladesh,,Bangladesh NGO Affairs Bureau - Local NGO List (up to 19 August 2026)
Anandalok Trust for Education and Development,3297,"House-3/1, Block-D, Lalmatia, Dhaka Phone: 01318485440 email: anandaloktrust@gmail.com",2022-06-13,,2032-06-12,Dhaka,Bangladesh,,Bangladesh NGO Affairs Bureau - Local NGO List (up to 19 August 2026)
Anando,1180,"134/3A, Babar Road, Block-A, Mohammadpur, Dhaka. Phone: 8119760 www.anando-bd.org",1997-08-18,2017-08-18,2027-08-18,Dhaka,Bangladesh,,Bangladesh NGO Affairs Bureau - Local NGO List (up to 19 August 2026)
Anannya Jubo Mohila Samiti (AJMS),1743,"27, Nutunbazar, Approach Road, Khulna-9100 Phone : 041-721934",2002-10-05,2007-10-05,2012-10-05,Khulna,Bangladesh,,Bangladesh NGO Affairs Bureau - Local NGO List (up to 19 August 2026)
Anannya Samaj Kallyan Sangstha,0955,"House-470 (1st Floor), Road-08, DOHS, Baridhara, Dhaka-1206 Phone: 8956854",1995-07-09,2015-07-09,2020-07-09,Dhaka,Bangladesh,,Bangladesh NGO Affairs Bureau - Local NGO List (up to 19 August 2026)
Ananya Kallyan Sangathon,3402,"KS Prue Market Building, Bandarban Bazar Road, Bandarban Phone: 01556497198 mail: ananyabandarban@gmail.com",2024-04-22,,2034-04-21,Chattogram,Bangladesh,,Bangladesh NGO Affairs Bureau - Local NGO List (up to 19 August 2026)
Andho Kollyan Samity-Patuakhali,2722,"Koler Pukur Par, Patuakhali Phone: 01716-238990",2012-08-01,,2017-08-01,Patuakhali,Bangladesh,,Bangladesh NGO Affairs Bureau - Local NGO List (up to 19 August 2026)
JACE (Japan Asia Cultural Exchanges),1921,"22, Tatipara, Sylhet-3100 Phone: 0821-711422",2004-03-01,2009-03-01,2014-03-01,Sylhet,Bangladesh,,Bangladesh NGO Affairs Bureau - Local NGO List (up to 19 August 2026)
Angikar Manob Kalyan Kendra,1795,"Goorgola, PS: Kotwali, Dinajpur-5200 Phone : 0531-65950, Fax: 9136297",2003-01-02,2013-02-10,2018-02-10,Dinajpur,Bangladesh,,Bangladesh NGO Affairs Bureau - Local NGO List (up to 19 August 2026)
Animation Liberate for Organize (ALO),1711,"House-1/F (9th Floor), North-East Darussalam Road, Mirpur-1, Dhaka-1216 Phone : +8801713167936",2002-04-01,2017-04-01,2027-04-01,Jessore,Bangladesh,,Bangladesh NGO Affairs Bureau - Local NGO List (up to 19 August 2026)
Anirban Samaj Unnayan Sangstha (ASUS),2334,"Nahar Mansion, Gorosthan Road, Patuaakhali. Phone: 0441-62066",2008-04-17,2018-04-17,2028-04-17,Patuakhali,Bangladesh,,Bangladesh NGO Affairs Bureau - Local NGO List (up to 19 August 2026)
Ankur ICT Development Foundation,2466,"House No.-65, Road-06, Sector-04, Uttara, Dhaka. Www.ankur.org.bd",2009-07-06,,2014-07-06,Dhaka,Bangladesh,,Bangladesh NGO Affairs Bureau - Local NGO List (up to 19 August 2026)
Annesha Foundation (AF),0549,"31/2, Senpara Parbatta, Mirpur-10, Dhaka. Phone: 8061693, Fax: 9005638 www.annesha-foundation.org",1991-10-23,2011-10-23,2016-10-23,Dhaka,Bangladesh,,Bangladesh NGO Affairs Bureau - Local NGO List (up to 19 August 2026)
Annopurna Janakallayan Sangstha,2839,"Seroil Railway Market, Block-B, Room-60, Goramara, Boalia, Rajshahi. Phone: 811399",2013-11-25,,2018-11-25,Rajshahi,Bangladesh,,Bangladesh NGO Affairs Bureau - Local NGO List (up to 19 August 2026)
Antar Society for Development,1740,"House-14(1st Fl.), Road-12, Block-Kha, Pisciculture Housing society, Shekhertek, Adabor, Mohammadpur, Dhaka-1207 Phone: 9144502, Fax: 9144502",2002-09-19,2017-09-19,2027-09-19,Dhaka,Bangladesh,,Bangladesh NGO Affairs Bureau - Local NGO List (up to 19 August 2026)
Antor Artho Samajik Unnaon Sangstha,3269,"wBhwawn.garnat aBrasdza.orr, gPabna",2021-03-14,,2031-03-14,Pabna,Bangladesh,,Bangladesh NGO Affairs Bureau - Local NGO List (up to 19 August 2026)
Anukul Foundation,2972,"Plot-61, Road-03, Block-Ka, Piciculture Housing Society, Shyamoly, Mohammadpur, Dhaka-1207 Phone: 01727-211905",2015-09-28,2020-09-28,2030-09-28,Rajbari,Bangladesh,,Bangladesh NGO Affairs Bureau - Local NGO List (up to 19 August 2026)
Anuvab,1473,"Thana Para Road, Boda, Panchagar Phone: 05653-56180, 01712-676857",2000-01-20,2015-01-20,2025-01-20,Panchagar,Bangladesh,,Bangladesh NGO Affairs Bureau - Local NGO List (up to 19 August 2026)
Aparajeyo Bangladesh,0908,"Sornali Garden-Probal, 14/3/A, Baishteki (Opposite BRTA Maingate), Mirpur-13, Dhaka-1216 Phone: 9021261-63, Fax: 9029556 www.aparajeyo.org",1995-02-21,2020-02-21,2030-02-21,Dhaka,Bangladesh,,Bangladesh NGO Affairs Bureau - Local NGO List (up to 19 August 2026)
Apex,1645,"House-83, Road-23, Gulshan-1, Dhaka. Phone: 01713-046662, 9862109",2001-06-07,2016-06-07,2021-06-07,Dhaka,Bangladesh,,Bangladesh NGO Affairs Bureau - Local NGO List (up to 19 August 2026)
Apex Foundation,2884,"Upazilla Road (Amtola More), Upazilla: Fakirhat, Dist: Bagerhat Phone: 01717965345 emial: apexbiplob@gmail.com www.info@apexfoundationbd.com",2014-08-21,2019-08-21,2029-08-20,Bagerhat,Bangladesh,,Bangladesh NGO Affairs Bureau - Local NGO List (up to 19 August 2026)
Apon Ghar Foundation,3553,"17/14,HajiChinuMiaRoad,Block-F, (Tikkapara), Mohammadpur, Dhaka-1207 Phone: 01735645973 email: aponghar2020@gmail.com",2026-01-01,,2035-12-31,Dhaka,Bangladesh,,Bangladesh NGO Affairs Bureau - Local NGO List (up to 19 August 2026)
ARA,3131,"Rasulpur, Sadar, Satkhira",2018-01-07,,2028-01-07,Sathkhira,Bangladesh,,Bangladesh NGO Affairs Bureau - Local NGO List (up to 19 August 2026)
Arafah Shakti Foundation,2795,"32/8 Ka(3rd Fl.), Block-C, Tajmahal Road, Mohammadpur, Dhaka-1207 Phone: 9123412, 9104581, Fax: 02-9136697",2013-06-19,,2018-06-19,Dhaka,Bangladesh,,Bangladesh NGO Affairs Bureau - Local NGO List (up to 19 August 2026)
ARAM Foundation,1606,"Pw.wOw:R.aasjfb.caotim, T.bhdana: Kotwali, Dist: Dinajpur",2001-01-03,,2006-01-03,Dinajpur,Bangladesh,,Bangladesh NGO Affairs Bureau - Local NGO List (up to 19 August 2026)
Arannayk Foundation,3403,"Wasi Tower, 572/K Matikata, Ecb Chattar, Dhaka Phone: 01711194838 email: info@arannayk.org",2024-04-24,,2034-04-23,Dhaka,Bangladesh,,Bangladesh NGO Affairs Bureau - Local NGO List (up to 19 August 2026)
Area Develoment Organization (ADO),1871,"Katakhali Bazar Keshabpur, Jessore. Phone:01927-367329",2003-09-13,2013-09-13,2018-09-13,Jessore,Bangladesh,,Bangladesh NGO Affairs Bureau - Local NGO List (up to 19 August 2026)
Arfan Family's Smiling Baby Foundation,3552,"Darirampur,,BaliparaRoad,Trishal-2220, Mymensingh Phone: 01708169667 email: afsbf@yahoo.com",2025-12-28,,2035-12-27,Mymensingh,Bangladesh,,Bangladesh NGO Affairs Bureau - Local NGO List (up to 19 August 2026)
ARK Foundation,2837,"132/A, Niketon, Road-3, Gulshan, Dhaka Phone: 9871585",2013-11-25,2018-11-25,2028-11-25,Dhaka,Bangladesh,,Bangladesh NGO Affairs Bureau - Local NGO List (up to 19 August 2026)
Arnout Education and Growth Foundation,2536,"152/A (2nd Floor), Benapole Road, Railgate, Chanchra, Jessore Phone: 01713-409465",2010-02-01,2020-02-01,2030-01-31,Jessore,Bangladesh,,Bangladesh NGO Affairs Bureau - Local NGO List (up to 19 August 2026)
Arpon Dorpon Memorial Foundation,3285,"Flat-5A, House-12, Road-2, Mohammodia Housing Ltd., Dhaka. Phone: 02-2222240232 email: arpondorpon2016@gmail.com",2022-01-06,,2032-01-06,Dhaka,Bangladesh,,Bangladesh NGO Affairs Bureau - Local NGO List (up to 19 August 2026)
Arr-Rayed Foundation,3427,"1 Ward, Chakaria Pourashava, Coxsbazar Phone: 01819-363450 mail: acs756201@gmail.com",2024-10-29,,2034-10-28,Cox'sBazar,Bangladesh,,Bangladesh NGO Affairs Bureau - Local NGO List (up to 19 August 2026)
ARS Bangladesh,2426,"House-230, Kismot Noapara, Uposhohor, Jessore Phone: +8802477760330, +8802478850307 email: info@arsbd.org",2009-04-07,2019-04-07,2029-04-07,Dhaka,Bangladesh,Name Change,Bangladesh NGO Affairs Bureau - Local NGO List (up to 19 August 2026)
Arshi Nagar Sebamulak Unnayan Sangstha,2501,"LGED Road, Lalmonirhat Sadar, Lalmonirhat-5500 Phone: 01737-908442",2009-10-25,2019-10-25,2029-10-25,Lalmonirhat,Bangladesh,,Bangladesh NGO Affairs Bureau - Local NGO List (up to 19 August 2026)
Arter Asha,0643,"Senpara, Rangpur Phone : 62269",1992-08-05,2002-08-05,2007-08-05,Rangpur,Bangladesh,,Bangladesh NGO Affairs Bureau - Local NGO List (up to 19 August 2026)
ASA,0120,"23/3, Block # B, Khilji Road, Mohammadpur, Dhaka Phone :81109345, Fax: 9121861 www.asa.org.bd",1982-01-14,2020-05-14,2030-05-14,Dhaka,Bangladesh,,Bangladesh NGO Affairs Bureau - Local NGO List (up to 19 August 2026)
ASD-Bangladesh (Association for Sustainable Development in Bangladesh),2131,"House-125(R), Tanteepara, Dist: Magura-7600 Phone: 01715-351758, Fax: 048863329",2006-08-24,2011-08-24,2016-08-24,Magura,Bangladesh,,Bangladesh NGO Affairs Bureau - Local NGO List (up to 19 August 2026)
ASDDW (Association for Social Development & Distressed Welfare),2551,"Vill: Chalna bazar, P.O.: Chalna Bazar, Upazila: Dacope, Dist.: Khulna-9270 Phone: 01721-760833",2010-03-15,2020-03-15,2030-03-15,Khulna,Bangladesh,,Bangladesh NGO Affairs Bureau - Local NGO List (up to 19 August 2026)
Ased Habigonj (Association for Socio Economic Development),2895,"50 Antarango, New Muslim Quarter, Habiganj Phone: 01915-469393",2014-09-30,2019-09-30,2029-09-30,Habiganj,Bangladesh,,Bangladesh NGO Affairs Bureau - Local NGO List (up to 19 August 2026)
Asha Samaj Kallayan Sangstha,3357,"SobhanKunjoEastValley,Flat-1/A, House-10/I/1,Mirbag,Mobhbazar, Dhaka Phone: 01760314836",2023-06-04,,2033-06-03,Dhaka,Bangladesh,,Bangladesh NGO Affairs Bureau - Local NGO List (up to 19 August 2026)
Ashaarprodip Somaj Unnan Sangstha (ASUS),3318,"Khajuria, Banishanta, Dacope, Khulna. Phone: 01976559807",2022-09-18,,2032-09-17,Khulna,Bangladesh,,Bangladesh NGO Affairs Bureau - Local NGO List (up to 19 August 2026)
Ashar Alo,2135,"Parulia, Upazilla: Debhatta, Dist.: Satkhira Phone: 01972789149",2006-09-21,2021-09-21,2031-09-21,Sathkhira,Bangladesh,,Bangladesh NGO Affairs Bureau - Local NGO List (up to 19 August 2026)
Ashar Alo Kollyan Songstha,3071,"Vill+PO: Chapreshir Hat, Thanak: Kabirhat, Noakhali",2017-01-03,2022-01-03,2032-01-02,Noakhali,Bangladesh,,Bangladesh NGO Affairs Bureau - Local NGO List (up to 19 August 2026)
Ashar Alo Society,2181,"House-13, Road-06, Block-Kha, Shakertek, Adabor, Mohammadpur, dhaka-1207 Phone: 01711-396888",2006-12-28,2021-12-28,2031-12-27,Dhaka,Bangladesh,,Bangladesh NGO Affairs Bureau - Local NGO List (up to 19 August 2026)
Ashar Alo Somaj Kollan Songstha (ASKS),3326,"Nemaidighi, Chhatiangrame, Adamdighi, Bogra Phone: 01774376224 Email: asharalo2002@gmail.com",2022-10-02,,2032-10-09,Bogra,Bangladesh,,Bangladesh NGO Affairs Bureau - Local NGO List (up to 19 August 2026)
ASHIKA Development Associates.,2129,"Khambhe House (1st Floor), K. K. Roy Road, Dist: Rangamati Hill District-4500. Phone: 0351-62676",2006-08-24,2026-08-23,2036-08-23,Rangamati,Bangladesh,Name change 16.05.2018,Bangladesh NGO Affairs Bureau - Local NGO List (up to 19 August 2026)
Ashirbad,1540,"401/11, New Eskaton Road, Moghbazar, Dhaka Phone : 9348356",2000-06-25,2020-06-25,2030-06-25,Dhaka,Bangladesh,,Bangladesh NGO Affairs Bureau - Local NGO List (up to 19 August 2026)
Asho Jati Gori,1755,"Housing State, Goalchamot, Faridpur. Phone: 0631-62212 www.eshojatigor.com",2002-11-02,2017-11-02,2027-11-02,Faridpur,Bangladesh,,Bangladesh NGO Affairs Bureau - Local NGO List (up to 19 August 2026)
Asho Samaj Gori (ASG),0568,"South Kurigram, Ratanganj, Narail-7501 Phone: 0481-62917",1991-12-03,2016-12-02,2026-12-02,Narail,Bangladesh,,Bangladesh NGO Affairs Bureau - Local NGO List (up to 19 August 2026)
Ashokta Punarbashan Sangstha,2571,"Kasiadanga More (Opposite site of Sonali Bank), Rajshahi Court, Rajshahi Phone: 0721-810745",2010-05-16,2020-05-16,2030-05-15,Rajshahi,Bangladesh,,Bangladesh NGO Affairs Bureau - Local NGO List (up to 19 August 2026)
Ashokti Punarbashan Nibash (APON),1333,"Apongaon, Jailla, Singair, Manikganj Phone: 8152020 www.aponbd.org",1999-01-11,2014-01-11,2024-01-11,Dhaka,Bangladesh,,Bangladesh NGO Affairs Bureau - Local NGO List (up to 19 August 2026)
Ashraf Foundation,1192,"Chowgacha Bazar, Chowgacha, Jessore Phone : 04224-56645, Fax: 04224-56645",1997-10-05,2017-10-05,2027-10-05,Jessore,Bangladesh,,Bangladesh NGO Affairs Bureau - Local NGO List (up to 19 August 2026)
ASHRAI,0555,"House-180, Sector-03, Road-04, Upashahar, Rajshahi-6202 Phone: 01777-785775",1991-11-12,2021-11-12,2031-11-11,Dhaka,Bangladesh,,Bangladesh NGO Affairs Bureau - Local NGO List (up to 19 August 2026)
Ashroy Angon Society (AAS),1348,"North Kalindipur (Opposite of Rani Doyamoyee High School), Residence of Mr.Kushal Dewan (1st Floor), Rangamati Hill District. Phone: 0351-62716",1999-02-14,2019-02-14,2029-02-14,Rangamati,Bangladesh,,Bangladesh NGO Affairs Bureau - Local NGO List (up to 19 August 2026)
Ashroy Foundation,2313,"16 (14 Old), Ahsan Ahmed Road, Khulna-9100. Phone: 041-812113, Fax: 041-812113 www.ashroyfoundation.org",2008-03-03,2018-03-03,2028-03-03,Khulna,Bangladesh,,Bangladesh NGO Affairs Bureau - Local NGO List (up to 19 August 2026)
Ashroy Mohila Samity,1876,"Naldanga Road, Post- Naldanga, P.S. Kaliganj, Dist. Jhenidha. Phone: 01715-671028",2003-10-06,2018-10-06,2028-10-06,Jhenaidah,Bangladesh,,Bangladesh NGO Affairs Bureau - Local NGO List (up to 19 August 2026)
Ashtha Social Development Organisation,1723,"Apart-D-1, Agrani Al Monwara Apartment, 129, Boro Moghbazar, Dhaka Phone: 01715-269722, 8101506",2002-06-29,2017-06-29,2027-06-28,Dhaka,Bangladesh,,Bangladesh NGO Affairs Bureau - Local NGO List (up to 19 August 2026)
Asia Arsenic Network Bangladesh,3419,"Arsenic Center, Krishnobati,Pulerhat,Jessore, Benapole Road, Jessore Phone: 01552465730 email:",2024-08-28,,2034-08-27,Jessore,Bangladesh,,Bangladesh NGO Affairs Bureau - Local NGO List (up to 19 August 2026)
Asmat Ali khan Foundation,3304,"8/4TopkhanaRoad,Segunbagicha, Dhaka Phone: 01611638198 email: akfoundation2006@gmail.com",2022-07-06,,2032-07-05,Dhaka,Bangladesh,,Bangladesh NGO Affairs Bureau - Local NGO List (up to 19 August 2026)
Aso Gori Sonar Bangla,1804,"Housing Gate, P.O:Hanail, Joypurhat Phone: 0571-63207",2003-10-03,2018-03-10,2028-03-10,Joypurhat,Bangladesh,,Bangladesh NGO Affairs Bureau - Local NGO List (up to 19 August 2026)
Aso Somaj Gori Mohila Unnayan Sangstha (ASGMUS),3243,"Komirdha, Malmara, Islampur, District: Jamalpur, Mob: 01759758124, 01843177753",2020-09-29,,2030-09-29,Jamalpur,Bangladesh,,Bangladesh NGO Affairs Bureau - Local NGO List (up to 19 August 2026)
Aspada Paribesh Unnayan Foundation,2394,"Shapna Kutir, G/23, Bhaluka Pourashaba, Bhaluka, Mymensingh.",2008-11-19,2018-11-19,2028-11-19,Mymensingh,Bangladesh,,Bangladesh NGO Affairs Bureau - Local NGO List (up to 19 August 2026)
Asrayyan Sheba Sangstha (ASS),2099,"Jlhikorgacha Road, PO: Monirampur, UZ: Monirampur, Dist: Jessore. Phone: 04227-78318",2006-06-05,2021-06-05,2031-06-04,Jessore,Bangladesh,,Bangladesh NGO Affairs Bureau - Local NGO List (up to 19 August 2026)
Assistance for Blind Children (ABC),0012,"47/14, Indira Road, West Razabazar, Tejgaon, Dhaka-1215. Phone: 8119320, Fax: 8119320 www.abcchild.org",1981-04-22,2015-05-15,2025-05-15,Dhaka,Bangladesh,,Bangladesh NGO Affairs Bureau - Local NGO List (up to 19 August 2026)
Assistance for Development Programme (ADP),1004,"House-298 (G. Floor), Road-02, Baitul Aman Housing Society, Adabor, Shaymoli, Dhaka-1207 Phone: 8121826",1996-02-03,2016-02-03,2026-02-03,Dhaka,Bangladesh,,Bangladesh NGO Affairs Bureau - Local NGO List (up to 19 August 2026)
Assistance for Humanitarian Development (AHD),1485,"Green Trade Point, 6th Floor, Plot-7, Bir Uttam AK Khondakar Road, Mokhalai C/A, Dhaka-1212 Phone: 9016185",2000-02-16,2020-02-16,2030-02-15,Dhaka,Bangladesh,,Bangladesh NGO Affairs Bureau - Local NGO List (up to 19 August 2026)
Assistance for Poor Peoples of Bangladesh (APPB),1996,"Taz Neer, Prototipara, Chilahati, Post: Domar, Dist: Nilphamari",2005-01-11,2025-01-11,2035-01-10,Nilphamari,Bangladesh,,Bangladesh NGO Affairs Bureau - Local NGO List (up to 19 August 2026)
Assistance for Social Organisation & Development (ASOD),0363,"Gazi Khurshid Bay, 814-A, Block-B, Lalmatia, Dhaka. Phone: 9119091 www.asod.bd.com",1990-03-03,2010-03-03,2015-03-03,Dhaka,Bangladesh,,Bangladesh NGO Affairs Bureau - Local NGO List (up to 19 August 2026)
Assistance for the Livelihood of the Origins (ALO),2225,"Pankhaiapara, Post Box No. 19, Khagrachari Sadar, Dist: Khagrachari. Phone: 0371-62067, Fax: 0371-62559",2007-04-18,2017-04-18,2027-04-18,Khagrachari,Bangladesh,,Bangladesh NGO Affairs Bureau - Local NGO List (up to 19 August 2026)
Associate Social Improvement Foundation (ASIF),2971,"wPowlwic.ea lLoine Road, Kumerkhali, Pirojpur. Phone: 01684-008777",2015-09-28,,2020-09-28,Barisal,Bangladesh,,Bangladesh NGO Affairs Bureau - Local NGO List (up to 19 August 2026)
Associates In Training And Management (AITAS),1201,"House No. 45, Road-02, Ring Road, Mohammadpur, Dhaka. Phone : 9121828, 8112479",1997-10-20,2017-10-20,2027-10-20,Dhaka,Bangladesh,,Bangladesh NGO Affairs Bureau - Local NGO List (up to 19 August 2026)
Association for Alternative Development (AFAD),2443,"R.K. Road, Khalilganj Bazar, Kurigram Phone: 0581-61249",2009-05-26,2019-05-26,2029-05-26,Kurigram,Bangladesh,,Bangladesh NGO Affairs Bureau - Local NGO List (up to 19 August 2026)
Association for Bangladesh Social Advancement (ABSA),1817,"Vill- Latifpur, PO- Jamindar Hat, PS-Begumgonj, Dist. Noakhali. Phone: 01716-629299",2003-04-20,2013-04-20,2018-04-20,Noakhali,Bangladesh,,Bangladesh NGO Affairs Bureau - Local NGO List (up to 19 August 2026)
Association for Better Social Expectation,2973,"1143, Nurer Chala, Boatgate Road, Vatara, Badda, Dhaka Phone: 01914-385138",2015-09-28,2020-09-28,2030-09-27,Dhaka,Bangladesh,,Bangladesh NGO Affairs Bureau - Local NGO List (up to 19 August 2026)
Association for Community Development,0415,"House # 41, Sagarpara, Ghoramara, Rajshahi-6100 Phone : 0721-770660, Fax: 775383",1990-12-02,2020-12-02,2030-12-02,Rajshahi,Bangladesh,,Bangladesh NGO Affairs Bureau - Local NGO List (up to 19 August 2026)
Association for Community Empowerment (ACE),3349,"Flat-A6, House-6/11, Block-E, Lalmatia, Dhaka. Phone: 01713142514",2023-03-27,,2033-03-26,Dhaka,Bangladesh,,Bangladesh NGO Affairs Bureau - Local NGO List (up to 19 August 2026)
Association for Development & Social Work,2893,"16/1-B, Talabagh, Sobhanbagh, Dhaka Phone: 01819-270208",2014-09-25,2019-09-25,2029-09-25,Dhaka,Bangladesh,,Bangladesh NGO Affairs Bureau - Local NGO List (up to 19 August 2026)
Association for Disaster Mitigation & Development,0740,"95/2, Siddeshwari Circular Road (4th floor), Dhaka. Phone : 9333535",1993-09-02,2013-09-02,2018-09-02,Dhaka,Bangladesh,,Bangladesh NGO Affairs Bureau - Local NGO List (up to 19 August 2026)
Association for Environment and Human Resource Development,1887,"68, Khilgaon Chowdhurypara (4th Fl.), Dhaka-1219 Phone: 9352792, Fax: 9352792 www.afeahrd.org",2003-11-13,2013-11-13,2018-11-13,Dhaka,Bangladesh,"Cancelled on 09/08/2010, Revived on 23/12/2010",Bangladesh NGO Affairs Bureau - Local NGO List (up to 19 August 2026)
Association for Initiatives of Development (AFID),1784,"55, Purana Paltan, Dhaka. Phone : 9557223",2003-08-01,,2008-08-01,Dhaka,Bangladesh,,Bangladesh NGO Affairs Bureau - Local NGO List (up to 19 August 2026)
Association for Integrated Development (AID),1216,"Haji Koramot Ali Super Market, Kodomtola, Tajpur, Osmaninagor, Sylhet Phone: 0821-761448, Fax: 0821-761526",1997-11-19,2018-11-19,2028-11-19,Sylhet,Bangladesh,"Cancelled on 13/04/2010, Revived on 22/04/2012",Bangladesh NGO Affairs Bureau - Local NGO List (up to 19 August 2026)
Association For Integrated Development Comilla,1145,"Vill.: Rajapur, Post: Raghupur, Comilla Sadar, Comilla. Phone: 081-72003, Fax: 081-62444 www.aidcomilla.com",1997-03-17,2022-03-17,2032-03-17,Comilla,Bangladesh,,Bangladesh NGO Affairs Bureau - Local NGO List (up to 19 August 2026)
Association for Integrated Human Development (AIHD),2233,"Mosuriapara, House-127, Isha Khan Road, Iswardi, Pabna Phone: 01711-134932",2007-05-23,2017-05-23,2027-05-23,Pabna,Bangladesh,,Bangladesh NGO Affairs Bureau - Local NGO List (up to 19 August 2026)
Association for Integrated Socio Economic Development for Under Privileged People (AISDUP),1858,"Rokeya Manjil Puratan Hatkhola Chaklapara, Jhenidha Phone : 0451-62616, Fax: 0451-61468",2003-07-22,2018-07-22,2028-07-22,Jhenaidah,Bangladesh,,Bangladesh NGO Affairs Bureau - Local NGO List (up to 19 August 2026)
Association for Land Reform and Development,0570,"House-6/6, Block-F,Lalmatia, Dhaka-1207 Phone : 9114660, Fax: 8141810",1991-12-08,2021-12-08,2031-12-07,Dhaka,Bangladesh,,Bangladesh NGO Affairs Bureau - Local NGO List (up to 19 August 2026)
Association for Multi Development Program for Poor and Destitute (AMPPD),1334,"F-6 (1st Floor), Shatabdi Centre, 292, Iner Circular Road, Dhaka. Phone: 01611-781049, 01822-634356",1999-01-11,2014-01-11,2019-01-11,Dhaka,Bangladesh,"Cancelled on 13/04/2010, Revived on 12/5/2016",Bangladesh NGO Affairs Bureau - Local NGO List (up to 19 August 2026)
Association for Nutritional Development & Rural Advancement (ANDRA),2901,"House-27, Road-12, Sector-03, Uttara, Dhaka Phone: 01729-860251",2014-10-21,2019-10-21,2029-10-20,Dhaka,Bangladesh,,Bangladesh NGO Affairs Bureau - Local NGO List (up to 19 August 2026)
Association for Peopes Development Strem,3032,"Sheltech Bilss, 93 Suhrawardi Avenue, Block-K, Baridhara, Dhaka Phone: 02-8814824",2016-07-28,2021-07-28,2031-07-27,Dhaka,Bangladesh,,Bangladesh NGO Affairs Bureau - Local NGO List (up to 19 August 2026)
Association for Pisciculture and Cattle Development (APCD),1335,"Guatala Bazar, Guatala, UZ: Dhobaura, Dist: Mymensingh Phone: 01711-173318",1999-01-12,2014-01-12,2019-01-12,Mymensingh,Bangladesh,"Cancelled on 11/07/2010, Revived on 11/04/2012",Bangladesh NGO Affairs Bureau - Local NGO List (up to 19 August 2026)
"Association for Prevention of Septic Abortion, Bangladesh.",0203,"House # 71, Block # C, Avenue # 5, Section # 6, Mirpur, Dhaka. Phone : 8012392 www.bapsa-bd.org",1986-01-23,2021-01-23,2031-01-23,Dhaka,Bangladesh,,Bangladesh NGO Affairs Bureau - Local NGO List (up to 19 August 2026)
Association for Realisation of Basic Needs (ARBAN),0288,"6/2, Lalmatia (2nd Fl.), Block-B, Mohammadpur, Dhaka-1207 Phone: 01917-705600, Fax: 8122250",1989-03-16,2019-03-16,2029-03-16,Dhaka,Bangladesh,,Bangladesh NGO Affairs Bureau - Local NGO List (up to 19 August 2026)
Association for Renovation of Community Health Education Services(ARCHES),0418,"House # 72 (4th Floor), Road-03, Janata Co-operation Housing Society Ltd., Adabore, Dhaka-1207 Phone : 0751-64364",1990-12-19,2020-12-19,2030-12-19,Dhaka,Bangladesh,,Bangladesh NGO Affairs Bureau - Local NGO List (up to 19 August 2026)
Association for Rights & Peace,2909,"Raniganj Bazar Road, Dinajpur. Phone: 01793-2254874",2014-12-30,2019-12-30,2029-12-29,Dinajpur,Bangladesh,,Bangladesh NGO Affairs Bureau - Local NGO List (up to 19 August 2026)
Association for Rural Advancement in Bangladesh(ARAB),1205,"Bautha Road, Manikganj Town, Manikganj. Phone: 0651-61264, Fax: 0651-62086",1997-10-23,2017-10-23,2027-10-23,Manikganj,Bangladesh,,Bangladesh NGO Affairs Bureau - Local NGO List (up to 19 August 2026)
Association for Rural Development (ARD),0887,"Patil Bari Road, Narsingdi Phone : 63465",1995-01-09,2005-01-09,2010-01-09,Narsingdhi,Bangladesh,,Bangladesh NGO Affairs Bureau - Local NGO List (up to 19 August 2026)
Association for Rural Development (ARD) Gazipur,1323,"House-151, Block-C, South Chayabithi, Dist: Gazipur-1700 Phone : 9262446, 01819237065, Web:www.ardbd.org",1998-12-15,2013-12-15,2018-12-15,Gazipur,Bangladesh,"Cancelled on 25/10/2010, Revived on 26/01/2015",Bangladesh NGO Affairs Bureau - Local NGO List (up to 19 August 2026)
Association for Rural Distress People (ARDP),2355,"79 Middle Pirerbag, Mirpur, Dhaka-1216. Phone: 8012628",2008-05-05,2013-05-05,2018-05-05,Dhaka,Bangladesh,,Bangladesh NGO Affairs Bureau - Local NGO List (up to 19 August 2026)
Association for Rural Peoples Advancement (ARPA),2908,"Vill: Kamardiar, PO: Natore, Dist: Natore Phone: 01712-270784 www.arpa.org.bd",2014-12-29,2019-12-29,2029-12-28,Natore,Bangladesh,,Bangladesh NGO Affairs Bureau - Local NGO List (up to 19 August 2026)
Association for Rural Poor,1703,"1074, Karam Patty, P.O.: Kishorganj, Dist: Kishorganj. Phone: 01711-383828",2001-11-27,2016-11-27,2026-11-27,Kishorganj,Bangladesh,,Bangladesh NGO Affairs Bureau - Local NGO List (up to 19 August 2026)
Association for Sanitation and Economic Development,2062,"206/1/Gha, Ahmed Nagar (3rd Floor), Paikpara, Mirpur-1, Dhaka-1216.",2006-01-25,2011-01-25,2016-01-25,Dhaka,Bangladesh,,Bangladesh NGO Affairs Bureau - Local NGO List (up to 19 August 2026)
Association for Social Action and Improvment (ASAI),1891,"Chottor Noyapara (Salna Road), Shimultoli, Sadar, Gazipur-1703 Phone: 9204821, Fax: 9204821",2003-12-07,2013-12-06,2018-12-06,Gazipur,Bangladesh,,Bangladesh NGO Affairs Bureau - Local NGO List (up to 19 August 2026)
Association for Social Advancement and Rural Rehabilitation (ASAR),2152,"House-4 (1st Floor), Road-1/B, Sector-09, Uttara Model Town, Dhaka-1230",2006-11-05,2016-11-05,2026-11-05,Dhaka,Bangladesh,,Bangladesh NGO Affairs Bureau - Local NGO List (up to 19 August 2026)
Association for Social Development of Bangladesh,3244,"10/E/1, Road-02, Tolarbagh, Mirpur-1, Dhaka-1216, Mob: 01715849474",2020-10-04,,2030-10-04,Dhaka,Bangladesh,,Bangladesh NGO Affairs Bureau - Local NGO List (up to 19 August 2026)
Association for Social Development Organisation (ASDO),1557,"Vill: Soverchar, PO: Gualerchar, UZ: Islampur, Dist: Jamalpur Phone: 01713-966357",2000-08-21,2020-08-21,2030-08-20,Jamalpur,Bangladesh,"Cancelled on 13/04/2010, Revived on 03/10/2011",Bangladesh NGO Affairs Bureau - Local NGO List (up to 19 August 2026)
Association for Social Economic Development(ASED),1075,"Noyapara, P.O. + Dist. Jamalpur.",1996-09-17,2006-09-17,2011-09-17,Jamalpur,Bangladesh,,Bangladesh NGO Affairs Bureau - Local NGO List (up to 19 August 2026)
Association for Social Organisation in Paharpur (ASOP),1469,"Vill: Ronahar, PO: A, Paharpur, UZ: Bodalgachi, Dist: Naogaon Phone: 01715-453060",2000-01-18,2015-01-18,2020-01-18,Naogaon,Bangladesh,,Bangladesh NGO Affairs Bureau - Local NGO List (up to 19 August 2026)
Association for Society Actual Development (ASAD),1696,"Chachkoir Bazar, Gurudaspur, Natore Phone: 07724-74357",2001-11-13,2011-11-13,2016-11-13,Natore,Bangladesh,,Bangladesh NGO Affairs Bureau - Local NGO List (up to 19 August 2026)
Association for Socio Economic Advancement of Bangladesh (ASEAB),0950,"Vill: Bharara, PO: Bhawbanga, UZ: Sadar, Pabna Phone: 0731-51453",1995-06-28,2020-06-28,2030-06-28,Pabna,Bangladesh,,Bangladesh NGO Affairs Bureau - Local NGO List (up to 19 August 2026)
Association for the Disabled Development (ADD),3076,"Katabari (Noni Gopal More), PO: Phulbari, Phulbari, Dinajpur Phone: 0532756458",2017-01-03,2022-01-03,2032-01-02,Dinajpur,Bangladesh,,Bangladesh NGO Affairs Bureau - Local NGO List (up to 19 August 2026)
Association for Underprivileged Peoples Education and Welfare Programme (AUPEWP),1692,"House-44, road-12, DIT Project Merul Badda, Dhaka-1212. Phone: 8836856",2001-11-04,2021-11-04,2031-11-03,Dhaka,Bangladesh,,Bangladesh NGO Affairs Bureau - Local NGO List (up to 19 August 2026)
Association for Village Advancement (AVA),0216,"11/A, Jahra Monjil, Mujte Sarak, Faridpur. Phone: 0631-64682/61437",1987-02-14,2022-02-14,2032-02-13,Faridpur,Bangladesh,,Bangladesh NGO Affairs Bureau - Local NGO List (up to 19 August 2026)
Association for Women Empowerment and Child Rights (AWAC),2182,"Rangunia College Road, Rangunia, Chattogram Phone: 031-251901, 2572396 www.awac-bd.org",2007-01-11,2022-01-11,2032-01-10,Chattogram,Bangladesh,,Bangladesh NGO Affairs Bureau - Local NGO List (up to 19 August 2026)
Association of Development Agencies in Bangladesh (ADAB),0113,"House-13/Ka (2nd Floor), Road,-02, Shyamoli, Dhaka-1207 Phone: 9126358",1981-01-17,2020-05-15,2030-05-15,Dhaka,Bangladesh,,Bangladesh NGO Affairs Bureau - Local NGO List (up to 19 August 2026)
Association of Development for Economic & Social Help (ADESH),0595,"House-Priya-5/2, Block-C, Anandapur City Love, Saver, Dhaka Phone :7745150, Fax: 7745150 Mobile :01713-000210 www.adesh.bd.org",1992-02-03,2022-02-03,2032-02-02,Dhaka,Bangladesh,,Bangladesh NGO Affairs Bureau - Local NGO List (up to 19 August 2026)
Association of Excellence Charity-Bangladesh,3144,"College Road (Kuwait Madrasha), Ward # 06, Borhanuddin Paurosava, Upazila: Borhanuddin, District: Bhola. Cell: 017957828725",2018-04-09,,2028-04-09,Bhola,Bangladesh,Name changed on 06/10/201,Bangladesh NGO Affairs Bureau - Local NGO List (up to 19 August 2026)
Association of Grassroots Women Entrypreneurs Bangladesh (AGWEB),2994,"BGIC Tower (7th Floor), 34, Topkhana Road, Dhaka, Phone: 9556443",2016-01-20,,2021-01-20,Dhaka,Bangladesh,9,Bangladesh NGO Affairs Bureau - Local NGO List (up to 19 August 2026)
Association of Human Development Program (AHDP),1853,"Jahangir Tower (7th Floor), 10, Kawran Bazar, Dhaka-1215.",2003-07-03,2013-07-03,2023-07-02,Dhaka,Bangladesh,,Bangladesh NGO Affairs Bureau - Local NGO List (up to 19 August 2026)
Association of Local Internal Vision Enlightenment (ALIVE),2331,"Ukilpara, Arappur, Jhenaidah-7300 Phone: 0451-61242 www.alvie.ngobd.goolepages.org",2008-04-07,2018-04-07,2028-04-07,Jhenaidah,Bangladesh,,Bangladesh NGO Affairs Bureau - Local NGO List (up to 19 August 2026)
Association of Voluntary Action for Society (AVAS),1600,"eAmVAaiSl: Barhoahbibadn@, Agmmira Kil.uctoirm Lane, Alekanda, Barisal-8200 Phone: 0431-2173131",2000-12-17,2020-12-17,2030-12-17,Barisal,Bangladesh,,Bangladesh NGO Affairs Bureau - Local NGO List (up to 19 August 2026)
Association of Workers For Alternative Rural Development (AWARD),1590,"House-19, Road-38, Block-C, Shahjalal Upashahr, Sylhet-3100 Phone: 01716-782719",2000-11-29,2020-11-29,2030-11-29,Sylhet,Bangladesh,"Cancelled on 13/04/2010, Revived on 18/01/2015",Bangladesh NGO Affairs Bureau - Local NGO List (up to 19 August 2026)
Association of Zonal Approach Development (AZAD),1083,"Salam Nagar, Uttar Rastar Para, Post: Khurushkul Sadar, Dist: Cox'sbazar. Phone: +8801712-112734, +88 01825-082965, +88 01784-302528,",1996-10-13,2021-10-13,2031-10-12,Cox'sBazar,Bangladesh,,Bangladesh NGO Affairs Bureau - Local NGO List (up to 19 August 2026)
Associationfor Disabled People,3575,"eHmomaiilo: azVaildla.n,goRcNox@Royaadh,ooB.ceojmpara, Jessore. Phone: 01713423306",2026-02-16,,2036-02-15,Jessore,Bangladesh,,Bangladesh NGO Affairs Bureau - Local NGO List (up to 19 August 2026)
ASTHA (An Association of Rural Development & Authentic Help),2530,"19, Girls School Road, Amlapara, Bagerhat. Phone: 0468-62880",2010-01-18,,2015-01-18,Bagerhat,Bangladesh,,Bangladesh NGO Affairs Bureau - Local NGO List (up to 19 August 2026)
Atma Biswas,0990,"Vill: Cinema Hall Para, P.P.: Chuadanga, UZ: Chudanga, Dist: Chuadanga. Phone: 0761-63828, Fax: 0761-63828",1995-11-16,2020-11-16,2030-11-15,Chuadanga,Bangladesh,,Bangladesh NGO Affairs Bureau - Local NGO List (up to 19 August 2026)
Atmanirvarshil Samaj Unnayan Protisthan (ASUP),0642,"wSawwwy.aatbmazaabris, wPa.Os..o Prgalima, Tangail",1992-07-30,2007-07-30,2012-07-30,Tangail,Bangladesh,,Bangladesh NGO Affairs Bureau - Local NGO List (up to 19 August 2026)
Attma Shahajjo Karmasuchi,2980,"Shahid Fazlu Sharak, Pirojpur Phone: 01717-008968",2015-11-04,2020-11-04,2030-11-03,Pirojpur,Bangladesh,,Bangladesh NGO Affairs Bureau - Local NGO List (up to 19 August 2026)
Aungkur Palli Unnayan Kendra,0711,"Vill. Sreenathdi, P.O. Datta Kendua, P.S. & Dist. Madaripur Phone: 01711-548762",1993-06-06,2018-06-06,2028-06-06,Madaripur,Bangladesh,,Bangladesh NGO Affairs Bureau - Local NGO List (up to 19 August 2026)
Aungon Mohila Sangstha,2974,"Vill: South Topkhola, PO & PS: Faridpur, Dist: Faridpur Phone: 01938-067078",2015-10-05,2020-10-05,2030-10-05,Faridpur,Bangladesh,,Bangladesh NGO Affairs Bureau - Local NGO List (up to 19 August 2026)
Austha Manabik Unnayan Kendra,2696,"48/13-A R.K. Mission Road, Dhaka. Phone: 01711-526865",2012-05-22,,2017-05-22,Dhaka,Bangladesh,,Bangladesh NGO Affairs Bureau - Local NGO List (up to 19 August 2026)
Ava Development Society,2557,"Gopalpur, P.O. Gopalpur, PS: Lalpur, Dist.: Natore Phone: 07725-75202 www.ava.org.bd",2010-04-04,2020-04-04,2030-04-04,Natore,Bangladesh,,Bangladesh NGO Affairs Bureau - Local NGO List (up to 19 August 2026)
Awaj Foundation,2363,"House-61/1 (3rd Floor), New Airport Road, Mohakhali, Dhaka-1212. Phone: 8834042",2008-05-22,2018-05-22,2028-05-22,Dhaka,Bangladesh,,Bangladesh NGO Affairs Bureau - Local NGO List (up to 19 August 2026)
Awareness Social Unique Society-ASUS,2599,"Vill: Bengozol, Post: Natore. UZ: Natore, Dist: Natore-6400 Phone: 01711-574420",2010-09-30,2020-09-30,2030-09-29,Natore,Bangladesh,,Bangladesh NGO Affairs Bureau - Local NGO List (up to 19 August 2026)
Ayesha Abed Foundation,0141,"75, BRAC Centre, Mohakhali C/A., Dhaka Phone : 9881265",1983-04-18,2016-05-15,2026-05-15,Dhaka,Bangladesh,,Bangladesh NGO Affairs Bureau - Local NGO List (up to 19 August 2026)
AYON,0558,"Thakurgaon Pourashava Bhabon, Thakurgaon Phone : 01714-383688",1991-11-12,2011-11-12,2016-11-12,Thakurgaon,Bangladesh,,Bangladesh NGO Affairs Bureau - Local NGO List (up to 19 August 2026)
Azad Unnayan Sangstha,2534,"Vill: Latabaria, P.O. Latabaria, Upazila+Dist.:Barguna. Phone: 01703-657936",2010-01-31,2020-01-31,2030-01-31,Barguna,Bangladesh,,Bangladesh NGO Affairs Bureau - Local NGO List (up to 19 August 2026)
B B Foundation,3025,"House-11, Road-4, Dhanmondi, Dhaka. PhoneL 01977-221120",2016-05-26,,2021-05-26,Dhaka,Bangladesh,,Bangladesh NGO Affairs Bureau - Local NGO List (up to 19 August 2026)
Badabon Sangho,3174,"Vill: Rakhalgachi, Post: C&B Bazar, UZ: Bagerhat Sadar, Dist: Bagerhat Mob: 01732396585",2018-12-03,,2028-12-03,Bagerhat,Bangladesh,,Bangladesh NGO Affairs Bureau - Local NGO List (up to 19 August 2026)
Badda Self Helf Centre,0311,"G.P. Cha-63/5, Uttar Badda, Badda, Dhaka-1212. Phone : 018-30995",1989-07-29,2004-07-27,2009-07-27,Dhaka,Bangladesh,,Bangladesh NGO Affairs Bureau - Local NGO List (up to 19 August 2026)
Badhon Manob Unnayan Sangstha,3508,"Badhon (BMUS), 42/50, Pach Dihghi Road, Dashani Traffic, Bagerhat Phone: 01711950380 email: badhon.milon@gmail.com",2025-10-21,,2035-10-20,Bagerhat,Bangladesh,,Bangladesh NGO Affairs Bureau - Local NGO List (up to 19 August 2026)
Badhu Mata Seba Samity,1071,"East Burgona Road, Barisal",1996-09-05,2001-09-05,2006-09-05,Barisal,Bangladesh,,Bangladesh NGO Affairs Bureau - Local NGO List (up to 19 August 2026)
Badiakhali Dustha Mata Mohila Samity,0865,"Vill: Taluk Rifaithpur, PO: Badiakhali, Gaibandhal. Phone: 01724-162319",1994-10-08,2019-10-08,2029-10-07,Gaibandha,Bangladesh,,Bangladesh NGO Affairs Bureau - Local NGO List (up to 19 August 2026)
Badiakhali Tran & Punorbasan Sangstha,2768,"Village: Refaithpur, PO: Badiakhali, Dist: Baibandha. Phone: 01713-002759",2013-02-27,2018-02-27,2028-02-27,Gaibandha,Bangladesh,,Bangladesh NGO Affairs Bureau - Local NGO List (up to 19 August 2026)
Baghni Nivedita Manchya,0757,"Bus Stand Road, Keshabpur, P.O.+Thana: Keshabpur, Jessore Phone: 04226, 56542, Fax: 04226-56561 01711-000612",1993-10-18,2018-10-18,2028-10-18,Jessore,Bangladesh,,Bangladesh NGO Affairs Bureau - Local NGO List (up to 19 August 2026)
Bahumukhi Desh Unnayan Sangsad,1715,"Baganbari More, Alengga, Kalihati, Tangail",2002-05-13,2022-03-13,2032-03-12,Tangail,Bangladesh,,Bangladesh NGO Affairs Bureau - Local NGO List (up to 19 August 2026)
Bahumukhi Unnayan Society,0279,"Vill. Nabagram, P.O. Shashikar, P.S. Kalkini, Dist: Madaripur Phone: 01711-425233",1988-11-29,2013-01-29,2018-01-29,Madaripur,Bangladesh,,Bangladesh NGO Affairs Bureau - Local NGO List (up to 19 August 2026)
Bakergonj Forum,2602,"BGF Center, Rahamganj, Bakerganj, Barisal Phone: 0438-74123",2010-10-11,2020-10-11,2030-10-11,Barisal,Bangladesh,,Bangladesh NGO Affairs Bureau - Local NGO List (up to 19 August 2026)
Bakultali Mohila Sangshad (BMS),3190,"Joymonirhat, Bhurungamari, Kurigram Mob: 01734685454",2019-02-17,,2029-02-17,Kurigram,Bangladesh,,Bangladesh NGO Affairs Bureau - Local NGO List (up to 19 August 2026)
BALAKA,0802,"Vill+PO: Enayetpur, Dist. Sirajgonj.",1994-02-13,2014-02-13,2019-02-13,Sirajganj,Bangladesh,,Bangladesh NGO Affairs Bureau - Local NGO List (up to 19 August 2026)
Balanced Economic & Social Development Association(BESDA),2731,"34, Baira, Mai Road, Sonadanga, Khulna. Phone: 0172729078",2012-09-24,,2017-09-24,Khulna,Bangladesh,,Bangladesh NGO Affairs Bureau - Local NGO List (up to 19 August 2026)
Balipara Nari Kallyan Samity (BNAS),1656,"Ujanipara, Bandarban Sadar, Bandarban. Phone: 0361-62944, 63179",2001-08-19,2021-08-19,2031-08-19,Bandarban,Bangladesh,,Bangladesh NGO Affairs Bureau - Local NGO List (up to 19 August 2026)
Banaful Social Welfare Organisation,0199,"Chowdhury Tower (1st Floor), Mohammadpur, Chattogram-4212 Phone: 031-652822, Fax: 031-2550727",1986-01-23,2020-05-15,2030-05-15,Chattogram,Bangladesh,,Bangladesh NGO Affairs Bureau - Local NGO List (up to 19 August 2026)
Banchte Chai Samaj Unnayan Samity,0700,"Vill+PO: Laxmipur, UZ: Atghoria, Pabna Phone: 0731-64935",1993-04-22,2018-12-22,2028-12-22,Pabna,Bangladesh,,Bangladesh NGO Affairs Bureau - Local NGO List (up to 19 August 2026)
Banchte Shekha (BS),0146,"Shaheed Mashiur Rahman Road, Arabpur, Jessore-7400 Phone: 0421-66436, Fax: 0421-68884 web: www.banchteshekha.org",1983-07-06,2020-05-15,2030-05-15,Jessore,Bangladesh,,Bangladesh NGO Affairs Bureau - Local NGO List (up to 19 August 2026)
Bandan Samaj Unnayan Sangstha,2790,"Hossainpur, J.B., Road, Sirajganj. Phone: 01715-549658",2013-05-30,2018-05-30,2028-05-30,Sirajganj,Bangladesh,,Bangladesh NGO Affairs Bureau - Local NGO List (up to 19 August 2026)
Bandan Society,2606,"Moksedpur, Dist: Kishorgonj. Phone: 01725-842587, 0941-61519",2010-11-01,2020-11-01,2030-11-01,Kishorganj,Bangladesh,,Bangladesh NGO Affairs Bureau - Local NGO List (up to 19 August 2026)
BandhanSocietyMohila Unnayan Kendro,3315,"H-102, Block-Ka, Road-4, PC CultureHousing Society,Shamoly, Dhaka. Phone: 01941545242",2022-09-11,,2032-09-10,Dhaka,Bangladesh,,Bangladesh NGO Affairs Bureau - Local NGO List (up to 19 August 2026)
"Bandhan, Noakhali",0166,"Vill: Sonapur, PO: Sonapur, Upazilla: Sadar, Dist: Noakhali-3802 Phone: 0321-61241",1984-04-22,2015-05-15,2020-05-15,Noakhali,Bangladesh,,Bangladesh NGO Affairs Bureau - Local NGO List (up to 19 August 2026)
Bandhon Manabik Kallyan Sangstha,3411,"House-303/E,Road-2,BaitulAman Housing Society, Adabor, Dahaka. Phone: 01323720020",2024-07-04,,2034-07-03,Dhaka,Bangladesh,,Bangladesh NGO Affairs Bureau - Local NGO List (up to 19 August 2026)
Bandhu Social Welfare Society,1225,"99 Kakrail, Dhaka-1000 Phone : 9339898, 9356868 Fax: 9330148 www.bandhu-bd.org",1997-12-11,2017-12-11,2027-12-11,Dhaka,Bangladesh,,Bangladesh NGO Affairs Bureau - Local NGO List (up to 19 August 2026)
Bangali Foundation,2526,"House-34, Road-1/A, Sector-17/H, Uttara, Dhaka-1230 Phone: 01901-641142 email: info@banglifoundation.org",2010-01-13,2020-01-13,2030-01-12,Dhaka,Bangladesh,,Bangladesh NGO Affairs Bureau - Local NGO List (up to 19 August 2026)
Bangla Hope,1973,"Vill: Hazrapur, Mazina, Panchbibi, Joypur. Phone: 01741-339765",2004-10-25,2019-10-25,2029-10-25,Joypurhat,Bangladesh,,Bangladesh NGO Affairs Bureau - Local NGO List (up to 19 August 2026)
Bangladesh Academy for Agriculture,1368,"11/8, Iqbal Road, Mohammadpur Dhaka",1999-04-13,2004-04-13,2009-04-13,Dhaka,Bangladesh,,Bangladesh NGO Affairs Bureau - Local NGO List (up to 19 August 2026)
Bangladesh Agricultural Working Peoples Association (BAWPA),0637,"1 Kagmari,Distr: Tangail. Phone: 01716379101",1992-07-28,2017-07-28,2027-07-28,Dhaka,Bangladesh,,Bangladesh NGO Affairs Bureau - Local NGO List (up to 19 August 2026)
Bangladesh Aids Prevention Society (BAPS),1753,"8/1, New Circular Road (1st Fl.), West Malibah, Dhaka-1000 Phone: 9344745",2002-10-28,2012-10-28,2017-10-28,Dhaka,Bangladesh,,Bangladesh NGO Affairs Bureau - Local NGO List (up to 19 August 2026)
Bangladesh Alliance for Social Equity Foundation,2987,"151/3, Monipuri Para (3rd Floor), Tejgaon, Dhaka Phone: 01766-684239",2015-11-12,,2020-11-12,Dhaka,Bangladesh,,Bangladesh NGO Affairs Bureau - Local NGO List (up to 19 August 2026)
Bangladesh Alliance for Women Leadership,2603,"The Reveee, Flat-C, House-11, Road-33, Gulshan, Dhaka. Phone: 985308, Fax: 9855306 www.bdawl.com",2010-10-12,2015-10-12,2020-10-12,Dhaka,Bangladesh,,Bangladesh NGO Affairs Bureau - Local NGO List (up to 19 August 2026)
Bangladesh Association for Community Education (BACE),0089,"50, Purana Polton Line, Dhaka Phone : 9355173, Fax: 9345173 www.bacebd.org",1981-04-22,2020-05-15,2030-05-15,Dhaka,Bangladesh,,Bangladesh NGO Affairs Bureau - Local NGO List (up to 19 August 2026)
Bangladesh Association for Intensive Development (BDAID),3273,"1/F, Paribag, Shahbag, Dhaka.",2021-05-17,,2031-05-17,Dhaka,Bangladesh,,Bangladesh NGO Affairs Bureau - Local NGO List (up to 19 August 2026)
Bangladesh Association for Maternal & Neonatal Health (BAMANEH),0116,"13/3, Shyamoli, Road-2, Dhaka-1207 Phone: 9111168",1982-01-14,2020-05-15,2030-05-15,Dhaka,Bangladesh,,Bangladesh NGO Affairs Bureau - Local NGO List (up to 19 August 2026)
Bangladesh Association for Sustainable Development,0886,"110- Monipuripara (1st Floor), Tejgaon, Dhaka-1215. Phone: 9102326, Fax: 9102324 website: basdbd.org",1995-01-09,2020-01-09,2030-01-09,Dhaka,Bangladesh,,Bangladesh NGO Affairs Bureau - Local NGO List (up to 19 August 2026)
Bangladesh Association for the Aged & Institute of Geriatric Medicine,0429,"Agargaon, Sher-e-Bangla Nagar, Dhaka",1991-01-09,,1996-01-09,Dhaka,Bangladesh,,Bangladesh NGO Affairs Bureau - Local NGO List (up to 19 August 2026)
Bangladesh Association of Women for Self Empowerment(BAWSE),1349,"322/2 North Goran, Shipahibagh, Dhaka-1219 Phone: 7210627",1999-02-17,2014-02-17,2019-02-17,Dhaka,Bangladesh,,Bangladesh NGO Affairs Bureau - Local NGO List (up to 19 August 2026)
Bangladesh Auxiliary Services for Social Advancement (BASSA),0824,"45/D, Senpara Parbata, Mirpur-10, Dhaka-1216 Phone: 8031425, Fax: 8033152 www.bassabd.org",1994-04-06,2019-04-06,2029-04-05,Dhaka,Bangladesh,,Bangladesh NGO Affairs Bureau - Local NGO List (up to 19 August 2026)
Bangladesh Bible Society,0054,"390, New Eskaton Road, Dhaka Phone : 8314459, 9332726 Fax: 8312996",1981-04-22,2020-05-15,2030-05-14,Dhaka,Bangladesh,,Bangladesh NGO Affairs Bureau - Local NGO List (up to 19 August 2026)
Bangladesh Birth Control & Family Welfare Association,0186,"12/1, Chamelibag, Shahjalal Manzil, Shantinagar, Dhaka Phone : 9339129",1985-11-20,2012-11-20,2022-11-20,Dhaka,Bangladesh,,Bangladesh NGO Affairs Bureau - Local NGO List (up to 19 August 2026)
Bangladesh Blind Mission,0858,"House-1292, Vill: Sonakhali, PO: Anghergora, UZ: Bhaluka, Mymensingh Phone: 01714-328086",1994-09-25,2019-09-26,2029-09-25,Dhaka,Bangladesh,,Bangladesh NGO Affairs Bureau - Local NGO List (up to 19 August 2026)
Bangladesh Bondhu Foundation,3068,"8/12, Block-B, Lalmatia, Mohalmmadpur, Dhaka Phone: 018733104100",2017-01-02,,2022-01-02,Dhaka,Bangladesh,,Bangladesh NGO Affairs Bureau - Local NGO List (up to 19 August 2026)
Bangladesh Breast Cancer Awareness Society,3121,"House-5, Block-D, Section-2, Housing Estate, Comilla, Tel: 080-68243",2017-12-18,,2027-12-18,Comilla,Bangladesh,,Bangladesh NGO Affairs Bureau - Local NGO List (up to 19 August 2026)
Bangladesh Brestfeeding Foundation,1092,"IPH Building Room No. 197-200 (Gr. Floor), Mohakhali, Dhaka Phone: 8831134 www.bbf-bd.org",1996-10-30,2021-10-30,2031-10-29,Dhaka,Bangladesh,,Bangladesh NGO Affairs Bureau - Local NGO List (up to 19 August 2026)
Bangladesh Buddhist Missionary Society,0223,"P.O. & Vill. Betagi, Rangunia, Chattogram Phone: 031-671345 fax: 031-610098",1987-07-15,2017-07-15,2027-07-15,Chattogram,Bangladesh,,Bangladesh NGO Affairs Bureau - Local NGO List (up to 19 August 2026)
Bangladesh Business and Disability Network,3364,"Chamber Building: 122-124 Motijheel, C/A, Dhaka Phone: 01714562589 email: info@bbdn.com.bd",2023-07-17,,2033-07-16,Dhaka,Bangladesh,,Bangladesh NGO Affairs Bureau - Local NGO List (up to 19 August 2026)
Bangladesh Center for Advance Studies,1057,"House-10, Road-16/A, Gulshan-1, Dhaka. Phone: 8818124-27, Fax: 8852904 web: www.bcas.net",1996-08-18,2021-08-18,2031-08-17,Dhaka,Bangladesh,,Bangladesh NGO Affairs Bureau - Local NGO List (up to 19 August 2026)
Bangladesh Center for Workers Solidarity (BCWS),2807,"House-446 (Gr. Fl.), Rampura, Dhaka. Phone: 7282025",2013-08-13,2018-08-13,2028-08-13,Dhaka,Bangladesh,,Bangladesh NGO Affairs Bureau - Local NGO List (up to 19 August 2026)
Bangladesh Centre for Communication Programs (BCCP),1146,"House-08, Road-03, Block-A, Section-11, Mirpur, Dhaka-1216 Phone: 9893362, 9891354, Fax: 8854512 www.bangladesh-ccp.org",1997-03-22,2022-03-22,2032-03-21,Dhaka,Bangladesh,,Bangladesh NGO Affairs Bureau - Local NGO List (up to 19 August 2026)
Bangladesh Centre for Development Journalism & Communication,0801,"65, Mymensingh Lane (4th Floor), Bangla Motor, Dhaka-1000 Phone : 8620539, 9669107 Web: www.bcdjc.com",1994-02-16,2014-02-16,2019-02-16,Dhaka,Bangladesh,,Bangladesh NGO Affairs Bureau - Local NGO List (up to 19 August 2026)
Bangladesh Centre for Development Program,2777,"House-322, Biswa Road, Arambagh, Chapainababganj. 01716-730704",2013-03-28,,2018-03-28,Chapainababg anj,Bangladesh,,Bangladesh NGO Affairs Bureau - Local NGO List (up to 19 August 2026)
Bangladesh Charitable Society,3527,"Sector-13,Road-20,House-07,3rd Floor, Uttara, Dhaka. Phone: 01766622265 email: bcsociety2019@gmail.com",2025-11-13,,2035-11-12,Dhaka,Bangladesh,,Bangladesh NGO Affairs Bureau - Local NGO List (up to 19 August 2026)
Bangladesh Chashi Kallyan Samity,1997,"House-14, Main Road (3rd Floor), Block-C, Banasree, Rampura, Dhaka-1219",2005-01-11,2015-01-11,2020-01-11,Dhaka,Bangladesh,,Bangladesh NGO Affairs Bureau - Local NGO List (up to 19 August 2026)
Bangladesh China Foundation for Future,3153,"HR Bhaban, 26/1, Kakrail, Dhaka. Phone: 01671148349",2018-06-11,2018-06-11,2028-06-11,Dhaka,Bangladesh,,Bangladesh NGO Affairs Bureau - Local NGO List (up to 19 August 2026)
Bangladesh Daridra Bimochan Sangstha,2984,"PO & Upazila: Charfashion, Bhola Phone: 01716-194593",2015-11-10,2020-11-10,2030-11-10,Bhola,Bangladesh,,Bangladesh NGO Affairs Bureau - Local NGO List (up to 19 August 2026)
Bangladesh Deenia Education Trust,3385,"DeeniaBhaban,Block-E,House-9, Main Road, South Banasree, Khilgaon, Dhaka Phone: 01834896752 email:",2023-10-30,,2033-10-29,Dhaka,Bangladesh,,Bangladesh NGO Affairs Bureau - Local NGO List (up to 19 August 2026)
Bangladesh Development Partnership Centre (BDPC),0946,"d1e9e/Knam, oPhisacmicmuletudr1e2, 3R@inggm Radil,. com Dhaka. Phone : 9119624",1995-06-20,2005-06-20,2010-06-20,Dhaka,Bangladesh,,Bangladesh NGO Affairs Bureau - Local NGO List (up to 19 August 2026)
Bangladesh Development Service Centre,0139,"House # 298, Road # 2, Baitul Aman Housing Society, Adabor, Dhaka. Phone : 8121826, 8127226 Cell: 0171218661",1983-02-03,2020-05-15,2030-05-15,Dhaka,Bangladesh,,Bangladesh NGO Affairs Bureau - Local NGO List (up to 19 August 2026)
Bangladesh Development Society (BDS),0172,"BDS Bhaban, 5 Sadar Road, Barisal-8200 Phone: 0431-64620",1984-11-19,2020-05-15,2030-05-15,Barisal,Bangladesh,,Bangladesh NGO Affairs Bureau - Local NGO List (up to 19 August 2026)
Bangladesh Dev-Tec Associates,1586,"House-67C, Road-11, Block-E, Banani Model Town, Dhaka Phone : 8819918",2000-11-26,2005-11-26,2010-11-26,Dhaka,Bangladesh,,Bangladesh NGO Affairs Bureau - Local NGO List (up to 19 August 2026)
Bangladesh Disabled Development Trust-BDDT,2429,"House-3(G.F.), Popular Housing#2, Barabagh, Mirpur-2, Dhaka-1216. Phone: 01819-116055, 8501563 www.bddt.org",2009-04-28,2019-04-28,2029-04-28,Dhaka,Bangladesh,,Bangladesh NGO Affairs Bureau - Local NGO List (up to 19 August 2026)
Bangladesh Disaster Preparedness Center,1043,"House-15/A, Road-08, Gulshan, Dhaka-1212 Phone: 9862169, Fax: 9862169 www.bdpc.org.bd",1996-05-27,2021-05-27,2031-05-27,Dhaka,Bangladesh,,Bangladesh NGO Affairs Bureau - Local NGO List (up to 19 August 2026)
Bangladesh Dynamic Society,2145,"11, Lake Circus Girls School Road, North Dhanmondi, Kalabagan, Dhaka-1205",2006-10-10,,2011-10-10,Dhaka,Bangladesh,,Bangladesh NGO Affairs Bureau - Local NGO List (up to 19 August 2026)
Bangladesh Education & Technology Society,2703,"69, Outer Circular Road, Baro Moghbazer, Dhaka. Phone: 01761-866234",2012-05-28,2017-05-28,2027-05-28,Dhaka,Bangladesh,,Bangladesh NGO Affairs Bureau - Local NGO List (up to 19 August 2026)
Bangladesh Environment & Development Society (BEDS),2784,"House-83/3, Hazi Ismail Road, Banorgati, Khulna Phone: 01712-868004",2013-05-02,2018-05-02,2028-05-02,Khulna,Bangladesh,,Bangladesh NGO Affairs Bureau - Local NGO List (up to 19 August 2026)
Bangladesh Environmental Lawyers Association (BELA),0713,"House-15/A, Road-3, Dhanmondi R/A, Dhaka. Phone :8614283, Fax: 8612957 www.belabangla.org",1993-06-13,2018-06-13,2028-06-13,Dhaka,Bangladesh,,Bangladesh NGO Affairs Bureau - Local NGO List (up to 19 August 2026)
Bangladesh Extension Education Service (BEES),0527,"Eastern Road, Lane-02, New DOHS, Mohakhali, Dhaka-1206. Phone: 9889732, Fax: 9891579 www.bees_bd.org",1991-08-26,2021-08-26,2031-08-25,Dhaka,Bangladesh,,Bangladesh NGO Affairs Bureau - Local NGO List (up to 19 August 2026)
Bangladesh Eye Care Society,0677,"125/3, Darus Salam Road, Mirpur, Dhaka. Phone: 8034341",1993-01-19,2013-01-19,2023-01-19,Dhaka,Bangladesh,,Bangladesh NGO Affairs Bureau - Local NGO List (up to 19 August 2026)
Bangladesh Fellowship Foundation,2717,"32 Mallika Housing Society, Dhaka Phone: 8052660",2012-07-12,2017-07-12,2027-07-12,Dhaka,Bangladesh,,Bangladesh NGO Affairs Bureau - Local NGO List (up to 19 August 2026)
Bangladesh Female Academy,2634,"Derai, Sunamganj. Phone: 71659800",2011-04-06,2026-06-04,2036-05-04,Sunamganj,Bangladesh,,Bangladesh NGO Affairs Bureau - Local NGO List (up to 19 August 2026)
Bangladesh Freedom Foundation,1257,"Level-5, 6/5 A, Sir Syed Road, Mohammadpur, Dhaka, Phone: 8113258, 01711-007941-2",1998-04-20,2018-04-20,2028-04-20,Dhaka,Bangladesh,,Bangladesh NGO Affairs Bureau - Local NGO List (up to 19 August 2026)
Bangladesh Friendship Education Society (BFES),0819,"11/8 Iqbal Road, Mohammadpur, Dhaka. Phone : 9124659, 9116938 www.bfes.net",1994-03-10,2019-03-10,2029-03-10,Dhaka,Bangladesh,,Bangladesh NGO Affairs Bureau - Local NGO List (up to 19 August 2026)
Bangladesh Gram Bikash Sangstha,1438,"House-188, SM, College Road, Sadar, Magura-7600 Phone: 01711-521879",1999-10-19,2014-10-19,2019-10-19,Magura,Bangladesh,,Bangladesh NGO Affairs Bureau - Local NGO List (up to 19 August 2026)
Bangladesh Helpless Assistance Rural Organisation For Social Advancement (BHAROSA),1552,"657/B, Boro Moghbazar, Gabtola, Dhaka-1217 Phone: 01191-510405",2000-08-09,2010-08-14,2015-08-14,Natore,Bangladesh,,Bangladesh NGO Affairs Bureau - Local NGO List (up to 19 August 2026)
Bangladesh Hospital Trust,1239,"Cha-672, North Badda, Badda, Dhaka. Phone : 9887672",1998-02-23,2008-02-23,2013-02-23,Dhaka,Bangladesh,,Bangladesh NGO Affairs Bureau - Local NGO List (up to 19 August 2026)
Bangladesh Human Rights & Resources Development Society,2793,"House-35 (New), Road-15 (New), Old-28, Dhanmondi, Dhaka. Phone: 01721-789521",2013-06-10,,2018-06-10,Dhaka,Bangladesh,,Bangladesh NGO Affairs Bureau - Local NGO List (up to 19 August 2026)
Bangladesh Human Rights Foundation,3089,"270/B Tejgaon Industrial Area, Tejgaon, Dhaka. Phone: 01759108313",2017-04-16,2022-04-16,2032-04-15,Dhaka,Bangladesh,,Bangladesh NGO Affairs Bureau - Local NGO List (up to 19 August 2026)
Bangladesh Ideal Youth Development Centre (BIYDC),1947,"Alinagar (Near Sanddya Cinema Hall), Chapainababgonj. Phone: 0781-61933, 0781-51325",2004-07-21,2014-07-21,2019-07-21,Chapainababg anj,Bangladesh,,Bangladesh NGO Affairs Bureau - Local NGO List (up to 19 August 2026)
Bangladesh Ignight Youth Society (BIYS),2088,"Shibtola, Post+Dist.: Chapainobabgonj. Phone: 0781-56168",2006-04-12,2021-04-12,2031-04-12,Chapainababg anj,Bangladesh,,Bangladesh NGO Affairs Bureau - Local NGO List (up to 19 August 2026)
Bangladesh Institute of Apiculture (BIA),0168,"13A/7A, Babar Road, Block-B, Mohammadpur, Dhaka. Phone : 9111585",1984-07-31,2020-05-15,2030-05-15,Dhaka,Bangladesh,,Bangladesh NGO Affairs Bureau - Local NGO List (up to 19 August 2026)
Bangladesh Institute of Folklour and Community Development (BIFCD),3324,"Ishwardi Road, Sadar, Kushtia. Phone: 01713312116",2022-09-20,,2032-09-19,Kustia,Bangladesh,,Bangladesh NGO Affairs Bureau - Local NGO List (up to 19 August 2026)
Bangladesh Institute of Governance and Management (BIGM),2125,"63, New Eskaton Road, Dhaka.",2006-08-21,2016-08-21,2026-08-21,Dhaka,Bangladesh,Name change 23.04.2019,Bangladesh NGO Affairs Bureau - Local NGO List (up to 19 August 2026)
Bangladesh Institute of Islamic Thought (BIIT),1049,"House-04, Road-02, Section-09, Uttara Model Town, Dhaka. Phone: 8950227, 711471, Fax: 8950227 Cell: 01554-357066",1996-06-30,2021-06-30,2031-06-29,Dhaka,Bangladesh,,Bangladesh NGO Affairs Bureau - Local NGO List (up to 19 August 2026)
Bangladesh Institute of Labour Studies (BILS),1198,"wHwouws.eb-i2iit0b(d3.rodr gFl.), Road-11 (New), 32 (Old), Dhanmondi R/A, Dhaka-1209 Phone: 9143236, Fax: 8114820 www.bills-bd.org",1997-10-14,2017-10-14,2027-10-14,Dhaka,Bangladesh,,Bangladesh NGO Affairs Bureau - Local NGO List (up to 19 August 2026)
Bangladesh Institute of Research and Development(BIRD),1928,"Miahbari, Fishery Gate Primary School Road, Chandpur. Phone: 0841-66406",2004-05-10,2019-05-10,2029-05-10,Chandpur,Bangladesh,,Bangladesh NGO Affairs Bureau - Local NGO List (up to 19 August 2026)
Bangladesh Institute of Theater Arts (BITA),0873,"753 Mehedibagh, Chattogram Phone: 031-618562 www.bita-bd.org",1994-12-12,2019-12-12,2029-12-12,Chattogram,Bangladesh,,Bangladesh NGO Affairs Bureau - Local NGO List (up to 19 August 2026)
Bangladesh Integrated Rural Based Association (BIRBA),1033,"Bashati Rainbow, House-53, Road-01, Block-1, Banani, Dhaka Phone: 01711-693788",1996-05-04,2016-05-04,2026-05-04,Dhaka,Bangladesh,"Cancelled on 12/04/2010, Revived on 19/10/2015",Bangladesh NGO Affairs Bureau - Local NGO List (up to 19 August 2026)
Bangladesh Integrated Social Advancement Program (BISAP),0659,"House-193, Road-8, Block-B, Chandgaon R/A, Chattogram Phone : 2571315, Fax: 610029 www.bisapbd.org",1992-10-22,2017-10-22,2027-10-22,Chattogram,Bangladesh,,Bangladesh NGO Affairs Bureau - Local NGO List (up to 19 August 2026)
Bangladesh janakallyan Society,3135,"110/Hatband, Baralekha, Moulvibazar",2018-01-22,,2028-01-22,Moulavibazar,Bangladesh,,Bangladesh NGO Affairs Bureau - Local NGO List (up to 19 August 2026)
"Bangladesh Jatio Andha Kallyan Samity, Comilla",0891,"Shankorpur, Alekharchar (Bishwa Road), Comilla-3500 Phone: 081-68004",1995-01-28,2020-01-23,2030-01-23,Comilla,Bangladesh,,Bangladesh NGO Affairs Bureau - Local NGO List (up to 19 August 2026)
Bangladesh Jatiyatabadi Kallyan Parishad.,1793,"102, Kazi Nazrul Islam Avenue, BSEC Bhaban (8th floor), Kawran Bazar, Dhaka.",2003-03-02,,2008-03-02,Dhaka,Bangladesh,,Bangladesh NGO Affairs Bureau - Local NGO List (up to 19 August 2026)
Bangladesh Jatiyo Mohila Ainjibi Samity,0506,"Monico Mina Tower, 48/3 West Agargaon, Sher-E-Bangla Nagar, Dhaka-1207 Phone: 8112858, 01911343402 Fax: 8112858, 8123060",1991-07-30,2021-07-30,2031-07-29,Dhaka,Bangladesh,,Bangladesh NGO Affairs Bureau - Local NGO List (up to 19 August 2026)
Bangladesh Labour Foundation,2663,"wF.w Hwo.bqnuwe lTao.owrge.rb, dLevel-7, 107 Beer Uttam C.R. Datta Road, Dhaka. Phone: 9673851 www.blf-bd.org",2011-11-20,2021-11-20,2031-11-19,Dhaka,Bangladesh,Name change 16.01.2019,Bangladesh NGO Affairs Bureau - Local NGO List (up to 19 August 2026)
Bangladesh Labour Research Institute,2174,"57/2, Lake Circus, Kalabagan, Dhaka. Phone: 01911727705, Email: mhrana1757@gmail.com",2006-12-17,2016-12-17,2021-12-17,Dhaka,Bangladesh,,Bangladesh NGO Affairs Bureau - Local NGO List (up to 19 August 2026)
"Bangladesh Legal Aid and Services Trust, The",0786,"1/1, Pioneer Road, Kakrail, YMCA Development Centre (3rd Fl.), Dhaka-1000 Phone: 8391970, Fax: 8391973",1993-12-19,2018-12-19,2028-12-19,Dhaka,Bangladesh,,Bangladesh NGO Affairs Bureau - Local NGO List (up to 19 August 2026)
Bangladesh Manabadhikar Samannoy Parishad,0440,"Meri Homs, 730/A, West Kazipara, Mirpur, Dhaka-1216 Phone : 9125270, 01718-421203",1991-02-06,2001-02-06,2031-02-05,Dhaka,Bangladesh,,Bangladesh NGO Affairs Bureau - Local NGO List (up to 19 August 2026)
Bangladesh Mannobadikhar Sangbadik Forum,2449,"House-706, Road-11, Baitul Aman Housing Society, Adabor, Dhaka-1207 Phone: 9141462, Fax: 8141837",2009-06-01,2019-06-01,2029-05-30,Dhaka,Bangladesh,,Bangladesh NGO Affairs Bureau - Local NGO List (up to 19 August 2026)
Bangladesh Maobadhiker O Paribesh Andolon,2941,"Flat-B(3), Total Barnali 2/F/2, Mymensingh Road, Shahbagh, Dhaka Phone: 01771-202776",2015-07-23,,2020-07-23,Dhaka,Bangladesh,,Bangladesh NGO Affairs Bureau - Local NGO List (up to 19 August 2026)
Bangladesh Marma Buddisht Association (BMBA),1298,"8A/A, Tajmohal Road, Mohammadpur, Dhaka, Phone : 8113483",1998-10-22,2008-10-22,2013-10-22,Dhaka,Bangladesh,,Bangladesh NGO Affairs Bureau - Local NGO List (up to 19 August 2026)
Bangladesh Masjid Mission,0656,"Central Mosque Kataban, New Elephent Road, Dhaka Phone : 503806",1992-10-10,2007-10-10,2012-10-10,Dhaka,Bangladesh,,Bangladesh NGO Affairs Bureau - Local NGO List (up to 19 August 2026)
Bangladesh Migrant Welfare Organization,2379,"260/3 East Rampura, Dhaka-1219 Phone: 01917-617098",2008-07-22,2013-07-22,2018-07-22,Dhaka,Bangladesh,,Bangladesh NGO Affairs Bureau - Local NGO List (up to 19 August 2026)
Bangladesh Mohila Parishad,0669,"Sufia Kamal Bhaban, 10/B/1, Segunbagicha, Dhaka Phone : 7169701, Fax: 9563529 www.mahilaparishad.org",1992-11-29,2017-11-29,2027-11-29,Dhaka,Bangladesh,,Bangladesh NGO Affairs Bureau - Local NGO List (up to 19 August 2026)
Bangladesh Mohila Samity,0501,"4, Natok Sarani, Baily Road, Dhaka Phone : 9337050",1991-07-18,2016-07-18,2026-07-18,Dhaka,Bangladesh,,Bangladesh NGO Affairs Bureau - Local NGO List (up to 19 August 2026)
Bangladesh Mohila Sangha Narayanganj,1195,"126/11, Uttar Chashara, Chandmari, Narayanganj Phone : 9712875",1997-10-06,2007-10-06,2012-10-06,Narayanganj,Bangladesh,,Bangladesh NGO Affairs Bureau - Local NGO List (up to 19 August 2026)
Bangladesh Mohila Unnayan Samity,1211,"Dapunia, Gouripur, Mymensingh Phone : 09024-56100 Mobile: 01711-350196",1997-11-06,2017-11-06,2027-11-06,Mymensingh,Bangladesh,,Bangladesh NGO Affairs Bureau - Local NGO List (up to 19 August 2026)
Bangladesh Mohila Unnayan Sangstha (BAMUS),2302,"Vill.: Karigram (New Gohati), Post: Ratangonj, District: Narail",2008-01-31,,2013-01-31,Narail,Bangladesh,,Bangladesh NGO Affairs Bureau - Local NGO List (up to 19 August 2026)
Bangladesh Nari Progati Sangha,0271,"Kolpona Sundor, 13/14, Babor Road, Block-B, Mohammadpur Housing Estate, Dhaka. Phone : 8111323, 8124899 Fax: 9120633",1988-09-29,2018-09-29,2028-09-29,Dhaka,Bangladesh,,Bangladesh NGO Affairs Bureau - Local NGO List (up to 19 August 2026)
Bangladesh Nari Sramik Kendra (BNSK),3293,"35/17, Shyamoli, Road-4, Flat-4/A, Dhaka Phone: 01715155198 email: bnskbd@ggmail.com",2022-05-22,,2032-05-21,Dhaka,Bangladesh,,Bangladesh NGO Affairs Bureau - Local NGO List (up to 19 August 2026)
Bangladesh National Society for the Blind (BNSB),0065,"P.O. Box - 729, Pahartali, Chattogram. Phone : 031-659017 www.ctgeyeinfimary.info",1981-04-22,2020-05-15,2030-05-15,Chattogram,Bangladesh,,Bangladesh NGO Affairs Bureau - Local NGO List (up to 19 August 2026)
Bangladesh Nature Foundation,2829,"Kuhinoor Villa, Village: Pathi Villa, PO: Gorakgata, Maheshkhali, Cox'sBazar Phone: 01712-216699",2013-11-03,,2018-11-03,Cox'sBazar,Bangladesh,,Bangladesh NGO Affairs Bureau - Local NGO List (up to 19 August 2026)
Bangladesh Nazarene Mission,0846,"House-16, Road-14, Sector-12, Uttara, Dhaka Phone: 7920184, fax: 7920184 www.nazarenebd.org",1994-08-08,2019-08-08,2029-08-08,Dhaka,Bangladesh,,Bangladesh NGO Affairs Bureau - Local NGO List (up to 19 August 2026)
Bangladesh NGOs Network for Radio and Communication (BNNRC),2023,"House-13/1, Road-2, Shamoly, Dhaka-1207 phone: 9130750, 9138501, 01711881647 Fax: 02-9138501-105",2005-03-30,2020-03-30,2030-03-30,Dhaka,Bangladesh,,Bangladesh NGO Affairs Bureau - Local NGO List (up to 19 August 2026)
"Bangladesh Occupational Health, Safety and Environment Foundation",2134,"House-19, Lane-01, Block-A, Section-06, Mirpur, Dhaka-1216",2006-09-21,2021-09-21,2031-09-20,Dhaka,Bangladesh,,Bangladesh NGO Affairs Bureau - Local NGO List (up to 19 August 2026)
Bangladesh Organation for Social Service (BOSS),0844,"Vill. Dwip Char, Post Char Ashutampur, Thana: Pabna, Dist. Pabna. Phone: 0731-53045.",1994-08-02,2009-08-02,2014-08-02,Pabna,Bangladesh,,Bangladesh NGO Affairs Bureau - Local NGO List (up to 19 August 2026)
Bangladesh Organisation for Disabled Advancement (BODA),1407,"Plot-01, Road-03, Block-D, Section-02, Mirpur, Dhaka. Phone: 8054832, 8058725 Fax: 8010667 www.bodain.org",1999-08-10,2009-08-10,2014-08-10,Dhaka,Bangladesh,,Bangladesh NGO Affairs Bureau - Local NGO List (up to 19 August 2026)
Bangladesh Ovibashi Mohila Sramik Association,1920,"132, Darus Salam (3rd Fl.), Mirpur, Dhaka Phone: 8091560, Fax: 8091559",2004-04-13,2019-04-13,2029-04-13,Dhaka,Bangladesh,,Bangladesh NGO Affairs Bureau - Local NGO List (up to 19 August 2026)
Bangladesh Peace and Development Mission,2585,"House-19, Road-30, Rupnagar, Mirpur, Dhaka-1216. Phone: 8035758 www: bpdmbangladesh.org",2010-07-01,2020-07-01,2030-07-01,Dhaka,Bangladesh,,Bangladesh NGO Affairs Bureau - Local NGO List (up to 19 August 2026)
Bangladesh Pediatric Association,3125,"7/3-C, Barobagh, Section-2, Mirpur, Dhaka-1216, Tel: 01716309478",2017-12-27,,2027-12-27,Dhaka,Bangladesh,,Bangladesh NGO Affairs Bureau - Local NGO List (up to 19 August 2026)
Bangladesh Poor Women Development Association (BPWDA),1616,"724, Shayorapara, Mirpur, Dhaka-1216 Phone : 8052681, 9020189",2001-01-03,2021-01-30,2031-01-29,Dhaka,Bangladesh,,Bangladesh NGO Affairs Bureau - Local NGO List (up to 19 August 2026)
Bangladesh Population Crisis Committee,0360,"79/1-D, Distrilary Road, Gandaria, Dhaka-1204 Phone: 01716586056 email: bpccdhaka@gmail.com",1990-02-22,2020-02-22,2030-02-21,Dhaka,Bangladesh,,Bangladesh NGO Affairs Bureau - Local NGO List (up to 19 August 2026)
Bangladesh Poush,0587,"11/8, Iqbal Road, Block-A, Mohammadpur, Dhaka-1207 Phone: 028117948 www.bdpoush.org",1992-11-01,2022-01-11,2032-01-10,Dhaka,Bangladesh,,Bangladesh NGO Affairs Bureau - Local NGO List (up to 19 August 2026)
Bangladesh Pratibandi Kalyan Somity (BPKS),0362,"BPKS Complex, Dakkhin Khan, Uttara, Dhaka. Phone : 8923915, 8960077 Fax: 8960078 www.bpksbd.org",1990-03-03,2020-03-03,2030-03-03,Dhaka,Bangladesh,,Bangladesh NGO Affairs Bureau - Local NGO List (up to 19 August 2026)
Bangladesh Progoti Sangstha (BPS),0350,"Vill & P.O: Tarash, Sirajganj. Phone: 07528-56242",1990-01-30,2025-01-30,2035-01-29,Sirajganj,Bangladesh,,Bangladesh NGO Affairs Bureau - Local NGO List (up to 19 August 2026)
Bangladesh Protibandhi Foundations,0189,"6, Borobag, Mirpur-2, Dhaka-1216 Phone: 8023690",1985-11-20,2020-11-20,2030-11-19,Dhaka,Bangladesh,,Bangladesh NGO Affairs Bureau - Local NGO List (up to 19 August 2026)
Bangladesh Protibandhi Unnayan Sangstha (BPUS),1617,"Post Code- 8240,Post+Upazila: Agailjhara, Dist. Barisal. Phone : 04323, 56359, Fax: 04323-56269 www.bpusbd.org",2001-01-03,2021-01-30,2031-01-30,Barisal,Bangladesh,,Bangladesh NGO Affairs Bureau - Local NGO List (up to 19 August 2026)
Bangladesh Protibandi Progati Sangstha -BPPS,1356,"Modern Mansion (6th Floor), 53, Motijheel C/A, Dhaka. Phone: 7173785",1999-03-18,2004-03-18,2009-03-18,Dhaka,Bangladesh,,Bangladesh NGO Affairs Bureau - Local NGO List (up to 19 August 2026)
Bangladesh Rehabilitation Center for Troma Victimes,1055,"27, Bijoy Nagar (1st floor), Dhaka Phone : 9349851, 9355648 Fax: 8352166",1996-08-06,2006-08-06,2011-08-06,Dhaka,Bangladesh,,Bangladesh NGO Affairs Bureau - Local NGO List (up to 19 August 2026)
Bangladesh Resource Improvement Trust (BRIT),2939,"285, PC Garden, 3rd Floor, South Kallayanpur, Mirpur, Dhaka Phone: 8416721",2015-07-07,2020-07-07,2030-07-07,Dhaka,Bangladesh,,Bangladesh NGO Affairs Bureau - Local NGO List (up to 19 August 2026)
Bangladesh Rural Development (BRDC),2290,"Khoyrabad, Post: Rahanpur, Upazila: Gomastapur, Dist.: Chapainababgonj Phone: 03751-000164, 01715-234499",2007-11-22,2017-11-22,2027-11-22,Chapainababg anj,Bangladesh,,Bangladesh NGO Affairs Bureau - Local NGO List (up to 19 August 2026)
Bangladesh Rural Advancement through Voluntary Enterprises (BRAVE),0785,"vill.: Mollapara, P.O.: Mollapara, P.S. Agailzara, Dist.: Barisal. Phone: 01711-132509 email: brave_bd@yahoo.com",1993-12-05,2018-12-05,2028-12-05,Dhaka,Bangladesh,,Bangladesh NGO Affairs Bureau - Local NGO List (up to 19 August 2026)
Bangladesh Rural Economic Development (BRED),0953,"Vill: Horirampur, PO: Nakalia, Upazila: Bera, Dist: Pabna Phone: 01711116885 www.bredngo.net",1995-06-28,2020-06-28,2030-06-27,Pabna,Bangladesh,,Bangladesh NGO Affairs Bureau - Local NGO List (up to 19 August 2026)
Bangladesh Rural Improvement Foundation (BRIF),0907,"BRIF Campus, Goaldihi, UP: Khansama, Dist: Dinajpur. Phone: 0531-890535 www.brif.org",1995-02-20,2015-02-20,2020-02-20,Dinajpur,Bangladesh,,Bangladesh NGO Affairs Bureau - Local NGO List (up to 19 August 2026)
Bangladesh Rural Integrated Ellevation Foundation,2470,"House-143, Road-01, DOHS Baridhara, Dhaka. Phone: 9888319, 9891742",2009-07-28,,2014-07-28,Dhaka,Bangladesh,,Bangladesh NGO Affairs Bureau - Local NGO List (up to 19 August 2026)
Bangladesh Rural Medical Association,0853,"House-1107/A (5th Fl.), Baitul Aman H/S, Ring Road, Shyamoli, Dhaka Phone : 9121818",1994-08-27,2009-08-27,2014-08-27,Dhaka,Bangladesh,,Bangladesh NGO Affairs Bureau - Local NGO List (up to 19 August 2026)
Bangladesh Safe Agro Food Efforts Foundation (BSAFE Foundation),3577,"279 Dokhin Paikpara, Lal Wal Road, Kallyanpur Natun Bazar, Mirpur, Dhaka-1216 Phone: 01846519611 email: foundationbsafe@gmail.com",2026-02-16,,2036-02-15,Dhaka,Bangladesh,,Bangladesh NGO Affairs Bureau - Local NGO List (up to 19 August 2026)
Bangladesh Scholarship Council (BSC),1961,"875 Jubli Road (4th Floor), Chattogram. Phone: 617283, Fax: 616930 www.bscbd.org",2004-09-13,2014-09-13,2019-09-13,Chattogram,Bangladesh,,Bangladesh NGO Affairs Bureau - Local NGO List (up to 19 August 2026)
Bangladesh Shishu Adhikar Forum,0724,"House-42/43 (Level-2), Road-2, Janata Cooperative Housing Society, Ringj road, Adabar, Dhaka-1207 Phone: 8110857, Fax: 9110017",1993-07-04,2018-07-04,2028-07-04,Dhaka,Bangladesh,,Bangladesh NGO Affairs Bureau - Local NGO List (up to 19 August 2026)
Bangladesh Social Assistance and Rehabilitation Foundation (BSARF),2419,"205(3rd Floor) Boro Bhat Mosque Road, Lalbag, Dhaka-1211 Phone: 01715-313828",2009-03-03,2019-03-03,2029-03-03,Dhaka,Bangladesh,,Bangladesh NGO Affairs Bureau - Local NGO List (up to 19 August 2026)
Bangladesh Social Development Academy,2462,"Edgah Residential Area, Dinajpur. Phone: 0531-61208, 01712-199980",2009-06-30,2014-06-30,2019-06-30,Dinajpur,Bangladesh,,Bangladesh NGO Affairs Bureau - Local NGO List (up to 19 August 2026)
Bangladesh Social Service (BSS),0936,"43/4, Senpara Parbata, Mirpur-10, Dhaka. Tel: 88-02-9007297",1995-05-25,2020-05-25,2030-05-24,Dhaka,Bangladesh,,Bangladesh NGO Affairs Bureau - Local NGO List (up to 19 August 2026)
Bangladesh Society for the Change and Advocacy Nexus(B-Scan),3428,"House-125,LalmiarGoli,Road-08, Block-F, Banasree, Dhaka Phone: 01894891667",2024-12-02,,2034-12-01,Dhaka,Bangladesh,,Bangladesh NGO Affairs Bureau - Local NGO List (up to 19 August 2026)
Bangladesh Society for the Enforcement of Human Rights,0163,"33 Topkhana Road, Meherba Plaza (15th Floor), Paltan, Dhaka-1000. Phone: 88-02-41052259, 01819-223976, 01862-284482 email: info@manabadhikar.org",1984-04-18,2020-05-15,2030-05-14,Dhaka,Bangladesh,,Bangladesh NGO Affairs Bureau - Local NGO List (up to 19 August 2026)
Bangladesh Society of One Family One Child,3327,"wTownwi.mBaannagbaa,dhikOamr.oarrgganj Bazar, Nangalkot, Comilla Phone: 01725582440",2022-10-18,,2032-10-17,Comilla,Bangladesh,,Bangladesh NGO Affairs Bureau - Local NGO List (up to 19 August 2026)
Bangladesh Sonali Sangstha,2772,"Vill: Sialcot, Amtola, PO: Shial Coat, PS& Dist: Sirajganj. Phone: 01718-280263",2013-03-10,,2018-03-10,Sirajganj,Bangladesh,,Bangladesh NGO Affairs Bureau - Local NGO List (up to 19 August 2026)
Bangladesh Telecentre Network,2445,"1/17, Humayun Road, Block-B, Mohammadpur, Dhaka. Phone: 9146313, Fax: 02-9145690 www.mission2011.net.bd",2009-05-31,,2014-05-31,Dhaka,Bangladesh,,Bangladesh NGO Affairs Bureau - Local NGO List (up to 19 August 2026)
Bangladesh Thalassaemia Samity,1159,"Green Garden Tower, Level-6, 25A & 25B, Green Road, Dhaka-1205 Phone: 9662239",1997-06-09,2017-06-09,2027-06-09,Dhaka,Bangladesh,,Bangladesh NGO Affairs Bureau - Local NGO List (up to 19 August 2026)
Bangladesh Theological Seminary,1789,"20 KB Fazlul Kd Road (Opp. Chattogram Medical College), Chattogram-4000 Phone: 031-653885",2003-01-19,2018-01-19,2028-01-19,Chattogram,Bangladesh,,Bangladesh NGO Affairs Bureau - Local NGO List (up to 19 August 2026)
Bangladesh Unnayan Parishad,0359,"House-50, Road-8, Block-D, Niketon, Gulshan-1, Dhaka-1212 Phone: 9863962, Fax: 9850036 www.bup-bd.org",1990-02-22,2015-02-22,2020-02-22,Dhaka,Bangladesh,,Bangladesh NGO Affairs Bureau - Local NGO List (up to 19 August 2026)
Bangladesh Village Development Organization (BVDO).,1520,"Vill: Chabikharpar, PO: Kathira, UZ: Agailjhara, Barisal",2000-05-09,2020-05-09,2030-05-09,Barisal,Bangladesh,,Bangladesh NGO Affairs Bureau - Local NGO List (up to 19 August 2026)
Bangladesh Watch Tower Society,1840,"House-58, Block-B, Flat-A4, Road-04, Banani, Dhaka Phone: 882-7665, Fax: 8815179",2003-06-08,2018-06-08,2028-06-08,Dhaka,Bangladesh,,Bangladesh NGO Affairs Bureau - Local NGO List (up to 19 August 2026)
Bangladesh Water Partnership,3165,"House-10, Road-23/C, Gulshan-1, Dhaka Mob: 01770199061",2018-10-17,,2028-10-17,Dhaka,Bangladesh,,Bangladesh NGO Affairs Bureau - Local NGO List (up to 19 August 2026)
Bangladesh Woman's Health Coalition,0127,"House-806, Road-03, Baitul Aman Housing Society, Adabor, Shymoli, Dhaka-1207 Phone: 9131681-2",1982-10-20,2020-05-15,2030-05-15,Dhaka,Bangladesh,,Bangladesh NGO Affairs Bureau - Local NGO List (up to 19 August 2026)
Bangladesh Youth Enterprise Advice and Help Center,2375,"Apart-A-3, House-15 (2nd Floor), Road-12, Block-F, Niketon, Dhaka-1212",2008-07-08,2018-07-08,2028-07-08,Dhaka,Bangladesh,,Bangladesh NGO Affairs Bureau - Local NGO List (up to 19 August 2026)
Bangladesh Youth First Concerns (BYFC),1266,"B-8/9 East Bhobanipur, Ghenda, Savar, Dhaka-1343 Phone: 7742036, 7742037",1998-05-27,2018-05-27,2028-05-27,Dhaka,Bangladesh,,Bangladesh NGO Affairs Bureau - Local NGO List (up to 19 August 2026)
Bangladesh Youth Leadership Centre,2686,"Plot-03, Road-20, Block-J, Baridhara, Dhaka-1212. Phone: 01713311331",2012-03-15,2022-03-15,2032-03-14,Dhaka,Bangladesh,,Bangladesh NGO Affairs Bureau - Local NGO List (up to 19 August 2026)
Bangla-German Sampreti (BGS),0633,"House-1/17 (1st Fl.), Block-B, Humayun road, Mohammadpur, Dhaka. Phone : 9124318, 9118584 fax: 9124319",1992-06-30,2017-06-30,2027-06-30,Dhaka,Bangladesh,,Bangladesh NGO Affairs Bureau - Local NGO List (up to 19 August 2026)
Bangrol Ziabari Somaj Unnayan Sangstha,3306,"Bangrol Ziabari, Kalomeghm, Baliadangi, Thakurgaon 01723690406 email: bzsusonghatha2011@gmail.com",2022-07-20,,2032-07-19,Thakurgaon,Bangladesh,,Bangladesh NGO Affairs Bureau - Local NGO List (up to 19 August 2026)
Banoful,1058,"01 No Bagan Bari Lane, 215 Khanjahan Ali Road, Khulna. Phone: 041-721314",1996-08-12,2016-08-12,2026-08-12,Khulna,Bangladesh,,Bangladesh NGO Affairs Bureau - Local NGO List (up to 19 August 2026)
Banosree Nari Unnayan Foundation,2906,"Uttar Kalindipur, Rangamat. Phone: 01720-206214",2014-12-02,2019-12-02,2029-12-02,Rangamati,Bangladesh,,Bangladesh NGO Affairs Bureau - Local NGO List (up to 19 August 2026)
Baptist Aid Bangladesh Baptist Church Fellowship (Baptist Aid-BBCF),0818,"7, Green Corner, Green Road, Dhaka Phone : 966208, 9661690 Fax: 8611611",1994-03-03,2019-03-03,2029-03-03,Dhaka,Bangladesh,,Bangladesh NGO Affairs Bureau - Local NGO List (up to 19 August 2026)
BARCIK,1238,"House-50, Road-27, Dhanmondi, Dhaka. Phone: 9132372, 01715-696855 Fax: 9132372",1998-02-18,2018-02-18,2028-02-18,Dhaka,Bangladesh,,Bangladesh NGO Affairs Bureau - Local NGO List (up to 19 August 2026)
Barendra Advancement Integrated Committee (BAIC),1751,"Choturpur, PO&UZ: Shibganj, Chapainobabganj. Phone : 0781-56154",2002-10-23,2017-10-23,2027-10-23,Chapainababg anj,Bangladesh,,Bangladesh NGO Affairs Bureau - Local NGO List (up to 19 August 2026)
Barendra Bhumi Social Development Organisation,0503,"Vill. Mahinagar, P.O. Shujailhat, P.S: Mohadebpur, Noagaon Phone: 01711-883016, 10712-021645",1991-07-18,2021-07-18,2031-07-17,Naogaon,Bangladesh,,Bangladesh NGO Affairs Bureau - Local NGO List (up to 19 August 2026)
Barendra Development Foundation (BDF),2730,"Niamatpure, Naogaon. Phone: 01716-476546",2012-09-16,2017-09-16,2027-09-16,Naogaon,Bangladesh,,Bangladesh NGO Affairs Bureau - Local NGO List (up to 19 August 2026)
Barendra Development Organisation (BDO),0634,"Vill. Dadrail, P.O: Hatrajbari, P.S. Niamatpur, Naogaon Phone: 01730-005252",1992-07-04,2017-07-04,2027-07-04,Naogaon,Bangladesh,,Bangladesh NGO Affairs Bureau - Local NGO List (up to 19 August 2026)
Barguna Nari Jagaran Karmosuchi (JAGO-NARI),2332,"House-Ashahi Mansion, College Road, PO+UZ: Sadar, Dist: Barguna Phone: 0448-6228",2008-04-07,2018-04-07,2028-04-07,Barguna,Bangladesh,,Bangladesh NGO Affairs Bureau - Local NGO List (up to 19 August 2026)
Bari Nagar Samaj Kalyan Sangstha,0526,"Vill & P.O. Barinagar, Jessore Sadar, Jessore Phone : 01711-930528",1991-08-26,2026-04-26,2036-04-25,Jessore,Bangladesh,,Bangladesh NGO Affairs Bureau - Local NGO List (up to 19 August 2026)
Barisal Disabled Peoples Organization,2691,"Kharki Road, Barisal Phone: 01711-201014",2012-04-18,,2017-04-18,Barisal,Bangladesh,,Bangladesh NGO Affairs Bureau - Local NGO List (up to 19 August 2026)
Barisal Samaj Unnayan Sangstha,1342,"West Sujankhati, Agailjhara, P.S: Agailjhara, Barisal Phone: 04323-56319, Fax: 04323-56246",1999-01-18,2004-01-18,2009-01-18,Barisal,Bangladesh,,Bangladesh NGO Affairs Bureau - Local NGO List (up to 19 August 2026)
Barisal Social Advancement Society (BASAS),1111,"13, Perara Road, Sadar, Barisal Phone: 0431-53995",1996-12-21,2011-12-21,2016-12-21,Barisal,Bangladesh,,Bangladesh NGO Affairs Bureau - Local NGO List (up to 19 August 2026)
Barisal Unnayan Sangstha,2775,"Kaga Sura, PO: Amir Gong Bazar, PS: Barisal Sadar, Barisal Phone: 01913-921452",2013-03-25,2018-03-25,2028-03-25,Barisal,Bangladesh,,Bangladesh NGO Affairs Bureau - Local NGO List (up to 19 August 2026)
Barna Samaj Kallayan Sangstha,2993,"219/1 Amena School Road, Gopalganj Phone: 01823-104504",2016-01-17,,2021-01-17,Gopalganj,Bangladesh,,Bangladesh NGO Affairs Bureau - Local NGO List (up to 19 August 2026)
Barnaly,2370,"Malek Bhaban (1st Floor), 40, Goalpara, Enayet Bazar, Kotwali, Chattogram. Phone: 031-627875",2008-06-15,2018-06-15,2028-06-15,Chattogram,Bangladesh,,Bangladesh NGO Affairs Bureau - Local NGO List (up to 19 August 2026)
BASA Foundation.,0622,"H-247, Rd-18, New DOHS, Mohakhali, Dhaka. Phone : 9862464 Fax: 9880957 www.basango.org",1992-06-01,2017-06-01,2027-06-01,Dhaka,Bangladesh,Name change on 07/12/2020,Bangladesh NGO Affairs Bureau - Local NGO List (up to 19 August 2026)
Basati (Joibo Nibir Protibesh Rokhai Samajik Uddog),2823,"Chaprishir Hat, PO: Charfakira, Upazila: Companiganj, Dist: Noakhali Phone: 01715-81047",2013-10-23,2018-10-23,2028-10-23,Noakhali,Bangladesh,,Bangladesh NGO Affairs Bureau - Local NGO List (up to 19 August 2026)
Basco Foundation,2672,"House-78, Pashu Hospital Para, Chaya Bithi Road, Magura Phone: 01712-473206",2012-02-08,2017-02-08,2027-02-08,Magura,Bangladesh,,Bangladesh NGO Affairs Bureau - Local NGO List (up to 19 August 2026)
Bashaboo Friends Association (BFA),2111,"69/2, Central Bashaboo, Sabujbag, Bashaboo, Dhaka-1214. Phone: 8251374 www.bfabd.org",2006-07-12,2016-07-12,2026-07-12,Dhaka,Bangladesh,,Bangladesh NGO Affairs Bureau - Local NGO List (up to 19 August 2026)
Bashaboo Janakallyan Sangstha (BJS),3363,"Abdul Halim Howlader Bhaban, Sadar, Madaripur Phone: 01917354290 email: bjsmithu@yahoo.com",2023-06-18,,2033-06-17,Dhaka,Bangladesh,,Bangladesh NGO Affairs Bureau - Local NGO List (up to 19 August 2026)
Basic Development Partner (BDP),1383,"32/5, Senpara parbata, Mirpur-10, Dhaka. Phone : 9009326-7",1999-05-16,2019-05-16,2029-05-16,Dhaka,Bangladesh,,Bangladesh NGO Affairs Bureau - Local NGO List (up to 19 August 2026)
Basic Organization Network for Development and Humanitarian Aid for Nation (BONDHAN),2538,"Mohalla, Mataish Manzil, PO & PS: Panchbibi, Dist: Joypurhat Phone: 05724-75362, 75133 Mobile: 01712-158602",2010-02-02,2020-02-02,2030-02-02,Joypurhat,Bangladesh,,Bangladesh NGO Affairs Bureau - Local NGO List (up to 19 August 2026)
Basic Rights Initiative,3038,"68/69, Level-5, Concept Tower, Panthapath, Dhaka. Phone: 01868369609",2016-10-03,,2021-10-03,Dhaka,Bangladesh,,Bangladesh NGO Affairs Bureau - Local NGO List (up to 19 August 2026)
"Basic Unit for Resources and Opportunity of Bangladesh 'Buro Bangladesh""",0610,"House-12/A, Road-104, Block-CEN(F), Gulshan-2, Dhaka. Phone: 8857576, 8858564, Fax: 8858447 www.burobd.org",1992-03-19,2017-03-19,2027-03-19,Dhaka,Bangladesh,,Bangladesh NGO Affairs Bureau - Local NGO List (up to 19 August 2026)
Basmah Foundation,3160,"Barimojlish, Baranagar, Sonargaon, Narayanganj. Phone: 01709258625 www.basmah-bd.org email: basmahfoundation@gmail.com",2018-07-26,,2028-07-26,Narayanganj,Bangladesh,,Bangladesh NGO Affairs Bureau - Local NGO List (up to 19 August 2026)
Basona Janakalyan Sangstha,3534,"Vill: Nordash,, Post: Nordash(6250),UZ:Bagmara,Dist: Rajshahi. Phone: 01329626161-63 email: jbsngo2013@gmail.com",2025-12-01,,2035-11-30,Rajshahi,Bangladesh,,Bangladesh NGO Affairs Bureau - Local NGO List (up to 19 August 2026)
Bastob Initiative for Peoples Self Development,1263,"6/20, Humayun Road (5th Floor), Block-B, Mohammadpur, Dhaka-1207 Phone: 8128805",1998-05-06,2018-05-06,2028-05-06,Dhaka,Bangladesh,,Bangladesh NGO Affairs Bureau - Local NGO List (up to 19 August 2026)
Basundhara Social Development Society,1392,"R.K. Road, Kurigram Phone : 01710-397414, 0581-61507",1999-06-08,2019-06-08,2029-06-08,Kurigram,Bangladesh,,Bangladesh NGO Affairs Bureau - Local NGO List (up to 19 August 2026)
Becon Samaj Unnayan Sangstha,2748,"Lae-8, Sabujbagh, Patuakhali. Phone: 01712-184020",2012-11-21,2017-11-21,2027-11-21,Patuakhali,Bangladesh,,Bangladesh NGO Affairs Bureau - Local NGO List (up to 19 August 2026)
BEDO,1184,"8/6, Segunbagicha, Dhaka. Phone : 9554798, 9568906 www.bedobd.org",1997-09-03,2017-09-03,2027-09-03,Dhaka,Bangladesh,,Bangladesh NGO Affairs Bureau - Local NGO List (up to 19 August 2026)
Beez Bistar Foundation,2612,"22/13 Khiljee Road, Block-B, Mohammadpur, Dhaka-1207. Phone: 8111465, 8124533",2010-11-28,2020-11-28,2030-11-28,Dhaka,Bangladesh,,Bangladesh NGO Affairs Bureau - Local NGO List (up to 19 August 2026)
Bekar Youth Helping Through Alternative & Nurtured Development (BY HAND),2019,"Green Haven, Mridhapara, Station Road, Jamalpur. Phone: 883901-4",2005-03-20,2015-03-20,2020-03-20,Jamalpur,Bangladesh,,Bangladesh NGO Affairs Bureau - Local NGO List (up to 19 August 2026)
Better Future Samaj Kalyan Sangstha,3392,"Biponi Bitan, Block-B, Room-35, Khotowali, Chattogram. Phone: 01819864807 email: bfb3169@gmail.com",2023-11-20,,2033-11-19,Chattogram,Bangladesh,,Bangladesh NGO Affairs Bureau - Local NGO List (up to 19 August 2026)
Bhela Samaj Kallayan Sangstha,3572,"mSouth Lalbag, Ward-1, House-57, Dinajpur-5200 Phone: 01540530234 email: bheladinbd@gmail.com",2026-02-05,,2036-02-04,Dinajpur,Bangladesh,,Bangladesh NGO Affairs Bureau - Local NGO List (up to 19 August 2026)
Bhola Samaj Unnayan Sangstha (BSUS),2525,"C&B Coloney Gazipur Road, PO: Bhola Sadar, Dist: Bhola Phone: 01673-981064, 01823-314080",2009-12-29,2019-12-29,2029-12-28,Bhola,Bangladesh,,Bangladesh NGO Affairs Bureau - Local NGO List (up to 19 August 2026)
Bhola Seba Sangha (BSS),0817,"Vill. Syedpur, P.O: Hazipur Madrasha, Thana: Daulatkhan, Dist. Bhola. Phone: 01732-049901",1994-03-01,2019-03-01,2029-03-01,Bhola,Bangladesh,,Bangladesh NGO Affairs Bureau - Local NGO List (up to 19 August 2026)
Bhumij Foundation,0925,"Vill. & P.O. Tala, Thana Tala, Satkhira Phone :04727-56149, 01711-806849 Mobile: 01711-806866",1995-03-22,2021-03-22,2031-03-22,Sathkhira,Bangladesh,,Bangladesh NGO Affairs Bureau - Local NGO List (up to 19 August 2026)
Bhumista,2876,"Swhwawh.ibdh Suimraijja S.oarrgani, Katia, Dist: Satkhira Phone: 01711-788988",2014-08-12,2019-08-12,2029-08-11,Sathkhira,Bangladesh,,Bangladesh NGO Affairs Bureau - Local NGO List (up to 19 August 2026)
Bicharan Kollan Sangstha,3362,"House-922(A-1),Road-13,Avenue-3, Section-12, (Mirpur DOHS), Post+Thana: Pallabi, Dist: Dhaka Phone: 01811219282 email: bicharanks@gmail.com",2023-06-14,,2033-06-13,Dhaka,Bangladesh,,Bangladesh NGO Affairs Bureau - Local NGO List (up to 19 August 2026)
Bichitra Unnayan Sangstha (BUS),0355,"Vill: Kashba, PO: Pulhat, Dist: Dinajpur Phone : 01715359507",1990-01-30,2015-01-30,2020-01-30,Dinajpur,Bangladesh,,Bangladesh NGO Affairs Bureau - Local NGO List (up to 19 August 2026)
Bidyanondo Foundation,3316,"House-3,Road-2/B,Pallabi,Mirpur, Dhaka. Phone: 01844546002",2022-09-14,,2032-09-13,Dhaka,Bangladesh,,Bangladesh NGO Affairs Bureau - Local NGO List (up to 19 August 2026)
Bihango Mohila Sangstha,2740,"Govt. Girls School College, Patuakhali Phone: 0175-753805",2012-11-08,2017-11-08,2027-11-08,Patuakhali,Bangladesh,,Bangladesh NGO Affairs Bureau - Local NGO List (up to 19 August 2026)
Bikalpa Unnayan Karmasuchi (BUK),0370,"Tursa, Nazir Moholla, Barisal-8200 Phone: 0431-2173346",1990-03-03,2010-03-03,2015-03-03,Barisal,Bangladesh,,Bangladesh NGO Affairs Bureau - Local NGO List (up to 19 August 2026)
Bikash,0926,"41, Sir Syed Road, Faridpur Phone : 0631-2455",1995-03-29,2005-03-29,2010-03-29,Faridpur,Bangladesh,,Bangladesh NGO Affairs Bureau - Local NGO List (up to 19 August 2026)
Bikash-Bangladesh,1970,"Vill: Mamatpara, Panchagarh, Pauroshava, Sadar, Panchagarh Phone: 01730-017201 www.bikashbd.org",2004-10-10,2019-10-10,2029-10-10,Panchagar,Bangladesh,,Bangladesh NGO Affairs Bureau - Local NGO List (up to 19 August 2026)
Bikrampur Ayeen Sahajja Sangstha,0462,"4/42, Taherbag, Nowabpur, Dhaka-1100 Phone: 7125156",1991-04-14,2016-04-14,2021-04-14,Dhaka,Bangladesh,"Cancelled on 15/06/2010, Revived on 07/04/2013",Bangladesh NGO Affairs Bureau - Local NGO List (up to 19 August 2026)
Bindu Nari Unnayan Sangstha,3390,"Momrezpur, Kaliganj, Satkhira. Phone: 01781271348",2023-11-14,,2033-11-13,Satkhira,Bangladesh,,Bangladesh NGO Affairs Bureau - Local NGO List (up to 19 August 2026)
Bishwa Sahitya Kendra (World Literature Centre),0278,"14, Kazi Nazrul Islam Avenue, Dhaka-1000 Phone : 9660812, 8618567",1988-11-27,2018-11-27,2028-11-27,Dhaka,Bangladesh,,Bangladesh NGO Affairs Bureau - Local NGO List (up to 19 August 2026)
Bishya Muktibani Sangstha,0005,"Jalma, Batiakhata, Khulna-9100 Phone: 041-721325, Fax: 041-725682",1981-04-22,2020-08-09,2030-08-08,Khulna,Bangladesh,,Bangladesh NGO Affairs Bureau - Local NGO List (up to 19 August 2026)
Biswas Foundation,1893,"Vill & Post- Parulia, P.S: Debhata, Dist. Satkhira. Phone: 01715-758117, Fax: 0471-64450 www.biswasf.org",2003-12-13,2008-12-13,2013-12-13,Sathkhira,Bangladesh,,Bangladesh NGO Affairs Bureau - Local NGO List (up to 19 August 2026)
Bittahin Bhaggyodoy Songothan (BIVAS),1317,"Birol Bazar, Birol, Dinajpur Phone: 01715-270159",1998-11-23,2003-11-23,2008-11-23,Dinajpur,Bangladesh,,Bangladesh NGO Affairs Bureau - Local NGO List (up to 19 August 2026)
BIVA,2245,"House-584/2, Guakhola, PO: Noapara, UZ: Abhajnagar, Dist: Jessore-7460 Phone: 01711-440199",2007-06-19,2022-06-19,2032-06-18,Jessore,Bangladesh,,Bangladesh NGO Affairs Bureau - Local NGO List (up to 19 August 2026)
Blind Education & Rehabilitation Development Organisation (BERDO),0861,"3/1, Road-11, Rupnagar, Section-5, Mirpur, Dhaka. Phone : 9009451, 8060703 Fax: 9003786 www.berdobd.org",1994-10-06,2019-10-06,2029-10-06,Dhaka,Bangladesh,,Bangladesh NGO Affairs Bureau - Local NGO List (up to 19 August 2026)
Blue Planet Initiative (BPI),3108,"House-159, Road-6, Block-KA, PC Culture Housing, Mohammadpur, Dhaka, Mob: 01558343229",2017-11-08,,2027-11-08,Dhaka,Bangladesh,,Bangladesh NGO Affairs Bureau - Local NGO List (up to 19 August 2026)
Bohubrihy,2711,"Vill: Tatolia, PO: Boshir Bandar, PS: Chirin Bandar, Dist: Dinajpur. Phone: 01714-383207",2012-06-21,,2017-06-21,Dinajpur,Bangladesh,,Bangladesh NGO Affairs Bureau - Local NGO List (up to 19 August 2026)
Bohumukhi Polly Unnayan Sangstha,2535,"Vill: Rajarampur, PS: Phulbari, Dinajpur. Phoen: 01710-971225",2010-02-01,2020-02-01,2030-02-01,Dinajpur,Bangladesh,,Bangladesh NGO Affairs Bureau - Local NGO List (up to 19 August 2026)
Boikoshito Bangladesh Foundation,3291,"2/8, Block-F, Lalmatia, Dhaka. Email: bikoshito@gmail.com Phone: 01919002021",2022-04-27,,2032-04-26,Dhaka,Bangladesh,,Bangladesh NGO Affairs Bureau - Local NGO List (up to 19 August 2026)
Bonochaya Mohila Kallayan Somity,0435,"97/7, Boyra Cross Road No-1, Sonadanga, Khulna. Phone: 01963-915952",1991-01-26,2011-01-26,2016-01-26,Khulna,Bangladesh,,Bangladesh NGO Affairs Bureau - Local NGO List (up to 19 August 2026)
Bonoful Foundation,2816,"Village: Sannasgasha, PO: Gowrigona, PS: Keshebpur, Dist: Jessore.",2013-09-17,2018-09-17,2028-09-17,Jessore,Bangladesh,,Bangladesh NGO Affairs Bureau - Local NGO List (up to 19 August 2026)
Bonolata Samaj Kalyan Sangstha,2440,"Jibannagar, Darsana, Chuadanga",2009-05-26,,2014-05-26,Chuadanga,Bangladesh,,Bangladesh NGO Affairs Bureau - Local NGO List (up to 19 August 2026)
BPS (Bangladesh Patriot Society),2463,"Baghia Bazar, Tongibari, Munshiganj. Phone: 01712-870080 www.bpsngo.com",2009-07-01,2019-07-01,2029-07-01,Munshiganj,Bangladesh,,Bangladesh NGO Affairs Bureau - Local NGO List (up to 19 August 2026)
BRAC,0002,"BRAC Centre, 75, Mohakhali C/A, Dhaka Phone : 9881265, Fax: 9888026 www.brac.net",1981-04-22,2020-05-15,2030-05-15,Dhaka,Bangladesh,,Bangladesh NGO Affairs Bureau - Local NGO List (up to 19 August 2026)
BRAYDS,1541,"Rani Sankail, Thakurgaon Phone: 01715672208",2000-06-25,2020-06-25,2030-06-25,Thakurgaon,Bangladesh,,Bangladesh NGO Affairs Bureau - Local NGO List (up to 19 August 2026)
Breaking the Silence,1642,"10/14, Iqbal Road (3rd Floor), Mohammadpur, Dhaka-1207. Phone: 8129926 www.breakingthesilencebd.org",2001-05-20,2021-05-20,2031-05-20,Dhaka,Bangladesh,,Bangladesh NGO Affairs Bureau - Local NGO List (up to 19 August 2026)
BRIC Bangladesh Resource Improvement Centre,2021,"North Dewana, Dowlatpur, Khulna.",2005-03-27,,2010-03-27,Khulna,Bangladesh,,Bangladesh NGO Affairs Bureau - Local NGO List (up to 19 August 2026)
Bridge Society,2047,"House-243 (1-D), Sapnil Adarsh Road, Separa Parbata, PS: Kafrul, Mirpur-10, Dhaka-1216 Phone: 01552421064, 029010155 www.bridgesocietybd.org",2005-12-14,2015-12-14,2020-12-14,Dhaka,Bangladesh,,Bangladesh NGO Affairs Bureau - Local NGO List (up to 19 August 2026)
Bright Bangladesh Forum,1829,"House-23/B, Road-03, Katalgonj R/A, Panchlish, Chattogram-4203 Phone: 031-2555901",2003-05-07,2018-05-07,2028-05-07,Chattogram,Bangladesh,,Bangladesh NGO Affairs Bureau - Local NGO List (up to 19 August 2026)
Brotee Samaj Kallayan Sangstha,1678,"765, Sat Masjid Road, Dhanmondi, Dhaka Phone: 9113501, 9140800",2001-09-26,2021-09-26,2031-09-25,Dhaka,Bangladesh,,Bangladesh NGO Affairs Bureau - Local NGO List (up to 19 August 2026)
BSRM Foundation,3450,"Nasir Uddin Tower, 4th Floor, Bir Uttam Samsul Alam Road, 104/1, Kakrail, Dhaka-1000 Phone: +88-031-2854901-10 www.bsrm.com",2025-04-30,,2035-04-29,Dhaka,Bangladesh,,Bangladesh NGO Affairs Bureau - Local NGO List (up to 19 August 2026)
Bulbul Samaj Kalyan Sangstha,0516,"Airport Road, Old Kosba, Jessore Phone: 0421-68910",1991-08-07,2021-08-07,2031-08-07,Jessore,Bangladesh,,Bangladesh NGO Affairs Bureau - Local NGO List (up to 19 August 2026)
Campaign for Sustainable Development (CSD),1294,"Vill: Bashudeb, P.O: Ujani, P.S: Mukshedpur, Dist: Gopalgonj. Phone: 01759-776237",1998-09-10,2018-09-10,2028-09-10,Gopalganj,Bangladesh,,Bangladesh NGO Affairs Bureau - Local NGO List (up to 19 August 2026)
Care and Compassion Foundation,3573,"Tengra, Sreepur, Gazipur Phone: 01917787152",2026-02-15,,2036-02-14,Gazipur,Bangladesh,,Bangladesh NGO Affairs Bureau - Local NGO List (up to 19 August 2026)
CARITAS - Bangladesh,0009,"2, Outer Circular Road, Shantibagh, Dhaka Phone : 8315405-9, 8315641 Fax: 88314993 www.caritasbd.org",1981-04-22,2020-05-15,2030-05-15,Dhaka,Bangladesh,,Bangladesh NGO Affairs Bureau - Local NGO List (up to 19 August 2026)
Catalist,1690,"16/E(3rd floor), Indira Road, Dhaka Phone : 9119957",2001-10-25,,2006-10-25,Dhaka,Bangladesh,,Bangladesh NGO Affairs Bureau - Local NGO List (up to 19 August 2026)
Cedntre for Climate Justice Bangladesh Society,3557,"9/40,EasternPlaza,70,BirUttam, CR Dutta Road, hatirpool, Dhaka. Phone: 01711070147",2026-01-07,,2036-01-06,Dhaka,Bangladesh,,Bangladesh NGO Affairs Bureau - Local NGO List (up to 19 August 2026)
Center for Community Development Program (CCDP),3309,"Patiya Cout Pond, Chattogram-Coxsbazar Road, Patiya, Chattogram Phone: 01879954833 email: ccdpbangladesh@gmail.com",2022-08-16,,2032-08-15,Chattogram,Bangladesh,,Bangladesh NGO Affairs Bureau - Local NGO List (up to 19 August 2026)
Center for Disable Concern-CDC,3544,"KhulshiR/A,Road-8,House-121/F, Khulshi, Chattogram Phone: 01711226144 email: cdc_ctg@yahoo.com",2025-12-11,,2035-12-10,Chattogram,Bangladesh,,Bangladesh NGO Affairs Bureau - Local NGO List (up to 19 August 2026)
"Center for Environment Research & Development Initiative, Bangladesh (CERDI Bangladesh)",3320,"House-01, Road-16, Sector-7, Uttara, Dhaka. Phone: 01733376609-10 email: nukhan05@gmail.com",2022-09-19,,2032-09-18,Dhaka,Bangladesh,,Bangladesh NGO Affairs Bureau - Local NGO List (up to 19 August 2026)
Center For Global Resilience CGR),1061,"House-5, Road-2/A, Banani, Dhaka-1213 Phone: 9884266, Fax: 9881119 www.caap-bd.org",1996-08-24,2021-08-24,2031-02-23,Dhaka,Bangladesh,,Bangladesh NGO Affairs Bureau - Local NGO List (up to 19 August 2026)
Center for Indigenous Peoples Research & Development,2077,"House-71, Road-07, Block-H, Banani, Dhaka.",2006-03-05,,2011-03-05,Dhaka,Bangladesh,,Bangladesh NGO Affairs Bureau - Local NGO List (up to 19 August 2026)
Center for Integrated Program and Development,1956,"Ray Bahadur Road, Rangamati, Post Box-34, Rangamati-4500. phone: 0351-61013",2004-09-09,2019-09-09,2029-09-09,Rangamati,Bangladesh,,Bangladesh NGO Affairs Bureau - Local NGO List (up to 19 August 2026)
Center for Men and Masculinities Studies (CMMS),2963,"519/A, Road-09, Dhanmondi, Dhaka Phone: 01718-330489",2015-09-09,2020-09-09,2030-09-08,Dhaka,Bangladesh,,Bangladesh NGO Affairs Bureau - Local NGO List (up to 19 August 2026)
Center for Natural Resource Studies(CNRS),0841,"House-13, Road-17, Block-D, Banani, Dhaka-1213. Phone : 9820127, Fax: 9820129",1994-07-06,2019-07-06,2029-07-06,Dhaka,Bangladesh,,Bangladesh NGO Affairs Bureau - Local NGO List (up to 19 August 2026)
Center for Participatory Research & Development,3031,"House-1219, Road-10, Mirpur DOHS, Dhaka-1216 Phone: 01729259491",2016-07-24,2021-07-24,2031-07-23,Dhaka,Bangladesh,,Bangladesh NGO Affairs Bureau - Local NGO List (up to 19 August 2026)
Center for Rural Child Development (CRCD),1017,"Akubdondi, P.O. Iqbal Park, Thana Boalkhali, Chattogram",1996-03-10,2001-03-10,2006-03-10,Chattogram,Bangladesh,,Bangladesh NGO Affairs Bureau - Local NGO List (up to 19 August 2026)
Center for Rural Service Society,2465,"Natun Bazar, BM College Road, Barisal-8200, Phone: 0431-2176091",2009-07-05,2014-07-05,2019-07-05,Barisal,Bangladesh,,Bangladesh NGO Affairs Bureau - Local NGO List (up to 19 August 2026)
Center for Social Development,3006,"Vill: Dakhin Baguarchar, PO & Upazila: Romary, DistK Kurigram Phone:01714545147",2016-02-14,2021-02-14,2031-02-13,Kurigram,Bangladesh,,Bangladesh NGO Affairs Bureau - Local NGO List (up to 19 August 2026)
Center for the Defence of Human Rights,2531,"House-91, Syed Nazrul Islam Sarani, North South Road (5th Floor), Dhaka-1100. Phone: 01552-491659",2010-01-19,2020-01-19,2030-01-18,Dhaka,Bangladesh,,Bangladesh NGO Affairs Bureau - Local NGO List (up to 19 August 2026)
Center to Accelerate Development & Advance Movement (CADAM),3228,"Curcuit House Moore, Dak Bangla Road, Sadar, Nilphamari, Mob: 01712596993",2019-12-15,,2029-12-15,Nilphamari,Bangladesh,,Bangladesh NGO Affairs Bureau - Local NGO List (up to 19 August 2026)
Centre for Action Research Barind(CARB),1380,"House-35,Terkhadia(NurMosjider Dokhene), Senanibas Road, Rajshahi Senanibas, Rajpara, Rajshai. Phone:",1999-05-11,2019-05-11,2029-05-10,Rajshahi,Bangladesh,,Bangladesh NGO Affairs Bureau - Local NGO List (up to 19 August 2026)
Centre for Advancement Programe (CAP),3576,"ePmurabial:sheree, PO: Sherpur Town-2100, Sherpur Sadar, Dist: Sherpur. Phone: 01714748138 email: cap.sprbd@gmail.com www.capbd.org",2026-02-16,,2036-02-15,Sherpur,Bangladesh,,Bangladesh NGO Affairs Bureau - Local NGO List (up to 19 August 2026)
Centre for Agribusiness and Community Development (ABCD),1351,"A.H. Tower (7th Floor), Road-2, Sector-3, Uttara Model Town, Dhaka-1230 Phone: 8961876, Fax: 8962835",1999-02-25,2019-02-25,2029-02-24,Dhaka,Bangladesh,,Bangladesh NGO Affairs Bureau - Local NGO List (up to 19 August 2026)
Centre for Coastal Environmental Conservation (CCEC),1085,"Tagdir Mohal, House-93, Road-2, Sonadanga, Khulna-9000 Phone: 041-810982 www.ccecbd.org",1996-10-26,2021-10-26,2031-10-25,Khulna,Bangladesh,,Bangladesh NGO Affairs Bureau - Local NGO List (up to 19 August 2026)
Centre for Communication and Development of Bangladesh (CCD-Bangladesh),1960,"Tasib Palace, Holding No. 418/1, Ward No.-25, Monafer Morh, Rajshahi-6204 Phone: 01755575888 email: ccd.bangladesh@gmail.com",2004-09-13,2019-09-13,2029-09-13,Rajshahi,Bangladesh,Name change 16.03.2020,Bangladesh NGO Affairs Bureau - Local NGO List (up to 19 August 2026)
Centre for Community Development & Research,2863,"House-10, Road-10A, Sector-09, Uttara, Dhaka-1230 Phone: 01701-017040",2014-06-04,2019-06-04,2029-06-03,Dhaka,Bangladesh,,Bangladesh NGO Affairs Bureau - Local NGO List (up to 19 August 2026)
Centre for Community Development Assistance (CCDA),1010,"Vill. Adampur, P.O. Raypur, Thana Daudkandi, Dist. Cumilla Phone : 8711215 www.ccdabd.org",1996-02-11,2021-02-11,2031-02-10,Comilla,Bangladesh,,Bangladesh NGO Affairs Bureau - Local NGO List (up to 19 August 2026)
Centre for Community Development Services,2947,"Dattabari Sharak, PO: Upazilla & District: Sirajganj Phone: 01712-157886",2015-07-30,2020-07-30,2030-07-29,Sirajganj,Bangladesh,,Bangladesh NGO Affairs Bureau - Local NGO List (up to 19 August 2026)
Centre for Development and Peace (CDP),2519,"Mujibnagar Road, PO & UZ: Meherpur, Dist: Meherpur Phone: 0791-63667",2009-11-26,2019-11-26,2029-11-26,Meherpur,Bangladesh,,Bangladesh NGO Affairs Bureau - Local NGO List (up to 19 August 2026)
Centre for Development Communication,1220,"50, Purana Paltan Line, (3rd floor), Dhaka. Phone : 9334556",1997-12-03,2002-12-03,2007-12-03,Dhaka,Bangladesh,,Bangladesh NGO Affairs Bureau - Local NGO List (up to 19 August 2026)
Centre for Development Innovation and Practices (CDIP),3231,"House-17, Road-13, Pisciculture Housing Society, Shekhertek, Adabar, Dhaka",2020-01-27,2020-01-27,2030-01-26,Dhaka,Bangladesh,,Bangladesh NGO Affairs Bureau - Local NGO List (up to 19 August 2026)
Centre for Development Services (CDS),0204,"House-2/1, Road-1, Shyamoli, Dhaka-1207 Phone: 8111319, Fax: 8115512",1986-01-23,2016-01-23,2021-01-23,Dhaka,Bangladesh,,Bangladesh NGO Affairs Bureau - Local NGO List (up to 19 August 2026)
Centre for Disability in Development (CDD),1115,"A-18/6, Genda, Savar, Dhaka-1340 Phone: 01713-021695",1996-12-31,2016-12-31,2026-12-31,Dhaka,Bangladesh,,Bangladesh NGO Affairs Bureau - Local NGO List (up to 19 August 2026)
"Centre for Education, Creative and Performing Arts",1659,"64/C, Green Road, Dhaka-1205",2001-09-04,2006-09-04,2011-09-04,Dhaka,Bangladesh,,Bangladesh NGO Affairs Bureau - Local NGO List (up to 19 August 2026)
"Centre for Health, Education, Environment Development and Democracy",2160,"11 Purana Paltan (Ibrahim Mansion) Room No.-413, Motijheel, Dhaka-1000. Phone: 9561857, 01819-29847701",2006-11-13,2011-11-13,2016-11-13,Dhaka,Bangladesh,,Bangladesh NGO Affairs Bureau - Local NGO List (up to 19 August 2026)
"Centre for Injury Prevention and Research, Bangladesh (CIPRB)",2004,"House-B-162, Road-23, New DOHS, Mohakhali, Dhaka-1206 Phone: 8814988, Fax: 8814964 www.ciprb.org",2005-02-06,2020-02-06,2030-02-06,Dhaka,Bangladesh,,Bangladesh NGO Affairs Bureau - Local NGO List (up to 19 August 2026)
Centre for Integrated Social Development (CISD),1393,"House-19, Road-6/A, Sector-05, Uttara, Dhaka-1230 Phone: 8955595 www.cisdbd.org",1999-06-17,2014-06-17,2019-06-17,Dhaka,Bangladesh,,Bangladesh NGO Affairs Bureau - Local NGO List (up to 19 August 2026)
Centre for Mass Education in Science (CMES),0082,"House # 828, Road # 19(Old), Dhanmondi R/A, Dhaka-1209 Phone : 8111898, Fax: 8013559 www.cmesbd.org",1981-04-22,2020-05-15,2030-05-15,Dhaka,Bangladesh,,Bangladesh NGO Affairs Bureau - Local NGO List (up to 19 August 2026)
Centre for Policy Dialogue,0918,"House-40/C, Road-11, Dhanmondi, Dhaka - 1000 Phone :91145090, Fax: 8130951 www.cpd.org.bd",1995-03-08,2020-03-08,2030-03-08,Dhaka,Bangladesh,,Bangladesh NGO Affairs Bureau - Local NGO List (up to 19 August 2026)
Centre for Rehabilitation of Torture Survivors (CRTS),1615,"8/2, Motaleb Tower (2nd Floor), 2fl-K, Paribagh, Hatirpul, Dhaka-1000 Phone: 8621138, Fax: 8122272 www.crts-bd.org",2001-01-25,2016-01-25,2026-01-25,Dhaka,Bangladesh,,Bangladesh NGO Affairs Bureau - Local NGO List (up to 19 August 2026)
Centre for Rights and Development (CRD),1320,"Vill: Palli Bidyut More, PO: Chotodap, UZ: Atwari, Panchagar.",1998-12-14,2018-12-14,2028-12-14,Dhaka,Bangladesh,,Bangladesh NGO Affairs Bureau - Local NGO List (up to 19 August 2026)
Centre for Services And Information On Disability,1322,"House-676, Road-13, Baitul Aman Housing Society, Adabor, Dhaka-1207 Phone : 9129727, 8125669, 8143882",1998-12-15,2018-12-15,2028-12-15,Dhaka,Bangladesh,,Bangladesh NGO Affairs Bureau - Local NGO List (up to 19 August 2026)
Centre for Sustainable Development,0473,"FHaoxu:s 8e1-82/566 (619st Floor), Block-B, Lalmatia, Dhaka-1207 Phone: 9119126, Fax: 9130083 www.cfsd-bd.org",1991-05-22,2011-05-24,2016-05-24,Dhaka,Bangladesh,,Bangladesh NGO Affairs Bureau - Local NGO List (up to 19 August 2026)
Centre for Sustainable Development and Research (CSDR),2583,"248, Chandmari Road, Bankpara, Gopalganj Town, Dist: Gopalganj Phone: 01730-059357",2010-06-17,2015-06-17,2020-06-17,Dhaka,Bangladesh,,Bangladesh NGO Affairs Bureau - Local NGO List (up to 19 August 2026)
Centre for Women and Children Studies (CWCS),1116,"92, New Eskaton Road, Dhaka Phone : 9351126, Fax: 9337289",1997-01-02,2017-01-02,2027-01-02,Dhaka,Bangladesh,,Bangladesh NGO Affairs Bureau - Local NGO List (up to 19 August 2026)
Centre fro Capacity Building of Voluntary Organization (CCBVO),2760,"Mahis Bathan, Rajshai Court, Rajshahi. Phone: 01711-274278",2013-01-03,2018-01-03,2028-01-03,Rajshahi,Bangladesh,,Bangladesh NGO Affairs Bureau - Local NGO List (up to 19 August 2026)
Chaindha Rakkhita Shishu Sadan,2118,"Sonaichari Marogapara, Naikhongchari, Bandarban Hill Tract District, Bandarban. Phone: 01827-7262844",2006-08-06,2021-08-06,2031-08-05,Bandarban,Bangladesh,,Bangladesh NGO Affairs Bureau - Local NGO List (up to 19 August 2026)
Chalanbeel Dustha Mahila Shangstha,3020,"Vill+PO+Upazilla: Tarash, Dist: Sirajganj Phone: 01952373488",2016-04-18,,2021-04-18,Dhaka,Bangladesh,,Bangladesh NGO Affairs Bureau - Local NGO List (up to 19 August 2026)
Chalantika Jubo Society,2500,"Chowdhury Villa, House-01, Road-06, Sonadanga R/A, Khulna Phone: 041-731976 www.chalantika.org",2009-10-22,2014-10-22,2019-10-22,Khulna,Bangladesh,,Bangladesh NGO Affairs Bureau - Local NGO List (up to 19 August 2026)
Chalna Bandor Mahila Samity,0678,"Old Port Residential Area, Mongla, Bagerhat Phone: 01711-108895",1993-01-24,2018-01-24,2028-01-23,Bagerhat,Bangladesh,,Bangladesh NGO Affairs Bureau - Local NGO List (up to 19 August 2026)
Chalo Kaj Kori,1767,"Kha-52/3, Khilkhet Namapara, Badda, Dhaka.",2002-11-30,,2007-11-30,Dhaka,Bangladesh,,Bangladesh NGO Affairs Bureau - Local NGO List (up to 19 August 2026)
Chamurkhan Nari Kallyan Hastoshilpo Prasikkhan Kendra,3112,"House-2009/|A, Uttarkhan Mazar, Taltala, Uttarkhana, Dhaka, Mob: 017283227992",2017-11-19,,2027-11-19,Dhaka,Bangladesh,,Bangladesh NGO Affairs Bureau - Local NGO List (up to 19 August 2026)
Chandpur Socio-Economic Development Organization (CSEDO),2438,"Chowdhury Palaza (1st Floor), Hodling No.-381, Warless Bazar, Fardiganj Road, Dist: Chandpur",2009-05-18,2024-05-18,2034-05-17,Chandpur,Bangladesh,,Bangladesh NGO Affairs Bureau - Local NGO List (up to 19 August 2026)
Chandradip Development Society,1911,"Chandradip Munir bug, Najir Mahalla, Barisal-8200. Phone:0431-63375",2004-02-24,2019-02-24,2029-02-24,Barisal,Bangladesh,,Bangladesh NGO Affairs Bureau - Local NGO List (up to 19 August 2026)
Change,0976,"House # 35A, Road # 15(New) 27 (Old), Dhanmondi R/A, Dhaka",1995-10-14,,2000-10-14,Dhaka,Bangladesh,,Bangladesh NGO Affairs Bureau - Local NGO List (up to 19 August 2026)
Change and Development (CAD),2252,"25 Kabi Golam Mostafa Road (G. Floor), Arafpur, Jhenidaha-7300 Phone: 01763-147147",2007-07-17,2017-07-17,2027-07-17,Jhenaidah,Bangladesh,,Bangladesh NGO Affairs Bureau - Local NGO List (up to 19 August 2026)
Changemaker: Society for Social and Economic Development,2167,"House-08, Road-13 (New), Suit-F-3, Dhanmondi, Dhaka-1209.",2006-11-27,,2011-11-27,Dhaka,Bangladesh,,Bangladesh NGO Affairs Bureau - Local NGO List (up to 19 August 2026)
Char Fashion Orphanage,2670,"Char Fashion Pourashava, PS-Char Fashion, Dist: Bhola.",2012-01-30,2017-01-30,2027-01-30,Bhola,Bangladesh,,Bangladesh NGO Affairs Bureau - Local NGO List (up to 19 August 2026)
Charity Foundation (CF),2008,"House-71, Road-07, Block-H, Banani, Dhaka-1213 Phone: 01763-731763, Fax: 8153966",2005-02-13,2011-02-13,2016-02-13,Dhaka,Bangladesh,,Bangladesh NGO Affairs Bureau - Local NGO List (up to 19 August 2026)
Char-O-Janata Unnayan Sangshta (CJUS),2401,"Char Sajai, Kodalkadi, Rajibpur, Kurigram Phone: 01785-42172",2009-01-13,2019-01-13,2029-01-13,Kurigram,Bangladesh,,Bangladesh NGO Affairs Bureau - Local NGO List (up to 19 August 2026)
Chattogram Women Working for Family Planning & Welfare,0124,"61, Bodiul Alam Bhaban, Jamalkhan, Chattogram. Phone: 031-634648",1982-10-20,2010-04-20,2015-04-20,Chattogram,Bangladesh,"Cancelled on 19/04/2010, Revived on 07/04/2013",Bangladesh NGO Affairs Bureau - Local NGO List (up to 19 August 2026)
Chayakunja Development Society,2572,"317, Solaiman Nagar, Sher-E-Bangla Road, Khulna",2010-05-16,2020-05-16,2030-05-16,Khulna,Bangladesh,,Bangladesh NGO Affairs Bureau - Local NGO List (up to 19 August 2026)
Chayatal Bangladesh,3296,"37/1-A, Jouri Moholla, Mohammadpur, Dhaka Phone: 01717581615 email: chayatalbd@gmail.com",2022-06-13,,2032-06-12,Dhaka,Bangladesh,,Bangladesh NGO Affairs Bureau - Local NGO List (up to 19 August 2026)
Chetana Samaj Kallyan Kendra,1378,"A/133A, Flat:B-7, Road-03, Block-a, Niketon, Gulshan-1, Dhaka-1212. Phone: 9899729",1999-05-10,2014-05-10,2024-05-10,Dhaka,Bangladesh,,Bangladesh NGO Affairs Bureau - Local NGO List (up to 19 August 2026)
Chetona,2929,"West Barandi Mollapara, Amtola, Jessore Phone: 01719-50283",2015-05-19,,2020-05-19,Jessore,Bangladesh,,Bangladesh NGO Affairs Bureau - Local NGO List (up to 19 August 2026)
Chetona Manobik Unnayan Sangstha,2496,"Jilim Road, PO: Chapainawabgank, Sadar, Chapainawabganj Phone: 0781-52148",2009-10-14,2019-10-14,2029-10-14,Chapainababg anj,Bangladesh,,Bangladesh NGO Affairs Bureau - Local NGO List (up to 19 August 2026)
"Chetona, Paribesh & Manob Unnayan Sangstha",2915,"Vill: Maskandi, PO: Usmanpur, Upazila: Kulierchar, Dist: Kishorganj. Phone: 0288136077-9",2015-01-25,,2020-01-25,Kishorganj,Bangladesh,,Bangladesh NGO Affairs Bureau - Local NGO List (up to 19 August 2026)
Child and Mother Care,3152,"26/1, Chamilybagh, Malibagh, Dhaka., Phone: 01853499025",2018-05-22,,2028-05-22,Dhaka,Bangladesh,,Bangladesh NGO Affairs Bureau - Local NGO List (up to 19 August 2026)
Child Health Awareness Foundation,2778,"84 Bashir Uddin Road, Kalabagan, Dhaka. Phone: 01819-387907",2013-04-01,2018-04-01,2028-04-01,Dhaka,Bangladesh,,Bangladesh NGO Affairs Bureau - Local NGO List (up to 19 August 2026)
Child Health Research Foundation,3183,"Sel Huq Skypark, 5th Floor, 23/2, Khilji Road, Shyamoli, Mohammadpur, Dhaka-1207",2018-12-26,,2028-12-25,Dhaka,Bangladesh,,Bangladesh NGO Affairs Bureau - Local NGO List (up to 19 August 2026)
Child Sight Foundation,1978,"House-09, Flat A1 & B3, Road-2/1, Banani R/A, Dhaka Phone: 9855731, Fax: 9841513",2004-10-31,2019-10-31,2029-10-31,Dhaka,Bangladesh,,Bangladesh NGO Affairs Bureau - Local NGO List (up to 19 August 2026)
Children Development Program,0623,"House-14, Ward-40, Vatara Main Road, West Vatara, Dhaka-1212 Phone: 09613372372, 02226621585 email: office@cdp.ngo",1992-06-01,2022-06-01,2032-05-31,Dhaka,Bangladesh,,Bangladesh NGO Affairs Bureau - Local NGO List (up to 19 August 2026)
"Children Heart Foundation and Research, Dhaka",3053,"w13w Gw.rcedepn. oSrugp.bedr Market (2nd Floor), 139-0140, Green Road, Dhaka-1215 Phone: 01819247365",2016-11-21,2021-11-21,2031-11-20,Dhaka,Bangladesh,,Bangladesh NGO Affairs Bureau - Local NGO List (up to 19 August 2026)
Children's Charter Foundation,2271,"House-147/5 (Ground Floor), West Agargaon, Mohammadpur, Dhaka-1207.",2007-09-12,,2012-09-12,Dhaka,Bangladesh,,Bangladesh NGO Affairs Bureau - Local NGO List (up to 19 August 2026)
Childrens Hope,1596,"House-139, Lane-04, Estern Road, New DOHS, Mohakhali, Dhaka Phone: 8714256-2, Fax: 9883430",2000-12-10,2020-12-10,2030-12-10,Dhaka,Bangladesh,,Bangladesh NGO Affairs Bureau - Local NGO List (up to 19 August 2026)
Children's Television Foundation of Bangladesh,2856,"13/21 Babor Raod, Block-B, Mohammadpur, Dhaka phone: 9180331",2014-05-12,,2019-05-12,Dhaka,Bangladesh,,Bangladesh NGO Affairs Bureau - Local NGO List (up to 19 August 2026)
Chilmari Distressed Development Foundation,2520,"P.O & Upazilla: Chilmari, Dist.: Kurigram. Phone: 01718-131499",2009-12-01,2014-12-01,2024-12-01,Kurigram,Bangladesh,,Bangladesh NGO Affairs Bureau - Local NGO List (up to 19 August 2026)
Chilmari Palli Unnayan Foundation,2588,"House-16, Chandnagar, Post: Sayedpur-5310, UZ: Sayedpur, Dist: Nilphamari Phone: 01715-041928",2010-07-15,2025-07-15,2035-07-14,Nilphamari,Bangladesh,,Bangladesh NGO Affairs Bureau - Local NGO List (up to 19 August 2026)
Chinishpur Dipshikha Mohila Samity,1363,"Vill:Chinishpur, P.O:Narsingdi Govt. College, Narsingdi. Phone : 01711-647871, 9463999",1999-04-06,2019-04-06,2029-04-06,Narsingdhi,Bangladesh,,Bangladesh NGO Affairs Bureau - Local NGO List (up to 19 August 2026)
Chinnamukul Bangladesh,1525,"Hospital Road, Kurigram-5600 Phone: 0581-62238",2000-05-16,2020-05-16,2030-05-15,Kurigram,Bangladesh,,Bangladesh NGO Affairs Bureau - Local NGO List (up to 19 August 2026)
Chinnamul Shishu Kishore,0452,"H-29B, Rd-01, Dhanmondi, Dhaka.",1991-03-25,2006-03-25,2011-03-25,Dhaka,Bangladesh,,Bangladesh NGO Affairs Bureau - Local NGO List (up to 19 August 2026)
Chinnomul Foundation,2934,"Vill: Haibatpur, PO: Nakipur, Shamnagar, Satkhira Phone: 01926-866133",2015-05-25,,2020-05-25,Sathkhira,Bangladesh,,Bangladesh NGO Affairs Bureau - Local NGO List (up to 19 August 2026)
Chintak Associationfor Cultural Advancement (CHACA),3072,"Vill: Masteerpara, Gabindaganj, Gaibandha Phone: 01712285245",2017-01-03,,2022-01-03,Gaibandha,Bangladesh,,Bangladesh NGO Affairs Bureau - Local NGO List (up to 19 August 2026)
Chitra Mohila Samity,0381,"G.R. Bhabon, Bhoakhali, Narail Phone : 3451",1990-05-09,2010-05-09,2015-05-08,Narail,Bangladesh,,Bangladesh NGO Affairs Bureau - Local NGO List (up to 19 August 2026)
Chitra Unnayan Kendra,2638,"Shahid Mozib Road, Room No-111, Narail. Phone: 01720-300838",2011-05-03,2021-05-03,2031-05-02,Narail,Bangladesh,,Bangladesh NGO Affairs Bureau - Local NGO List (up to 19 August 2026)
Christian Commission for Development in Bangladesh (CCDB),0008,"88, Sen Para Parbatya, Section-10, Mirpur, Dhaka. Phone : 8011970-3, 9010817 Fax: 9020227",1981-04-22,2020-05-15,2030-05-15,Dhaka,Bangladesh,,Bangladesh NGO Affairs Bureau - Local NGO List (up to 19 August 2026)
Christian Life Bangladesh,0296,"33, Senpara Parbota, Mirpur-10, Dhaka. Phone: 9004199",1989-05-18,2019-05-18,2029-05-18,Dhaka,Bangladesh,,Bangladesh NGO Affairs Bureau - Local NGO List (up to 19 August 2026)
Christian Ministry to Children and Youth (CMCY),1140,"St. Thomas Cathedral 54 Johnson Road, Dhaka-1100 Tel: 88-02-47119012 email:cmcybd1@gmail.com",1997-03-08,2022-03-08,2032-03-07,Dhaka,Bangladesh,,Bangladesh NGO Affairs Bureau - Local NGO List (up to 19 August 2026)
Christian Mission Hospital,0096,"PO Box-25, Rajshah Phone: 0721-776180",1981-04-22,2020-04-22,2030-04-22,Rajshahi,Bangladesh,,Bangladesh NGO Affairs Bureau - Local NGO List (up to 19 August 2026)
Christian Service Society,0010,"1660 & 1661 Jalma Old Farighat Road, Jalma, Batiaghata, Khulna. Phone: 01713370721 email: css@cssbd.org",1981-04-22,2020-05-15,2030-05-15,Dhaka,Bangladesh,,Bangladesh NGO Affairs Bureau - Local NGO List (up to 19 August 2026)
Citizens Program for Human Development,3115,"House-20, Road-04, Block-F, Banani, Dhaka-1212, Tel: 02-8826477",2017-11-21,,2027-11-21,Dhaka,Bangladesh,,Bangladesh NGO Affairs Bureau - Local NGO List (up to 19 August 2026)
Civic Bangladesh,2677,"Kalpana Suader, A-2, 13/10 Babur Road, Block-B, Mohammadpur, Dhaka. Phone: 8159740",2012-02-23,,2017-02-23,Dhaka,Bangladesh,,Bangladesh NGO Affairs Bureau - Local NGO List (up to 19 August 2026)
CIVIC Foundation,3540,"Antarango, House-111, Road-1, East Shalban, Rangpur City Corporation, Rangpur-5400 Phone: 01717303800 Phone: civic.foundation@gmail.com",2025-12-04,,2035-12-03,Rangpur,Bangladesh,,Bangladesh NGO Affairs Bureau - Local NGO List (up to 19 August 2026)
Coalition for the Urban Poor (CUP),1502,"16/19/B/B, Babar Road, Mohammadpur, Dhaka-1207 Phone: 9132887, 8115718 Fax: 9132887 www.cupbd.org",2000-04-18,2016-04-18,2026-04-18,Dhaka,Bangladesh,,Bangladesh NGO Affairs Bureau - Local NGO List (up to 19 August 2026)
COAST Foundation,1242,"Metro Melody, House-13 (1st Fl.), Road-2, Shyamoli, Dhaka-1207 Phone: 8125181, Fax: 9129395 www.coastbd.org",1998-02-24,2018-02-24,2028-02-24,Dhaka,Bangladesh,Name Change on 21.06.2021,Bangladesh NGO Affairs Bureau - Local NGO List (up to 19 August 2026)
Coastal Area Resource Development and Management Association (CARDMA),0906,"159, Gulshan Avenue, Dhaka Phone: 9888694, Fax: 8822676",1995-02-23,2010-02-23,2015-02-23,Dhaka,Bangladesh,,Bangladesh NGO Affairs Bureau - Local NGO List (up to 19 August 2026)
Coastal Development Partnership,1749,"55/2, Islampur Road, Khulna Phone : 732865 www.cdpbd.org",2002-10-21,2022-10-21,2032-10-20,Khulna,Bangladesh,,Bangladesh NGO Affairs Bureau - Local NGO List (up to 19 August 2026)
College of Christian Theology Bangladesh,0063,"P.O: BPATC, Savar, Dhaka-1343 Phone: 7745824",1980-08-27,2020-05-15,2030-05-15,Dhaka,Bangladesh,,Bangladesh NGO Affairs Bureau - Local NGO List (up to 19 August 2026)
Come To Work(CTW),0238,"Vill: Manmathapur, PO: Chaklabazar, UZ: Parbatipur, PO: 5250, Dist: Dinajpur. Phone: 01712-041915",1987-10-05,2017-10-05,2027-10-05,Dinajpur,Bangladesh,,Bangladesh NGO Affairs Bureau - Local NGO List (up to 19 August 2026)
Comepate,2688,"House-1079, Road-6A, Avenue-8, DOHS Mirpur, Dhaka-1216",2012-04-08,2017-04-08,2027-04-08,Dhaka,Bangladesh,,Bangladesh NGO Affairs Bureau - Local NGO List (up to 19 August 2026)
Comilla Proshika Centre for Development,0152,"House # 66 (1st Floor), Road # 8A (New), Dhanmondi R/A., Dhaka. Phone : 81123531",1983-09-04,2020-05-15,2030-05-14,Dhaka,Bangladesh,,Bangladesh NGO Affairs Bureau - Local NGO List (up to 19 August 2026)
Commitment for Advanced Learning Society (CALS),2261,"Colonel Rahman Road, Arafpur, Post: Jhenidaha, Dist.: Jhenidaha Phone: 0451-61192",2007-08-12,2017-08-12,2027-08-12,Jhenaidah,Bangladesh,,Bangladesh NGO Affairs Bureau - Local NGO List (up to 19 August 2026)
Community Advancement Forum (CAF),2022,"Ujanipara, PO Box: 05, Montu Babu Building (3rd floor), Bandarban-4600, Bandarban, Phone: 0361-63229",2005-03-29,2015-03-29,2025-03-29,Bandarban,Bangladesh,,Bangladesh NGO Affairs Bureau - Local NGO List (up to 19 August 2026)
Community Against Poverty-CAP,3241,"Goashpur, P.O: Pirpur Bazar, Chatak, Sunamganj, Mob: 01712543304",2020-07-26,,2030-07-26,Sunamganj,Bangladesh,,Bangladesh NGO Affairs Bureau - Local NGO List (up to 19 August 2026)
Community Assistance for Rural Development (CARD),2704,"House-60/C (2nd Floor), Road-27 (Old), 16 (New), Dhanmondi, Dhaka. Phone: 58151813",2012-05-28,2017-05-28,2027-05-27,Dhaka,Bangladesh,,Bangladesh NGO Affairs Bureau - Local NGO List (up to 19 August 2026)
Community Based Development Project (CBDP),3384,"81, Abdul Kader Sarok, Barguna Phone: 01718873471 email: mirazcbdp@gamail.com",2023-10-29,,2033-10-28,Barguna,Bangladesh,,Bangladesh NGO Affairs Bureau - Local NGO List (up to 19 August 2026)
Community Development Advancement,2960,"House-199, Nirala Bhaban, Shabujbagh, Dist: Patuakhali Phone: 044164141",2015-08-23,,2020-08-23,Patuakhali,Bangladesh,,Bangladesh NGO Affairs Bureau - Local NGO List (up to 19 August 2026)
Community Development and Health Care Centre (CDHC),2293,"306/2, Godown Road, Galachipa, Patuakhali Phone: 04424-56502",2007-11-28,2017-11-28,2027-11-28,Patuakhali,Bangladesh,,Bangladesh NGO Affairs Bureau - Local NGO List (up to 19 August 2026)
Community Development Association,0234,"Barhatta Road, Netrakona Phone: 01925-313403",1987-08-30,2012-08-30,2017-08-30,Netrakona,Bangladesh,,Bangladesh NGO Affairs Bureau - Local NGO List (up to 19 August 2026)
Community Development Association,0283,"House-51, Block-01, Upashahar, Dinajpur-5200 Phone: 0531-64428, Fax: 0531-65605",1989-01-16,2019-01-16,2029-01-16,Dinajpur,Bangladesh,,Bangladesh NGO Affairs Bureau - Local NGO List (up to 19 August 2026)
Community Development Centre,0263,"House-47/H, Road-01, Ispahani Park, South Khulshi, Chattogram. Phone: 031-610607, 612972 Fax: 031-2853824 www.codecbd.org",1988-04-09,2018-04-08,2028-04-08,Chattogram,Bangladesh,,Bangladesh NGO Affairs Bureau - Local NGO List (up to 19 August 2026)
Community Development Centre of Bangladesh (CDCB),1778,"Matrisadan Road, Pirojpur",2002-12-23,,2007-12-23,Pirojpur,Bangladesh,,Bangladesh NGO Affairs Bureau - Local NGO List (up to 19 August 2026)
Community Development Concern(CDC),3292,"Ujani Para, PO & PS: Sadar, Bandarban Phone: 01553209485 email: cdc@yahoo.com",2022-05-16,,2032-05-15,Bandarban,Bangladesh,,Bangladesh NGO Affairs Bureau - Local NGO List (up to 19 August 2026)
Community Development for Peace(CDP),3512,"Pragati Tower (L-11), Kha-214/E, Pragati Sarani, Merul Badda, Dhaka-1212 Phone: 01733005955 email: info/2cdworld.org",2025-10-26,,2035-10-25,Dhaka,Bangladesh,,Bangladesh NGO Affairs Bureau - Local NGO List (up to 19 August 2026)
Community Development Foundation,1291,"152/1 paban House, Bazar Road, Santinagar, Dhaka-1217. Phone: 9350452",1998-09-03,2013-09-03,2023-09-03,Dhaka,Bangladesh,,Bangladesh NGO Affairs Bureau - Local NGO List (up to 19 August 2026)
Community Development Library (CDL),0126,"House-67/A, Road-9/A, Dhanmondi, Dhaka. Phone: 8113769, 8110495 Fax: 8110254 www.cdlbd-bd.org",1982-10-20,2015-05-15,2020-05-15,Dhaka,Bangladesh,,Bangladesh NGO Affairs Bureau - Local NGO List (up to 19 August 2026)
Community Development Partnership,1717,"15, Mymensing Road, Banglamotor, Dhaka Phone : 9664032",2002-06-02,,2007-06-02,Dhaka,Bangladesh,,Bangladesh NGO Affairs Bureau - Local NGO List (up to 19 August 2026)
Community Development Programme (CDP),1050,"Hatil, Post: Joypurhat, UZ+Dist: Joypurhat",1996-07-11,2026-07-10,2036-07-09,Joypurhat,Bangladesh,,Bangladesh NGO Affairs Bureau - Local NGO List (up to 19 August 2026)
Community Development Society (CDS),2333,"Vill: Shimulia, Post: Shimulia, Gopinathpur, Jhikorgacha, Dist.: Jessore. Phone: 01711-988091",2008-04-17,2018-04-17,2028-04-17,Jessore,Bangladesh,,Bangladesh NGO Affairs Bureau - Local NGO List (up to 19 August 2026)
Community Health Care Project,0025,"Plot # 1, Road-4, Section- 2, Block-B, Mirpur Housing Estate, Dhaka. Phone : 8015101-2, Fax: 9009811",1981-04-22,2005-05-15,2010-05-15,Dhaka,Bangladesh,,Bangladesh NGO Affairs Bureau - Local NGO List (up to 19 August 2026)
Community Health Development Society,1457,"260/1, West Shaorapara, Mirpur, Dhaka Phone : 01819-218378",1999-12-12,2014-12-12,2024-12-12,Dhaka,Bangladesh,,Bangladesh NGO Affairs Bureau - Local NGO List (up to 19 August 2026)
Community Initiative Society (CIS),3117,"190/1, Baro Moghbazar, Wireless Railgate, Dhaka-1217",2017-11-22,,2027-11-22,Dhaka,Bangladesh,,Bangladesh NGO Affairs Bureau - Local NGO List (up to 19 August 2026)
Community Life (CL)],0898,"House-80, Road-18, Sector-11, (3rd Floor), Uttara, Dhaka-1230 Phone: 01731-153486",1995-02-07,2020-02-07,2030-02-06,Dhaka,Bangladesh,,Bangladesh NGO Affairs Bureau - Local NGO List (up to 19 August 2026)
Community Management Centre (CMC),3157,"Village: Nuniagari, Professor Para, Polashbari, Dist: Gaibandha. Mobile: 01712315591",2018-07-15,,2028-07-15,Gaibandha,Bangladesh,,Bangladesh NGO Affairs Bureau - Local NGO List (up to 19 August 2026)
Community Organization for Livelihood Improvement (COLI),1967,"Vill-+Post+Upazilla- Isshargonj, Dist.- Mymensingh. Phone: 8057435",2004-10-04,2009-10-04,2014-10-04,Mymensingh,Bangladesh,,Bangladesh NGO Affairs Bureau - Local NGO List (up to 19 August 2026)
Community Participation and Development,1016,"1/F, North Adabor, Ring Road, Shymali, Dhaka-1207 Phone: 9132862 www.cpdbd.com",1996-03-07,2021-03-07,2031-03-07,Dhaka,Bangladesh,,Bangladesh NGO Affairs Bureau - Local NGO List (up to 19 August 2026)
Community Participation for Health and Development (CPHD),2048,"65/D, Jhigatola (3rd Floor), Dhaka-1209. Phone: 9631007",2005-12-21,2010-12-21,2015-12-21,Dhaka,Bangladesh,,Bangladesh NGO Affairs Bureau - Local NGO List (up to 19 August 2026)
Community Reconstruction Centre,0336,"Morrelganj, Bagerhat Phone: 041-732450",1990-01-09,2020-01-09,2030-01-09,Bagerhat,Bangladesh,,Bangladesh NGO Affairs Bureau - Local NGO List (up to 19 August 2026)
Community Service Centre (CSC),0536,"Ladies Club Building, Bels Pachi, Raza Shahar Road, Barisal. Phone : 3167",1991-09-24,2001-09-24,2006-09-24,Barisal,Bangladesh,,Bangladesh NGO Affairs Bureau - Local NGO List (up to 19 August 2026)
Community Support Foundation,3340,"Raihan Complex (2nd Floor), 180, Nawab Sirajdowlla Road, Chawkbazar, Chittagram-4203 Phone: 01819800854",2023-03-07,,2033-03-06,Chattogram,Bangladesh,,Bangladesh NGO Affairs Bureau - Local NGO List (up to 19 August 2026)
Community Welfare Foundation,0306,"House-205, Road-08, Sonadanga R/A, (1st Phase), Sonadanga, Khulna Phone: 01839-996732 email: cwfkhulna.bd@gmail.com",1989-07-12,2019-07-12,2029-07-12,Khulna,Bangladesh,"Cancelled on 18/04/2010, Revived on 18/10/2015",Bangladesh NGO Affairs Bureau - Local NGO List (up to 19 August 2026)
Comptech Bangladesh,2184,"KD Ghosh Road, 106-107 K.C.C. Super Market (1st Floor), K.D. Gosh Road, Khulna. Phone: 01917-939001, 01197-029595",2007-01-15,2012-01-15,2017-01-15,Khulna,Bangladesh,,Bangladesh NGO Affairs Bureau - Local NGO List (up to 19 August 2026)
Comunity Eye Care and Research Centre,1801,"Ashratpur, Rangpur Cadet College, Rangpur Phone : 61337",2003-02-24,2018-02-24,2028-02-24,Rangpur,Bangladesh,,Bangladesh NGO Affairs Bureau - Local NGO List (up to 19 August 2026)
Concern On National Problems,1186,"House-35, Road-10, Sector-04, Uttara Model Town, Dhaka. Phone: 8952777, 8952777",1997-09-07,2012-09-07,2017-09-07,Dhaka,Bangladesh,,Bangladesh NGO Affairs Bureau - Local NGO List (up to 19 August 2026)
Concern Services for Disabled (CSD),2472,"Gaptapara, P.O.: Nandirhat, Ward No.-01, Chattogram City Corporation, Hathazari, Chattogram. Phone: 031-2580588",2009-08-04,2014-08-04,2019-08-04,Chattogram,Bangladesh,,Bangladesh NGO Affairs Bureau - Local NGO List (up to 19 August 2026)
Concern with Environmental Development and Research (CEDER),1132,"768, Satmasjid Road, Dhanmondi, Dhaka Phone : 9121504, 9145667",1997-02-01,2017-02-01,2027-02-01,Dhaka,Bangladesh,,Bangladesh NGO Affairs Bureau - Local NGO List (up to 19 August 2026)
Concerned Women for Family Development.,0072,"House-16 & 18, Road-01, Block-E, Bonosree, Rampura, Dhaka-1219. Phone: 7287046, Fax: 7287019 www.cwfd.org",1981-04-22,2020-05-15,2030-05-15,Dhaka,Bangladesh,,Bangladesh NGO Affairs Bureau - Local NGO List (up to 19 August 2026)
Conservation of Environment & Empowerment of the Poor (SEEP),2610,"327/1 Noyatola Maghbazar, Dhaka. Phone: 01711-707421",2010-11-09,,2015-11-09,Dhaka,Bangladesh,,Bangladesh NGO Affairs Bureau - Local NGO List (up to 19 August 2026)
Consumers Association of Bangladesh,0197,"House-8/6, Segunbagicha, Dhaka. Phone : 9562858, Fax: 9577452 www.consumerbd.org",1986-03-02,2021-03-02,2031-03-02,Dhaka,Bangladesh,,Bangladesh NGO Affairs Bureau - Local NGO List (up to 19 August 2026)
Coop Benedict Memorial Society (CBMS),2244,"Vill: Vennabari, Post: Uttar Vennabari, Upazilla+Dist.: Gopalgonj Phone: 01712-909974",2007-06-13,2017-06-13,2027-06-13,Gopalganj,Bangladesh,,Bangladesh NGO Affairs Bureau - Local NGO List (up to 19 August 2026)
"Co-operative Credit Union League of Bangladesh, The",0247,"Calbe Bhaban, School Road, Khilbarir Tek, Gulshan, Dhaka.",1987-12-28,2004-12-28,2009-12-28,Dhaka,Bangladesh,,Bangladesh NGO Affairs Bureau - Local NGO List (up to 19 August 2026)
Council of Monirities (COM),3469,"House-1/7,1stFloor,Block-F,Aziz Moholla, Mohammadpur, Dhaka-1207 Phone: 01727139810 email: khalid.aygusc@gmail.com",2025-06-03,,2035-06-02,Dhaka,Bangladesh,,Bangladesh NGO Affairs Bureau - Local NGO List (up to 19 August 2026)
Country Development Organization,3017,"Vill & PO: Banesher Wardi, House-316, Upazila: Nagarkanda, Faridpur Phone: 01720132466",2016-03-07,2021-03-07,2031-03-06,Faridpur,Bangladesh,,Bangladesh NGO Affairs Bureau - Local NGO List (up to 19 August 2026)
Country Vision,1577,"House-40, Level-LV-3, Road-6/A, Dhanmondi, Dhaka-1209 Phone: 9144036, 8871601, Cell: 01842-666322, Fax: 8125626 www.countryvision.org",2000-10-18,2025-05-18,2035-05-17,Dhaka,Bangladesh,,Bangladesh NGO Affairs Bureau - Local NGO List (up to 19 August 2026)
Cox's Bazar Baitus Sharaf Hospital,1234,"Baitus Sharaf Complex, Baitus Sharaf Road, Cox's Bazar. Phone : 0341-63911",1998-01-22,2018-01-22,2028-01-22,Cox'sBazar,Bangladesh,,Bangladesh NGO Affairs Bureau - Local NGO List (up to 19 August 2026)
Cox'sbazar Mohila O Shishu Unnyan Sangstha,3555,"Lith House, Cox'sbazar Phone: 01829320747 www,cwcwdi@gmail",2026-01-06,,2036-01-05,Cox'sbazar,Bangladesh,,Bangladesh NGO Affairs Bureau - Local NGO List (up to 19 August 2026)
Creative Village Development Foundation,3490,"Eye Hospital Road, Goaldi, Post: Aminpur, Sonargaon Pourasova, Sonargaon, Narayanganj Phone: 01711277040",2025-08-17,,2035-08-16,Narayanganj,Bangladesh,,Bangladesh NGO Affairs Bureau - Local NGO List (up to 19 August 2026)
Credit & Development Forum (CDF),0859,"House-5/8, Block-D, Lalmatia, Dhaka-1207. Phone: 8142998, 8143001",1994-10-01,2014-10-01,2019-10-01,Dhaka,Bangladesh,,Bangladesh NGO Affairs Bureau - Local NGO List (up to 19 August 2026)
Crescent,2380,"Old Sathkhira, Sathkhira. Phone: 0471-63078",2008-07-22,2018-07-22,2028-07-22,Sathkhira,Bangladesh,,Bangladesh NGO Affairs Bureau - Local NGO List (up to 19 August 2026)
CRUD (Committee for Rural & Urban Development),2770,"House-51, Chiriakhana Road, Sastonogor, Habiganj Phone: 01711-171405",2013-03-06,2018-03-06,2028-03-06,Habiganj,Bangladesh,,Bangladesh NGO Affairs Bureau - Local NGO List (up to 19 August 2026)
CSD Foundation,3525,"House-18 (4th Floor), Road-15, Rupnagar R/A, Mirpur, Dhaka-1216 Phone: 01750700200 email: infocsdfoundation@gmai.com",2025-11-11,,2035-11-10,Dhaka,Bangladesh,,Bangladesh NGO Affairs Bureau - Local NGO List (up to 19 August 2026)
CSD-Cooperation for Social Development,3001,"North Shewta, Dist: Manikganj Phone: 01714899728 Email:csdbd5@gmail.co Web: csdbd.org",2016-02-08,2021-02-08,2031-02-08,Manikganj,Bangladesh,Name Changed on 07/01/2018,Bangladesh NGO Affairs Bureau - Local NGO List (up to 19 August 2026)
CSR Center,3396,"House-11, Road-14, Gulshan-1, Dhaka. Phone: 01713009090 email: nizam@csrcenter.bd.org",2023-12-24,,2033-12-23,Dhaka,Bangladesh,,Bangladesh NGO Affairs Bureau - Local NGO List (up to 19 August 2026)
Cultural Movement for Human Development,2303,"House-37, Road-14, Rupnagar R/A, Mirpur, Dhaka-1216",2008-02-05,,2013-02-05,Dhaka,Bangladesh,,Bangladesh NGO Affairs Bureau - Local NGO List (up to 19 August 2026)
Dabi Moulic Unnayan Sangstha,0325,"Chakrampur, Kanthaltali, Santahar Road, Naogaon-6500 Phone: 0741-62072, 61078 www.dabi,webs.com",1989-11-18,2019-11-18,2029-11-17,Naogaon,Bangladesh,,Bangladesh NGO Affairs Bureau - Local NGO List (up to 19 August 2026)
Dackhin Anchalio Dariddo Bimochan Sangstha,2400,"College Branch Road, Barguna.",2009-01-13,,2014-01-13,Barguna,Bangladesh,,Bangladesh NGO Affairs Bureau - Local NGO List (up to 19 August 2026)
Daff Bangladesh,2226,"Shibtala, Chapainowabganj. Phone: 01730-110835 www.daff-bangladesh.org",2007-04-25,2017-04-25,2027-04-25,Dhaka,Bangladesh,,Bangladesh NGO Affairs Bureau - Local NGO List (up to 19 August 2026)
Dak Diya Jai,0484,"House-01, Bipas Road, Nasimpur, Pirojpur Sadar, Pirojpur Phone: 0461-62763 www.ddjbd.org",1991-06-08,2021-06-28,2031-06-27,Pirojpur,Bangladesh,,Bangladesh NGO Affairs Bureau - Local NGO List (up to 19 August 2026)
Dalit,1374,"37/1, Kedamatho Road, KUET, Moheswarpasha, Daulatpur, Khulna Phone: 041-775018",1999-04-28,2019-04-28,2029-04-28,Khulna,Bangladesh,,Bangladesh NGO Affairs Bureau - Local NGO List (up to 19 August 2026)
Daradi,1847,"Medicare Hospital, Daradi Clinic, G.M. Road, Fultala, Chowrasta, Kustia.",2003-06-28,,2008-06-28,Kustia,Bangladesh,,Bangladesh NGO Affairs Bureau - Local NGO List (up to 19 August 2026)
Darial Union Jono Kalyan Sangstha (DUJKS),1052,"Vill. Kamarkhali, Post. Uttampur, Thana Bakergonj, Dist. Barisal. Phone: 01715-596451",1996-08-03,2018-08-03,2028-08-03,Barisal,Bangladesh,,Bangladesh NGO Affairs Bureau - Local NGO List (up to 19 August 2026)
Daridra Bimochan shahyak Karmoshuchi,1777,"Sultan Mension, 3 Sujanagar, Pallabi, Mirpur-2, Dhaka Phone: 807380, 9000572 Fax: 9004571",2002-12-22,2007-12-22,2012-12-22,Dhaka,Bangladesh,,Bangladesh NGO Affairs Bureau - Local NGO List (up to 19 August 2026)
Daridra Bimochon Sagstha,2674,"Fulbagan Road, Mukharjee Para, Meherpur. Phone: 01791-62629",2012-02-09,2022-02-09,2032-02-09,Meherpur,Bangladesh,,Bangladesh NGO Affairs Bureau - Local NGO List (up to 19 August 2026)
Daridra Durikoron Sangstha (DADUS),3116,"43/1, Indera Road, Tejgaon, Dhaka. Mobile:01711595778",2017-11-21,,2027-11-21,Dhaka,Bangladesh,,Bangladesh NGO Affairs Bureau - Local NGO List (up to 19 August 2026)
Daridra Manabik Unnayan Sangstha,2881,"Nabagram Road, Barisal Phone: 01727-247127",2014-08-19,,2019-08-19,Barisal,Bangladesh,,Bangladesh NGO Affairs Bureau - Local NGO List (up to 19 August 2026)
Daridra Mochan Prochasta,2779,"Angona, Muslimpara, Nabogram Road, Barisal Phone: 01752-519155",2013-04-08,2018-04-08,2028-04-08,Faridpur,Bangladesh,,Bangladesh NGO Affairs Bureau - Local NGO List (up to 19 August 2026)
Daridra Nibaron Kendra,1511,"Vill: Jhikira, PO: Ullapara, UZ: Ullapara, Dist: Sirajganj. Phone: 07529-56170",2000-04-19,2010-04-19,2015-04-19,Sirajganj,Bangladesh,,Bangladesh NGO Affairs Bureau - Local NGO List (up to 19 August 2026)
Daridra Samaj Unnayan Sangstha,3494,"381/11,Purbasheri,SherpurTown, Sherpur Phone: 01717355207",2025-08-24,,2035-08-23,Sherpur,Bangladesh,,Bangladesh NGO Affairs Bureau - Local NGO List (up to 19 August 2026)
Daridraya Nerosan Prochesta (DNP),0530,"Ambikapur, Faridpur",1991-09-04,1996-09-04,2001-09-04,Faridpur,Bangladesh,,Bangladesh NGO Affairs Bureau - Local NGO List (up to 19 August 2026)
Darpan Jana Kallyan Samity,1418,"23/2, Sher-E-Bangla Road, Zigatola, Hazaribagh, Dhaka-1209 Phone: 01716-355682",1999-08-31,2019-08-31,2029-08-30,Dhaka,Bangladesh,"Cancelled on 13/04/2010, Revived on 01/01/2013",Bangladesh NGO Affairs Bureau - Local NGO List (up to 19 August 2026)
Darul Kidmah Wal Falah Bangladesh,1522,"376/3, South Paikpara, Al-amin Road, Mirpur, Dhaka Phone :9012569",2000-05-11,2020-05-21,2030-05-21,Dhaka,Bangladesh,,Bangladesh NGO Affairs Bureau - Local NGO List (up to 19 August 2026)
Dascoh Foundation,0934,"Lutheran Mission Complex, Dingadoba, Rajshahi. Phone: 0721-771354",1995-05-17,2020-05-17,2030-05-17,Dhaka,Bangladesh,,Bangladesh NGO Affairs Bureau - Local NGO List (up to 19 August 2026)
Dayemi Complex Bangladesh,0396,"42/2, Azimpur Choto Daira Sharif, Dhaka-1205 Phone: 01771-575262",1990-10-22,2015-10-22,2020-10-22,Dhaka,Bangladesh,"Cancelled on 13/04/2010, Revived on 18/10/2015",Bangladesh NGO Affairs Bureau - Local NGO List (up to 19 August 2026)
Dayemi Foundation,3014,"42/2, Azimpur Road, Chotto Dayera Sharif, Dhaka Phone: 9663086",2016-02-29,2021-02-28,2031-02-28,Dhaka,Bangladesh,,Bangladesh NGO Affairs Bureau - Local NGO List (up to 19 August 2026)
Debi Chowdhurani Palli Unnayan Kendra,1062,"Post. Chowdhurany, UZ: Pirgacha, Dist. Rangpur Phone: 01714-966608",1996-08-24,2021-08-24,2031-08-23,Rangpur,Bangladesh,,Bangladesh NGO Affairs Bureau - Local NGO List (up to 19 August 2026)
Debidwar Faizunnesa Foundation,2918,"Vill: Bakser, PO: Unjuti, PS: Debidwar, Dist: Comilla. Phne: 01819-130146",2015-02-02,2020-02-02,2030-02-02,Comilla,Bangladesh,,Bangladesh NGO Affairs Bureau - Local NGO List (up to 19 August 2026)
Dedate for Democracy,3533,"House-84, Road-17/A, Block-E, Banani, Dhaka-1213 Phone: 01618187085 email: dedatefordemocracybd@gmail.com",2025-11-30,,2035-11-29,Dhaka,Bangladesh,,Bangladesh NGO Affairs Bureau - Local NGO List (up to 19 August 2026)
Deep Eye Care Foundation,2423,"Dorsona, Akkelpur, Rangpur. Phone: 0521-61337",2009-03-30,2019-03-30,2029-03-30,Rangpur,Bangladesh,,Bangladesh NGO Affairs Bureau - Local NGO List (up to 19 August 2026)
Deep Swastho Shikkha Kalyan Foundation,2299,"Jowdanga, Satkhira. Phone: 01712-099801",2008-01-02,2018-01-02,2028-01-02,Sathkhira,Bangladesh,,Bangladesh NGO Affairs Bureau - Local NGO List (up to 19 August 2026)
Deepti Bhuban,1105,"19/B/4D, Ring Road (4th Floor), Mohammadpur, Dhaka-1207 Phone: 01712-114861",1996-11-30,2021-11-30,2031-11-29,Dinajpur,Bangladesh,,Bangladesh NGO Affairs Bureau - Local NGO List (up to 19 August 2026)
DEESHA,0463,"House-D/3, Sector-7, New Town, Jessore Phone: 02477763797 Mobile: 01712699080 email: deesha_jsr@yahoo.com",1993-01-23,2018-01-23,2028-01-23,Jessore,Bangladesh,,Bangladesh NGO Affairs Bureau - Local NGO List (up to 19 August 2026)
Dehergati Matri Mangal Samaj Seba Samity,1808,"w73w, wB.adreoebsahgah.c, oMmir.pbudr-2, Dhaka Phone : 8124375",2003-03-22,2008-03-22,2013-03-22,Dhaka,Bangladesh,,Bangladesh NGO Affairs Bureau - Local NGO List (up to 19 August 2026)
Democracy Watch,1174,"15 Eskaton Garden Road, Ramna, Dhaka-100 Phone: 9344225, 9344226 Fax: 88029330405 www.dwatch.bd.org",1997-07-24,2017-07-24,2027-07-24,Dhaka,Bangladesh,,Bangladesh NGO Affairs Bureau - Local NGO List (up to 19 August 2026)
Desh Bangla Development Association for Women,3064,"College Branch Road, Barguna, Barguna Phone: 01736366036",2016-12-14,2021-12-14,2031-12-13,Barguna,Bangladesh,,Bangladesh NGO Affairs Bureau - Local NGO List (up to 19 August 2026)
Desh Bangla foundation,3348,"House-141, Nutan College Mour, Bishawa Road, Jhalakathi. Phone: 01711055422 email: mizan_dbf@yahoo.com",2023-03-23,,2033-03-22,Jhalokathi,Bangladesh,,Bangladesh NGO Affairs Bureau - Local NGO List (up to 19 August 2026)
Desh Bangla kallyan Parishad,1430,"House-437 (2nd Floor), Block-C, Khilgaon Chowrasta, Dhaka-1219 Phone: 7252303-4, Fax: 7210485",1999-09-22,2014-09-22,2019-09-22,Dhaka,Bangladesh,,Bangladesh NGO Affairs Bureau - Local NGO List (up to 19 August 2026)
Desh Chetona,2894,"234 Sher E Bangla Road, Jhenaidah",2014-09-30,2019-09-30,2029-09-29,Jhenaidah,Bangladesh,,Bangladesh NGO Affairs Bureau - Local NGO List (up to 19 August 2026)
Desh Foundation,3568,"Vill:+Post:Jamdia(Charavita),UZ: Bagharpara, Dist: Jessore Phone: 01718152538 email: deshfoundationjess@gmail.com",2026-01-27,,2036-01-26,Jessore,Bangladesh,,Bangladesh NGO Affairs Bureau - Local NGO List (up to 19 August 2026)
Desh Seba Sangstha,1109,"Vill. & P.O. Amlabo, Belabo, Narsingdhi. Phone: 01677-104409",1996-12-12,2021-11-12,2031-12-11,Narsingdhi,Bangladesh,,Bangladesh NGO Affairs Bureau - Local NGO List (up to 19 August 2026)
Deshbangla Human Development Organization,3189,"Village: Dakkhin Chandshi, Gournadi, Dist: Barisal, Mob: 01784600440",2019-02-17,,2024-02-17,Barisal,Bangladesh,,Bangladesh NGO Affairs Bureau - Local NGO List (up to 19 August 2026)
Deshgram Manab Sampad & Paribash Unnayan Sangstha,2633,"College Gate, Main Road, New Town, Madaripur-7900 Phone: 01713-464577, 62300",2011-03-28,2021-03-28,2031-03-27,Madaripur,Bangladesh,,Bangladesh NGO Affairs Bureau - Local NGO List (up to 19 August 2026)
Destitute Child and Human Development Organisation (DCHDO),0889,"PO: Nangurahat, Thana: Monirampur, Jessore Phone : 01730-196876",1995-01-15,2020-01-15,2030-01-14,Jessore,Bangladesh,,Bangladesh NGO Affairs Bureau - Local NGO List (up to 19 August 2026)
Develop Humanitarionism for the Under Privilized Foundation (DHUP Foundation),2899,"House-607, Road-10, Baitul Aman Housing Society, Adabor, Shamoly, Dhaka Phone: 01819-211534",2014-10-20,2019-10-20,2029-10-19,Dhaka,Bangladesh,,Bangladesh NGO Affairs Bureau - Local NGO List (up to 19 August 2026)
Development Activities of Society-DAS,2518,"DC Office Road, Jhenaidah. Phone: 0451-61429",2009-11-26,2019-11-26,2029-11-26,Jhenaidah,Bangladesh,,Bangladesh NGO Affairs Bureau - Local NGO List (up to 19 August 2026)
Development and Welfare for the Needy,1958,"Ka-131/1, Kuril (Juma Vila), Thana-Badda, Dist. Dhaka-1219. Phone: 01552-407860",2004-09-11,2009-09-11,2014-09-11,Dhaka,Bangladesh,,Bangladesh NGO Affairs Bureau - Local NGO List (up to 19 August 2026)
Development Association for Rural People (DARP),2161,"Vill+Post: Begun Jowar, Upazilla: Badalgachi, Dist.: Nogaon",2006-11-16,2011-11-16,2021-11-16,Naogaon,Bangladesh,,Bangladesh NGO Affairs Bureau - Local NGO List (up to 19 August 2026)
Development Association for Youth,0608,"16/1, Horicharan Roy Road, Faridabad Dhaka Phone: 7448943, Fax: 9358651",1992-03-18,2017-03-18,2027-03-17,Dhaka,Bangladesh,,Bangladesh NGO Affairs Bureau - Local NGO List (up to 19 August 2026)
Development Centre International (DCI),0282,"House-695 (Gr. Fl.), Road-11, Baitul Aman Housing Society., Adabor, Shyamali, Dhaka. Phone : 9117166, Fax: 8115386",1988-12-21,2018-12-21,2028-12-21,Dhaka,Bangladesh,,Bangladesh NGO Affairs Bureau - Local NGO List (up to 19 August 2026)
Development Equality & Emancipation for Disadvantaged Peoples in Bangladesh,2350,"Ati Villa, House-320/6-A, West Pirerbagh, Shimultola, Mirpur, Dhaka Phone: 01720-021410",2008-05-11,2013-05-11,2018-05-11,Dhaka,Bangladesh,,Bangladesh NGO Affairs Bureau - Local NGO List (up to 19 August 2026)
Development for Disadvantaged People (DDP),2936,"Vill & PO: Banbaria, Sirajganj Phone: 01553-339800",2015-05-28,2020-05-28,2030-05-27,Sirajganj,Bangladesh,,Bangladesh NGO Affairs Bureau - Local NGO List (up to 19 August 2026)
Development for Society,1823,"707, Bara Moghbazar, Santinagar, Dhaka-1217",2003-04-30,2013-04-30,2018-04-30,Comilla,Bangladesh,,Bangladesh NGO Affairs Bureau - Local NGO List (up to 19 August 2026)
Development for the Poor,0316,"1/A/1, North Adabor (2nd Floor), Shyamoli, Dhaka-1207. Phone: 8122114 www.interconnection.org/developm ent",1989-09-09,2014-09-09,2024-09-09,Dhaka,Bangladesh,,Bangladesh NGO Affairs Bureau - Local NGO List (up to 19 August 2026)
Development For Unemployment of Poor people and Environment (DUPPE),1809,"39 Chamelybag, Shantinagar, Dhaka-1217. Phone: 9361079 E-mail: gibs@bd corp.com",2003-03-24,2008-03-24,2013-03-24,Dhaka,Bangladesh,,Bangladesh NGO Affairs Bureau - Local NGO List (up to 19 August 2026)
Development Idea Sharing Agency (DISA),1506,"Vill: Chotodheep, Upazila: Atwari, Dist: Panchagar. Phone: 01715-412359",2000-04-19,2010-04-19,2015-04-19,Panchagar,Bangladesh,"Cancelled on 12/04/2010, Revived on 09/11/2010",Bangladesh NGO Affairs Bureau - Local NGO List (up to 19 August 2026)
Development Initiative for Human Advancement(DIHA),3416,"Doulatpur, Adarsga Sadar,Comilla Phone: 01816474536 email: dihaorg008@gmail.com",2024-08-01,,2034-07-31,Comilla,Bangladesh,,Bangladesh NGO Affairs Bureau - Local NGO List (up to 19 August 2026)
Development Initiative for Social Advancement (DISA),1024,"E/11, Pallabi Extention, Mirpur-11 1/2, Dhaka-1216. Phone: 8023629, Fax: 9021858 www.disabd.org",1996-04-02,2021-04-02,2031-04-02,Comilla,Bangladesh,,Bangladesh NGO Affairs Bureau - Local NGO List (up to 19 August 2026)
Development Institute for Social and Human Affairs,2323,"Flat-A1, Road-6, House-6, Block-E, Section-2, Mirpur, Dhaka Phone: 8053470",2008-03-24,2018-03-24,2028-03-24,Dhaka,Bangladesh,,Bangladesh NGO Affairs Bureau - Local NGO List (up to 19 August 2026)
Development of Biotechnology and Environmental Conservation Centre (DEVTEC),1655,"House-190, Road-11/A, Dhanmondi, Dhaka.",2001-08-09,2021-08-09,2031-08-08,Dhaka,Bangladesh,,Bangladesh NGO Affairs Bureau - Local NGO List (up to 19 August 2026)
Development of Educational Service for Human (DESH),2782,"48, R.K. Mission Road, Dhaka Phone: 01715-934554",2013-04-15,2018-04-15,2028-04-15,Dhaka,Bangladesh,,Bangladesh NGO Affairs Bureau - Local NGO List (up to 19 August 2026)
Development of Health and Agriculture Rehabilitation Advancement (DHARA),2216,"68, City College Para, Jessore. Phone: 0421-69064",2007-04-03,2017-04-03,2027-04-03,Jessore,Bangladesh,,Bangladesh NGO Affairs Bureau - Local NGO List (up to 19 August 2026)
Development of Mohila Society (DMS),2282,"Gilatala (Fakir Road), Jahanbad Cant., Khnjahan Ali, Khulna-6205 Phone: 01712-151785",2007-10-24,2017-10-24,2027-10-24,Khulna,Bangladesh,,Bangladesh NGO Affairs Bureau - Local NGO List (up to 19 August 2026)
Development Organisation of the Rural Poor (DORP),0682,"36/2 East Sheowrapara, Mirpur, Dhaka. Phone: 8034785, 01716-369918 Fax: 8034786 www.dorpbd.org",1993-02-02,2018-02-02,2028-02-02,Dhaka,Bangladesh,,Bangladesh NGO Affairs Bureau - Local NGO List (up to 19 August 2026)
Development organization for Human Potential Sustainability (DOHPS),3438,"Ghurjan, Chaitajani, Sreebordi, Sherpur. Phone: 01728097967 email: dohps2008@gmail.com",2025-04-16,,2035-04-15,Sherpur,Bangladesh,,Bangladesh NGO Affairs Bureau - Local NGO List (up to 19 August 2026)
Development Partner (DP),0979,"P.O. Monirampur, Dist. Jessore Phone: 01726160460 www.info@dpbd.org",1995-10-19,2020-10-19,2030-10-19,Jessore,Bangladesh,,Bangladesh NGO Affairs Bureau - Local NGO List (up to 19 August 2026)
Development Society,0464,"Alta Plaza (3rd Floor), House-01, Road-10, Dhanmondi, Dhaka-12-5 Phone: 8122114",1991-04-28,2026-04-28,2036-04-27,Narsingdhi,Bangladesh,,Bangladesh NGO Affairs Bureau - Local NGO List (up to 19 August 2026)
Development Wheel (DEW),1752,"13-A/4-A (2nd Floor), Block-B, Babor Road, Mohammadpur, Dhaka. Phone: 9137196, 9135499 Fax: 8115579",2002-10-27,2017-10-27,2027-10-27,Dhaka,Bangladesh,,Bangladesh NGO Affairs Bureau - Local NGO List (up to 19 August 2026)
"Development, Research, Education and Management, Bangladesh.",2133,"15/5, Block-C (1st Floor), Tajmahal, Mohammadpur, Dhaka-1207 Phone: 01552-337428",2006-09-17,2016-09-17,2021-09-17,Dhaka,Bangladesh,,Bangladesh NGO Affairs Bureau - Local NGO List (up to 19 August 2026)
Dewan Iqbal Foundation,1417,"Dewan Villa, 119, Kazi Jalal Uddin Road, Kazitula, Sylhet. Phone: 01716-003045, 01670-702036",1999-08-29,2019-08-29,2029-08-28,Sylhet,Bangladesh,"Cancelled on 06/05/2010, Revived on 01/12/2014",Bangladesh NGO Affairs Bureau - Local NGO List (up to 19 August 2026)
Dhaka Ahsania Mission,0246,"House # 19, Road # 12 (New), Dhanmondi R/A., Dhaka Phone : 8119521, 9123420 Fax: 8113010, 8118522 www.ahsaniamission.org",1987-12-09,2017-12-09,2027-12-09,Dhaka,Bangladesh,,Bangladesh NGO Affairs Bureau - Local NGO List (up to 19 August 2026)
Dhaka Ashania Mohila Mission,0300,"3, Dhanmondi R/A, Road-08, Dhaka-1205",1989-05-18,2014-05-18,2024-05-18,Dhaka,Bangladesh,Cacelled on 11-06-2014 Revived on 03-06-2018,Bangladesh NGO Affairs Bureau - Local NGO List (up to 19 August 2026)
Dhaka Community Hospital Trust,3234,"190/1, Bara Maghbazar, Wireless Railgate, Dhaka, Tel:9351190-18314887",2020-02-17,,2030-02-17,Dhaka,Bangladesh,,Bangladesh NGO Affairs Bureau - Local NGO List (up to 19 August 2026)
Dhaka Institute of Cultural Affairs,2488,"83/B, New Circular Road, Mouchak Tower (4th floor), Room-506, Dhaka-1217 Phone: 9332023, Fax: 8322799",2009-10-06,2014-10-06,2019-10-06,Dhaka,Bangladesh,,Bangladesh NGO Affairs Bureau - Local NGO List (up to 19 August 2026)
Dhaka Orphange Society (Hindu),3421,"59 Forajganj Road, Dhaka Phone: 01819426382",2024-09-01,,2034-08-31,Dhaka,Bangladesh,,Bangladesh NGO Affairs Bureau - Local NGO List (up to 19 August 2026)
Dhaka Palli Sheba Sangstha,2940,"Sholla Bazar, Sholla, Nawbganj, Dhaka Phone: 01819-442087",2015-07-16,2020-07-16,2030-07-15,Dhaka,Bangladesh,,Bangladesh NGO Affairs Bureau - Local NGO List (up to 19 August 2026)
Dhaka Progressive Lions Eye Hospital,1691,"137/2, Basail, Narsingdhi Phone: 0628-63869",2001-10-31,2016-10-31,2026-10-31,Narsingdhi,Bangladesh,,Bangladesh NGO Affairs Bureau - Local NGO List (up to 19 August 2026)
Dhaka Rural Advancement Programs Society,2257,"Matuail West Para, Zia Sarani Road, Jatrabari, Demra, Dhaka.",2007-08-05,,2012-08-05,Dhaka,Bangladesh,,Bangladesh NGO Affairs Bureau - Local NGO List (up to 19 August 2026)
"Dharmarajika Orphanage, Buddhist Monastery",0075,"Atish Dipankar Sarak, PO: Basabo, PS: Sabujbag, Dhaka-1214 Phone: 7275665",1981-04-22,2016-05-15,2026-05-14,Dhaka,Bangladesh,,Bangladesh NGO Affairs Bureau - Local NGO List (up to 19 August 2026)
Dhoritri Foundation for Information Education,2267,"House-50, Road-08, Block-D, Niketon, Gulshan, Dhaka. Phone: 8853958, 8853960 www.dhoritrifoundation.org",2007-08-29,2012-08-29,2017-08-29,Dhaka,Bangladesh,,Bangladesh NGO Affairs Bureau - Local NGO List (up to 19 August 2026)
Dhruba,2738,"2 Navy Gate, Khalishpur, Khulna. Phone: 01711-579722",2012-10-23,2017-10-23,2027-10-23,Khulna,Bangladesh,,Bangladesh NGO Affairs Bureau - Local NGO List (up to 19 August 2026)
Dhrubo Society,1732,"Vill: Noymile, PO: RDA, Upazila: Shajahanpur, Dist: Bogra Phone: 01930407765",2002-08-18,2022-08-18,2032-08-18,Bogra,Bangladesh,,Bangladesh NGO Affairs Bureau - Local NGO List (up to 19 August 2026)
Dhrubotara Youth Development Foundation,3433,"Suit-109, 107, RH Home Centre, Green Road, Dhaka Phone: 01671683455 email: dydfbd@gmail.com",2025-02-26,,2035-02-26,Dhaka,Bangladesh,,Bangladesh NGO Affairs Bureau - Local NGO List (up to 19 August 2026)
Diabetic Association of Bangladesh,1284,"122, Kazi Nazrul Islam Avenue, Shahbag, Dhaka. Phone: 8616641-50, Fax: 967772 www.dab-bd.org",1998-09-01,2018-09-01,2028-09-01,Dhaka,Bangladesh,"Cancelled on 25/10/2010, Revived on 08/02/2011",Bangladesh NGO Affairs Bureau - Local NGO List (up to 19 August 2026)
"Diabetic Samity, Lalmonirhat",2628,"Sonali Park Jail Road, Lalmonirhat. Phone: 01715-359827",2011-03-20,,2016-03-20,Lalmonirhat,Bangladesh,,Bangladesh NGO Affairs Bureau - Local NGO List (up to 19 August 2026)
Diganta Karma Sangstha,2467,"Vill: Basudevpur, PO: Basudevpur, PS: Godagari, Dist: Rajshahi Phone: 01711414888 email: diganta2300@gmail.com www.dks-bd.org",2009-07-09,2024-07-09,2034-07-08,Rajshahi,Bangladesh,Name Changed on 28/12/2020,Bangladesh NGO Affairs Bureau - Local NGO List (up to 19 August 2026)
Diganta Mohila Sangstha,0712,"Plot-23, Road-01, East Site, Block-B, Uttara Residential Area, Coxsbazar Phone: 01865348296 email: infodmsorg@gmail.com",1993-06-06,2018-06-06,2028-06-06,Cox'sBazar,Bangladesh,,Bangladesh NGO Affairs Bureau - Local NGO List (up to 19 August 2026)
Diganta Samaj Kalyan Samity,1995,"Shathia, Post+Upazila: Shathia, Dist.: Pabna Phone: 07327-56234",2005-01-11,2020-01-11,2030-01-11,Pabna,Bangladesh,,Bangladesh NGO Affairs Bureau - Local NGO List (up to 19 August 2026)
Digirpar Bastuhara Samaj Kallyan Samity,1733,"Public Library Road, P.O+Upazila: Monirampur, Jessore Phone : 01712-984709, 01819-697153",2002-08-27,2012-08-27,2017-08-27,Jessore,Bangladesh,,Bangladesh NGO Affairs Bureau - Local NGO List (up to 19 August 2026)
Dinajpur Pally Unnayan Prochesta,2831,"Vill: Rajbati, PO: Rajbati, Upazila: Dinajpur Sadar, Dist: Dinajpur Phone: 01719-418940",2013-11-06,2018-11-06,2028-11-06,Dinajpur,Bangladesh,,Bangladesh NGO Affairs Bureau - Local NGO List (up to 19 August 2026)
Dip Unnayan Society,1720,"P.O: Kishoreganj, Mozammel Road, Lalmohan, Bhola Phone: 01711-007821, Fax: 04925-75956",2002-06-10,2017-06-10,2027-06-10,Bhola,Bangladesh,,Bangladesh NGO Affairs Bureau - Local NGO List (up to 19 August 2026)
Dipshika Polli Unnayan Karmoshuchi (DPUK),2482,"Vill: Birtara, P.O: Birkadamtoli, Upazila: Modhupur, Dist: Tangail Phone: 01727-424215",2009-09-17,2014-09-17,2019-09-17,Tangail,Bangladesh,,Bangladesh NGO Affairs Bureau - Local NGO List (up to 19 August 2026)
DipShikha Anirban,1232,"79, Sher-E-Bangla Sarak, Jheanaidah-7300 Phone: 0451-63723",1998-01-18,2013-01-18,2018-01-18,Jhenaidah,Bangladesh,,Bangladesh NGO Affairs Bureau - Local NGO List (up to 19 August 2026)
"Dipshikha Non Formal Education, Training and Research Society for Village Development",0190,"282/5 1st Colony, Mazar Road, Lalkuti, Mirpur-1, Dhaka Phone : 9000782, Fax: 8031247 www.dipshikha.org",1985-11-20,2020-11-20,2030-11-20,Dhaka,Bangladesh,,Bangladesh NGO Affairs Bureau - Local NGO List (up to 19 August 2026)
Dipta A Foundation for Gender & Development (DIPTA),2786,"2/C/2, egun Bagicha, Dhaka. Phone: 01711-816622",2013-05-19,2018-05-19,2028-05-19,Dhaka,Bangladesh,,Bangladesh NGO Affairs Bureau - Local NGO List (up to 19 August 2026)
Dipti Foundation,1361,"House-15, Block-B, Main Road, Ward-02, Khagon, Biluria Road, Savar, Dhaka-1240 Phone: 01713-042814",1999-04-06,2019-04-06,2029-04-06,Dhaka,Bangladesh,"Cancelled on 06/05/2010, Revived on 12/10/2015",Bangladesh NGO Affairs Bureau - Local NGO List (up to 19 August 2026)
Direct Action for Allev. of Poverty and Protection of the Environmnt,1340,"House-11, Road-07, Block-H, Banani, Dhaka-1213",1999-01-14,2014-01-14,2019-01-14,Dhaka,Bangladesh,,Bangladesh NGO Affairs Bureau - Local NGO List (up to 19 August 2026)
Disability Inquisition Activities (DIA),3205,"Bishoykhali Bazar, Khorikhali, Sadar, Jhenaidah Mob: 01768946290",2019-07-01,,2029-07-01,Jhenaidah,Bangladesh,,Bangladesh NGO Affairs Bureau - Local NGO List (up to 19 August 2026)
Disable Development & Educational Foundation,2608,"Vill+PO: Raihanpur, PS: Pathorgata, Dist: Barguna. Phone: 01712-136558",2010-11-04,2020-11-04,2030-11-04,Barguna,Bangladesh,,Bangladesh NGO Affairs Bureau - Local NGO List (up to 19 August 2026)
Disabled Child Foundation,2436,"551, Peyarabag, Moghbazar, Dhaka-1217 Phone: 02-9335941, 01732-675775",2009-12-05,2019-05-12,2029-05-12,Dhaka,Bangladesh,,Bangladesh NGO Affairs Bureau - Local NGO List (up to 19 August 2026)
Disabled Development and Research Center-DDRC,3415,"34/A,Highlevel Road,Lakhanbazar,Chattogram Phone: 01850110536 email: ddrc.bd@gmail.com",2024-08-01,,2034-07-31,Chattogram,Bangladesh,,Bangladesh NGO Affairs Bureau - Local NGO List (up to 19 August 2026)
Disabled Development Organization,2880,"Park Para, Jhenaidah Phone: 01728-125599",2014-08-19,2019-08-19,2029-08-19,Jhenaidah,Bangladesh,,Bangladesh NGO Affairs Bureau - Local NGO List (up to 19 August 2026)
Disabled Rehabilitation and Research Association (DRRA),1209,"House-2/5, Road-01, Shamoly, Dhaka-1207 Phone: 9140162, Fax: 9124057 Mobile: 01197-015854 www.drrabd.org",1997-11-05,2017-11-05,2027-11-05,Dhaka,Bangladesh,,Bangladesh NGO Affairs Bureau - Local NGO List (up to 19 August 2026)
Disabled Welfare Society,2794,"House-95/Ka (1st Fl.), Road-8, Janata Housing, Section-2, Mirpur-1, Dhaka Phone: 9013405",2013-06-16,2018-06-16,2028-06-16,Dhaka,Bangladesh,,Bangladesh NGO Affairs Bureau - Local NGO List (up to 19 August 2026)
Disabled Women Development Organization (DWDO),2319,"Ovhijan-178, Safiuddin Academy Road, Middle Aoushpara, Tangi, Gazipur. Phone: 9810603, 01915-620299",2008-03-17,2018-03-17,2028-03-17,Gazipur,Bangladesh,,Bangladesh NGO Affairs Bureau - Local NGO List (up to 19 August 2026)
Disadvantaged Adolescent Working NGOs (DAWN) Forum,1354,"House-599, Road-10, (Baitul Aman Housing Society), Adabar, Dhaka.",1999-03-07,2004-03-07,2009-03-07,Dhaka,Bangladesh,,Bangladesh NGO Affairs Bureau - Local NGO List (up to 19 August 2026)
Disaster and Development Organization (DADO),3431,"Mowlana Tower, Boroful, Halishohor, Chittagong Phone: 01727507776",2025-02-16,,2035-02-15,Chattogram,Bangladesh,,Bangladesh NGO Affairs Bureau - Local NGO List (up to 19 August 2026)
Disha Secchasebi Artha Samajik Unnayan O Manabik Kallyan Sangstha,1589,"Desha Tower, Upazila More, Kustia-Jhenaidah Highway, Kushtia Phone: 071-73402, Fax: 071-7154 www.desha.org.bd",2000-11-29,2020-11-29,2030-11-28,Kustia,Bangladesh,,Bangladesh NGO Affairs Bureau - Local NGO List (up to 19 August 2026)
Dishari Foundation,2459,"17/2-C, Tallabag, Shukrabad, Dhaka. Phone: 01718-235727",2009-06-17,2019-06-17,2029-06-17,Dhaka,Bangladesh,,Bangladesh NGO Affairs Bureau - Local NGO List (up to 19 August 2026)
DNET,1918,"6/8 Humayun Road, Block-B, Mohammadpur, Dhaka-1207 Phone: 8156772, 8126976 Fax: 8142021 www.dnet.org.bd",2004-04-07,2019-04-07,2029-04-07,Dhaka,Bangladesh,,Bangladesh NGO Affairs Bureau - Local NGO List (up to 19 August 2026)
Do Better for the Children (DBC),2113,"33/Kha, Rabeya Commercial Complex (4th Floor), Main Road, Mirpur-10, Dhaka-1216.",2006-07-18,2021-07-18,2031-07-17,Dhaka,Bangladesh,,Bangladesh NGO Affairs Bureau - Local NGO List (up to 19 August 2026)
Do Something Foundation,3583,"Jahangir Alam House (1st Floor), Near Sheyalkol Bazar, PO: Sirajganj Sadar, Dist: Sirajganj. Phone: 01995949531 email: contact@dsf-org.com",2026-02-19,,2036-02-18,Sirajganj,Bangladesh,,Bangladesh NGO Affairs Bureau - Local NGO List (up to 19 August 2026)
Docap (Development Organization of CostalArea's People),3400,"College Road, Sadar, Barguna Phone: 01715548070 email: docapbd@gmail.com",2024-03-07,,2034-03-06,Barguna,Bangladesh,,Bangladesh NGO Affairs Bureau - Local NGO List (up to 19 August 2026)
Doctor Baker's Organisation for Well Being,3211,"Kailakuri, Hagurakuri, Madhupur, Tangail, Mob: 01727046886",2019-07-22,,2029-07-22,Tangail,Bangladesh,,Bangladesh NGO Affairs Bureau - Local NGO List (up to 19 August 2026)
Dodomari Gram Unnayan Sangstha,1429,"Vill: Dodomari, P.O:Panchagarh, Dist: Panchagarh Phone: 01721-887987",1999-09-21,2014-09-21,2019-09-21,Panchagar,Bangladesh,,Bangladesh NGO Affairs Bureau - Local NGO List (up to 19 August 2026)
Doorbar Network,2439,"Plot-1,3,5, Road-5/A, Satmosjit Road, Dhanmondi, Dhaka. Phone: 8119917, 01714-038066",2009-05-24,,2014-05-24,Dhaka,Bangladesh,,Bangladesh NGO Affairs Bureau - Local NGO List (up to 19 August 2026)
DOPS Foundation,2604,"Vill: Monduar, PO & UZ: Sadullapur, Gaibandha Phone: 0521-53107",2010-10-12,2020-10-12,2030-10-12,Gaibandha,Bangladesh,,Bangladesh NGO Affairs Bureau - Local NGO List (up to 19 August 2026)
Dost Aid Bangladesh Society,3314,"862/1, Kazir Akh,Jamalpur Sadar, Jamalpur Phone: 01857900852 email: dostaidbangladesh@gmail.com",2022-09-04,,2032-09-03,Jamalpur,Bangladesh,,Bangladesh NGO Affairs Bureau - Local NGO List (up to 19 August 2026)
Dr. B.P. Social Welfare Foundation,2725,"Putibila Mohabodhi Biher, PO: M. Char Hat, PS: Lohagora, Dist: Chattogram. Phone: 01711-567563",2012-08-28,,2017-08-28,Chattogram,Bangladesh,,Bangladesh NGO Affairs Bureau - Local NGO List (up to 19 August 2026)
Dr. Jamal Uddin Foundation,2886,"Vill+PO: Dariapur, PS: Majibnagar,Dist: Meherpur.",2014-08-21,,2019-08-21,Meherpur,Bangladesh,,Bangladesh NGO Affairs Bureau - Local NGO List (up to 19 August 2026)
Dr. K. Zaman BNSB Eye Hospital,2141,"193, Shewra, Dhopakhola Road, Mymensing-2200 Phone: 091-66982, Fax: 091-63522 www.bnsbmym.org",2006-10-08,2016-10-08,2026-10-08,Mymensingh,Bangladesh,,Bangladesh NGO Affairs Bureau - Local NGO List (up to 19 August 2026)
Dr. Wasim-Waleda Bahumukhi Kallyan Foundation,3478,"Holding No.-13/2, Hypertension Centre lane, Dhap jail Road, Rangpur Phone: 01832314477 email: htn_rp@yahoo.com",2025-06-17,,2035-06-16,Rangpur,Bangladesh,,Bangladesh NGO Affairs Bureau - Local NGO List (up to 19 August 2026)
Dream Alive Foundation,3376,"7-A/16, Block-F, Aziz Mohalla, Madrasha Road, Mohammadpur, Dhaka Phone: 01964273171 email: drreamalivebd@gmail.com",2023-08-27,,2033-08-26,Dhaka,Bangladesh,,Bangladesh NGO Affairs Bureau - Local NGO List (up to 19 August 2026)
Dream Lighter,3492,"Munshiganj, Shyamnagar, Satkhira Phone: 01922565646, 01637456979",2025-08-19,,2035-08-18,Satkhira,Bangladesh,,Bangladesh NGO Affairs Bureau - Local NGO List (up to 19 August 2026)
Dristi,1555,"Laksam Road, Comilla-3500 Phone: 081-67583",2000-08-21,2015-08-21,2020-08-21,Comilla,Bangladesh,,Bangladesh NGO Affairs Bureau - Local NGO List (up to 19 August 2026)
Dristidan Eye Hospital,2458,"Ranbijoypur, C & B Road, Bagerhat Phone: 0468-63761",2009-06-11,2019-06-11,2029-06-11,Bagerhat,Bangladesh,,Bangladesh NGO Affairs Bureau - Local NGO List (up to 19 August 2026)
Dristri Protibandhi Unnayan Parishad,2850,"City Corporation Market, Murgipatry, Rayerbazar, Dhaka Phone: 01724-523623",2014-03-11,2019-03-11,2029-03-11,Dhaka,Bangladesh,,Bangladesh NGO Affairs Bureau - Local NGO List (up to 19 August 2026)
Durjoy Nari Shangha,2040,"122, PiciCulture Housing Society, Road-1, Block-Ka, Mohammadpur, Dhaka Phone: 8143028., 01712-576373",2005-10-10,2015-10-10,2025-10-10,Dhaka,Bangladesh,,Bangladesh NGO Affairs Bureau - Local NGO List (up to 19 August 2026)
Dushtha Nari Kallayan Samity (DNKS),3360,"Damodar, Phultala, Khulna Phone: 01981871911",2023-06-07,,2033-06-06,Khulna,Bangladesh,,Bangladesh NGO Affairs Bureau - Local NGO List (up to 19 August 2026)
Dushtha Shasthya Kendra (DSK),0577,"House-741, Road-09, Baitul Aman Housing Society, Mohammadpur, Dhaka. Phone : 9128520, 8122861 Fax: 8115764",1991-12-26,2021-12-26,2031-12-25,Dhaka,Bangladesh,,Bangladesh NGO Affairs Bureau - Local NGO List (up to 19 August 2026)
Dustha Kalyan-O-Punarbasan Sangstha,0559,"Vill: Adabari, P.O. Habla, Tangail Phone: 01726-895379",1991-11-12,2011-11-12,2016-11-12,Tangail,Bangladesh,,Bangladesh NGO Affairs Bureau - Local NGO List (up to 19 August 2026)
Dustha Mahila Punarbasan Kendra (Center for Rehabilitation of Destitute Women),1074,"Vill. Gopinathpur, Post. Laksmipasha, Thana- Lohagora, Norail.",1996-09-08,,2001-09-08,Narail,Bangladesh,,Bangladesh NGO Affairs Bureau - Local NGO List (up to 19 August 2026)
Dustha Manab Unnayan Society-DMUS,2454,"Baitur Rahman Nibas, Plot-10/9, Block-B, Road-02, Chandrima Model Town, Mohammadpur, Dhaka-1207 Phone: +8801712174699",2009-06-07,2024-06-07,2034-06-06,Dhaka,Bangladesh,Name Change on 25/1/26,Bangladesh NGO Affairs Bureau - Local NGO List (up to 19 August 2026)
Dustha Manabatar Seba Sangstha(DMSS),1030,"eJomyapiul:r dhamt uSsabdda@r yRaohaodo, .Kcohmanjonpur, Joypurhat Phone: 0571-62121",1996-04-20,2026-04-20,2036-04-20,Joypurhat,Bangladesh,,Bangladesh NGO Affairs Bureau - Local NGO List (up to 19 August 2026)
Dustha Manob Kallayan Sangstha,2985,"Raytan Barsho, Kaliganjhat, Tanor, Rajshahi Phone: 01960-812547",2015-11-10,2020-11-10,2030-11-10,Rajshahi,Bangladesh,,Bangladesh NGO Affairs Bureau - Local NGO List (up to 19 August 2026)
Dustha Mayader Nirapad Ashram & Punarbashon Kendra,2650,"Bawraid Master Bari, EPSA, Gazipur. Phone: 01713-014924",2011-06-26,2021-06-26,2031-06-25,Gazipur,Bangladesh,,Bangladesh NGO Affairs Bureau - Local NGO List (up to 19 August 2026)
Dustha Nari-O-Shishu Kallyan Sangstha,1310,"502, Manikdi Bazar, Dhaka Cantonment, Dhaka Phone : 9880675",1998-11-15,2003-11-15,2008-11-15,Dhaka,Bangladesh,,Bangladesh NGO Affairs Bureau - Local NGO List (up to 19 August 2026)
Dustha O Bhumiheen Samaj Kallyan Sangstha,1599,"Vill: Chatiangacha, PO: Hero Banpara Bazar, UZ: Baraigram, Dist: Natore",2000-12-13,2010-12-12,2015-12-12,Natore,Bangladesh,,Bangladesh NGO Affairs Bureau - Local NGO List (up to 19 August 2026)
Dustho Kalyan Sangstha,0432,"Limon Manjil, Puran Bazar, Nalcithi Bandor, Jhalakathi Phone: 01823014428",1991-01-22,2021-01-22,2031-01-21,Jhalokathi,Bangladesh,"Cancelled on 09/05/2010, Revived on 26/06/2013",Bangladesh NGO Affairs Bureau - Local NGO List (up to 19 August 2026)
Dustho Manobik Seba Songstha (DMSS),3204,"Sorishabari Bazar, Zewpara, Puhtia, Rajshahi, Mob: 01716352349",2019-06-03,,2029-06-03,Rajshahi,Bangladesh,,Bangladesh NGO Affairs Bureau - Local NGO List (up to 19 August 2026)
Dwip Shetu,0411,"Prof. MA Matin Road, PO: Sialkole, Dist: Sirajganj. Phone: 0751-62508",1990-11-26,2020-11-26,2030-11-25,Sirajganj,Bangladesh,,Bangladesh NGO Affairs Bureau - Local NGO List (up to 19 August 2026)
Dwip Unnayan Shangstha,0181,"Syadia Bazar, Hatiya, Noakhali. Phone: 01712-580080, 9122145 www.dusbangladesh.org",1985-04-28,2020-05-15,2030-05-15,Noakhali,Bangladesh,,Bangladesh NGO Affairs Bureau - Local NGO List (up to 19 August 2026)
EADA (Environment and Agricultural Development Association,2240,"KBA Road, Nalta, Kaliganj, Satkhira-9441 Phone: 01712-202934, 04733-51197 www.eada.org.bd",2007-05-28,2017-05-28,2027-05-28,Sathkhira,Bangladesh,,Bangladesh NGO Affairs Bureau - Local NGO List (up to 19 August 2026)
Eakok Attomanobik Unnayan Sangstha,1576,"13/A 7/A, Babor Road (Rimjhim), Block-B, Mohammadpur, Dhaka-1207 Phone: 9677009 www.eakok.org",2000-10-15,2020-10-15,2030-10-15,Dhaka,Bangladesh,,Bangladesh NGO Affairs Bureau - Local NGO List (up to 19 August 2026)
Earn N Live Foundation,3538,"RashidDeohata,PO:Deohata,PS: Mirzapur, Dist: Tangail. Phone: 01842334074 email: info@earnnlive.co.uk",2025-12-03,,2035-12-02,Tangail,Bangladesh,,Bangladesh NGO Affairs Bureau - Local NGO List (up to 19 August 2026)
Earth Development Foundation(EDF),1570,"House-24, Kabi Sukanta Road, Adarshapara, Jhenaidah. Phone: 0451-61047",2000-10-05,2025-10-05,2035-10-04,Jhenaidah,Bangladesh,,Bangladesh NGO Affairs Bureau - Local NGO List (up to 19 August 2026)
Earth Identity Project,1969,"House-67/A, (2nd Floor), Road-04, Plot-C, Banani, Dhaka-1213 Phone: 880-2-8825643, 8812050 Fax: 880-2-8822275",2004-10-09,2019-10-09,2029-10-09,Dhaka,Bangladesh,,Bangladesh NGO Affairs Bureau - Local NGO List (up to 19 August 2026)
Eastern Development Association (EDA),1385,"Bijoy Sharani Tower, 121/3, Tejkunipara, Tejgaon, Dhaka. Phone: 8127925",1999-05-18,2009-05-19,2019-05-19,Dhaka,Bangladesh,,Bangladesh NGO Affairs Bureau - Local NGO List (up to 19 August 2026)
Echo Society,2836,"343 Elephant Road ((3rd Fl.), New Market, Dhaka Phone: 01712-419699",2013-11-21,2018-11-21,2028-11-21,Dhaka,Bangladesh,,Bangladesh NGO Affairs Bureau - Local NGO List (up to 19 August 2026)
ECO Concern Association,3303,"372/1, DIT Road, West Rampura, Dhaka Phone: 01712510200",2022-07-05,,2032-07-04,Dhaka,Bangladesh,,Bangladesh NGO Affairs Bureau - Local NGO List (up to 19 August 2026)
ECO-Development,2607,"Vill: Uzanipara, Main Road, PO+PS: Bandarban Sadar, Dist: Bandarban. Phone: 0361-63260 www.ecodevelopment.org",2010-11-01,2020-11-01,2030-11-01,Bandarban,Bangladesh,,Bangladesh NGO Affairs Bureau - Local NGO List (up to 19 August 2026)
Economic Development and Energy of Nation (EDEN),1806,"House-432/433, Irish Bhaban, Road-03, Flat(A/6), 6th Floor, Baitul Aman Housing Society, Adabor, Dhaka-1207 Phone: 01712522087",2003-03-19,2018-03-19,2028-03-18,Dhaka,Bangladesh,,Bangladesh NGO Affairs Bureau - Local NGO List (up to 19 August 2026)
Eco-Social Development Organisation,0694,"eVmill.a Cil:o elldeegnen Pewar2a0, 0P3o@stg &m Daiils.ct.o m Thakurgaon Phone: 0561-52149, 0174-063360 www.esdo-bangladesh.org",1993-03-15,2018-03-15,2028-03-15,Thakurgaon,Bangladesh,,Bangladesh NGO Affairs Bureau - Local NGO List (up to 19 August 2026)
Ecota Samaj Kallyan Sangstha,1306,"Vill+P.O: Bhelabari, P.S: Adidmari, Lalmonirhat Phone: 01849-745664",1998-11-03,2018-11-03,2028-11-03,Lalmonirhat,Bangladesh,,Bangladesh NGO Affairs Bureau - Local NGO List (up to 19 August 2026)
ECS-Education & Cultural Society,3226,"2/10/R, Tolarbag, Mirpur, Dhaka Mob: 01912179082",2019-11-14,,2029-11-14,Dhaka,Bangladesh,,Bangladesh NGO Affairs Bureau - Local NGO List (up to 19 August 2026)
Education and Development Research Council (EDRC),3448,"House-532, Road-7, Avenue-5, Mirpur, DOHS, Dhaka. Phone: 01711280696 email: edrc.bdesh@gmail.com",2025-04-28,,2035-04-27,Dhaka,Bangladesh,,Bangladesh NGO Affairs Bureau - Local NGO List (up to 19 August 2026)
Education Development and Services (EDAS),3090,"Pulerhat, Jessore-Benapole Road, Jessore Sadar, Jessore-7400 Phone: 0152347178, www.edas.org",2017-09-19,,2027-09-19,Jessore,Bangladesh,,Bangladesh NGO Affairs Bureau - Local NGO List (up to 19 August 2026)
Educational Charitable & Humanitorian Organization,2749,"Flat-D, Kha-214/E, Progati Tower, Progati Sarani, Merul Badda, Dhaka.",2012-12-09,2017-12-09,2027-12-09,Dhaka,Bangladesh,,Bangladesh NGO Affairs Bureau - Local NGO List (up to 19 August 2026)
Efforts for Rural Advancement (ERA),2276,"49, Mollika Mollikpur R/A, Sunamganj. Phone: 0871-55157 www.era-haor.org",2007-10-11,2017-10-11,2027-10-11,Sunamganj,Bangladesh,,Bangladesh NGO Affairs Bureau - Local NGO List (up to 19 August 2026)
Ekmatra Society,2825,"Plot-14, Road-01, Block-B, Section-06, Mirpur, Dhaka-1216 Phone: 01711-445779",2013-10-28,2018-10-28,2028-10-27,Dhaka,Bangladesh,,Bangladesh NGO Affairs Bureau - Local NGO List (up to 19 August 2026)
Elavating Society through Skill Development,3004,"House-36, Road-9/a, Dhanmondi, Dhaka Phone: 9116108",2016-02-08,2021-02-08,2031-02-07,Dhaka,Bangladesh,,Bangladesh NGO Affairs Bureau - Local NGO List (up to 19 August 2026)
Eminance Association for Social Development,2632,"713, Block-E, Lalmatia, Dhaka. Phone: 9146063",2011-03-24,2016-03-24,2026-03-24,Dhaka,Bangladesh,,Bangladesh NGO Affairs Bureau - Local NGO List (up to 19 August 2026)
Empowerment through Law of the Common People,2037,"House-10, Road-12(Old-31), Dhanmondhi, Dhaka-1209, Dhaka. Phone: 01934241920 email: elcop71@gmail.com",2005-06-29,2020-10-29,2030-10-28,Dhaka,Bangladesh,,Bangladesh NGO Affairs Bureau - Local NGO List (up to 19 August 2026)
Ensure Devt. Activities for Vulnerable Underprivileged Rural People (ENDEAVOUR),1168,"5/15, Humayun Road, Mohammadpur, Dhaka-1207 Phone: 9124342",1997-07-03,2017-07-03,2027-07-03,Dhaka,Bangladesh,,Bangladesh NGO Affairs Bureau - Local NGO List (up to 19 August 2026)
Ensure Legal Support through Local Movement & Action (ELLMA),2589,"Nurjahan Place, Plot-71, Road-02, (Gha), Sugandha R/A, Panchlaish, Chattogram Phone: 031-650780 www.ellma.org",2010-07-22,2020-07-22,2030-07-22,Chattogram,Bangladesh,,Bangladesh NGO Affairs Bureau - Local NGO List (up to 19 August 2026)
Environment and Agro Promotion Association (EAPA),3451,"Dewan hably, Sarail, Brahmanbaria Phone: 01733558962 eamail: edrc.bdesh@gmail.com",2025-05-04,,2035-05-03,Brahmanbaria,Bangladesh,,Bangladesh NGO Affairs Bureau - Local NGO List (up to 19 August 2026)
Environment and Population Research Centre (EPRC),1674,"House-241, Road-15, New DOHS, Mohakhali, Dhaka. Phone: 8822772, Fax: 8822772 www.eprchbd.org",2001-09-25,2021-09-25,2031-09-24,Dhaka,Bangladesh,,Bangladesh NGO Affairs Bureau - Local NGO List (up to 19 August 2026)
Environment Concern Foundation,3041,"House-43, Road-13, Block-D, Banani, Dhaka Phone: 01718330985",2016-10-05,,2021-10-05,Dhaka,Bangladesh,,Bangladesh NGO Affairs Bureau - Local NGO List (up to 19 August 2026)
Environmental Pollution Eradication and Agricultural Devt. Organ.,1194,"336, T.V. Road, East Rampura, Dhaka. Phone: 9343149, Fax: 9330270",1997-10-06,2022-10-06,2032-10-05,Dhaka,Bangladesh,,Bangladesh NGO Affairs Bureau - Local NGO List (up to 19 August 2026)
Environmental Research & Development Alternatives,3010,"14/12, Block-B, Babor Road, Mohammadpur, Dhaka-1207 Phone: 01711862783",2016-02-29,2021-02-28,2031-02-28,Dhaka,Bangladesh,,Bangladesh NGO Affairs Bureau - Local NGO List (up to 19 August 2026)
Environmunt & Social Development Organization,0962,"House-8/1, Lvel-04, Block-C, Lalmatia, Dhaka. Phone :9122729, Fax: 9130017 www.esdo.org",1995-08-12,2020-08-12,2030-08-12,Dhaka,Bangladesh,,Bangladesh NGO Affairs Bureau - Local NGO List (up to 19 August 2026)
Esho Banchte Shikhee,2034,"Keshobpur Bazar, Keshob, Jessore Phone: 01913-693420",2006-02-02,2016-02-02,2021-02-02,Jessore,Bangladesh,,Bangladesh NGO Affairs Bureau - Local NGO List (up to 19 August 2026)
Esho Desh Gori,0699,"P.O: Jummahat, Thana: Ulipur, Kurigram Phone: 01716-342931, 0171-678194",1993-04-20,2013-04-20,2018-04-20,Kurigram,Bangladesh,,Bangladesh NGO Affairs Bureau - Local NGO List (up to 19 August 2026)
Esho Jibon Gori,2329,"House-711, Kewachala, P.S.: Sreepur, Dist.: Gazipur. Phone: 77950305, 01727-210916",2008-03-31,,2013-03-31,Gazipur,Bangladesh,,Bangladesh NGO Affairs Bureau - Local NGO List (up to 19 August 2026)
ETHEWS,3069,"Ward-1, Dabaria, Shahzadpur, Sirajganj Phone: 01761266849",2017-01-02,,2022-01-02,Sirajganj,Bangladesh,,Bangladesh NGO Affairs Bureau - Local NGO List (up to 19 August 2026)
Ethnic Community Development Organization (ECDO),2385,"17 Urmi (1st Fl.), West Shibganj, Sylhet. Phone: 0821-760240 www.ecdo-bd.org",2008-08-21,2018-08-21,2028-08-21,Sylhet,Bangladesh,,Bangladesh NGO Affairs Bureau - Local NGO List (up to 19 August 2026)
ETU Foundation,2692,"Vill: Pathergata, Post: Jadanga, PS&Dist: Sathkhira.",2012-05-02,2017-05-02,2027-05-02,Sathkhira,Bangladesh,,Bangladesh NGO Affairs Bureau - Local NGO List (up to 19 August 2026)
Euro Bangla Foundation (EBF),2312,"Post+Upazila: Vedergonj, Dist.: Shariatpur. Phone: 01714-665959, 01715-278118 www.eurobanglafoundation.li",2008-03-02,2018-03-02,2028-03-02,Shariatpur,Bangladesh,,Bangladesh NGO Affairs Bureau - Local NGO List (up to 19 August 2026)
Eventful Bangladesh Society,2882,"House-463 (1st Floor), New DOHS, Mohakhali, Dhaka-1206",2014-08-19,2019-08-19,2029-08-18,Dhaka,Bangladesh,,Bangladesh NGO Affairs Bureau - Local NGO List (up to 19 August 2026)
Fair Foundation,1815,"103, Central Block, Eidgah Road, Khalispur, Khulna. Phone: 041-763518",2003-04-20,2008-04-20,2013-04-20,Khulna,Bangladesh,,Bangladesh NGO Affairs Bureau - Local NGO List (up to 19 August 2026)
Fair World of Bangladesh,3106,"37, Ananda Mohan Avenue (Boro Bazar) Sadar, Mymensing.",2017-11-07,,2027-11-07,Mymensingh,Bangladesh,,Bangladesh NGO Affairs Bureau - Local NGO List (up to 19 August 2026)
Faith & Hope Welfare Association,2549,"414/3, East Goran, Khilgaon, Dhaka-1219. Phone: 7291634,01716-633005",2010-03-07,2020-03-07,2030-03-07,Dhaka,Bangladesh,,Bangladesh NGO Affairs Bureau - Local NGO List (up to 19 August 2026)
Faith in Action,2780,"Maya Kutir, 31 College Para, Magura Phone: 9140304",2013-04-09,2018-04-09,2028-04-09,Magura,Bangladesh,,Bangladesh NGO Affairs Bureau - Local NGO List (up to 19 August 2026)
Family and Community Empowerment Support (FACES),2196,"1/D, North Adabar, ring Road, Shyamoli, Dhaka-1207 Phone: 8156918, Fax: 8156918",2007-02-19,2017-02-19,2027-02-19,Dhaka,Bangladesh,,Bangladesh NGO Affairs Bureau - Local NGO List (up to 19 August 2026)
Family Development Service & Research(FDSR),0285,"216, Ashkona Ashkona, Medicall Road, Uttara, Dhaka-1230. Phone: 8912469",1989-02-22,2014-02-22,2019-02-22,Dhaka,Bangladesh,,Bangladesh NGO Affairs Bureau - Local NGO List (up to 19 August 2026)
Family Planning Association of Bangladesh,0068,"2, Naya Paltan, Dhaka Phone :8311423, Fax: 8317385 www.fpab.org",1981-04-22,2020-05-15,2030-05-15,Dhaka,Bangladesh,,Bangladesh NGO Affairs Bureau - Local NGO List (up to 19 August 2026)
Family Ties for Women Development,3380,"Mukshedpur, Sadar, Kishoreganj Phone: 01716112621 email: familytiesbd@yahoo.com",2023-09-20,,2033-09-19,Dhaka,Bangladesh,,Bangladesh NGO Affairs Bureau - Local NGO List (up to 19 August 2026)
Family Welfare Association,1490,"PO: Gogari, PO: Manda, Dist: Naogaon Phone: 01717-198940",2000-03-02,2010-03-02,2015-03-02,Dhaka,Bangladesh,,Bangladesh NGO Affairs Bureau - Local NGO List (up to 19 August 2026)
Far Reaching Economical & Environmental Development,2720,"Art Galary, Thakurgaon Phone: 01716-920439",2012-07-30,2017-07-30,2027-07-30,Thakurgaon,Bangladesh,,Bangladesh NGO Affairs Bureau - Local NGO List (up to 19 August 2026)
Fareea Lara Foundation,3194,"House-16/A, Road-2, Shaymoli, Dhaka Mob: 01715259999",2019-03-06,,2024-03-06,Dhaka,Bangladesh,,Bangladesh NGO Affairs Bureau - Local NGO List (up to 19 August 2026)
Fatema Rural Education & Health Centre,0187,"Vill. Muradpur, P.O. Temuhani, Chattogram",1985-11-20,2005-11-20,2010-11-20,Chattogram,Bangladesh,,Bangladesh NGO Affairs Bureau - Local NGO List (up to 19 August 2026)
Fatema Sangstha,0492,"Vill: Ulla, PO: Baharatkhali, Uza: Shagata, Dist: Gaibandha. Phone: 01715-043451",1991-06-20,2011-06-20,2016-06-20,Gaibandha,Bangladesh,,Bangladesh NGO Affairs Bureau - Local NGO List (up to 19 August 2026)
Fellowship for Disadvantaged Peoples (FDP),2026,"Vill.: South Bobanipur, Road-6, House-32, Rajbari-7700",2005-04-07,2020-04-07,2030-04-07,Rajbari,Bangladesh,,Bangladesh NGO Affairs Bureau - Local NGO List (up to 19 August 2026)
FEMA,2035,"House-1/11, Iqbal Road, Block-A, Mohammadpur, Dhaka-1207 Phone: 9140302, Fax: 8112767",2005-05-07,2010-05-07,2015-05-07,Dhaka,Bangladesh,,Bangladesh NGO Affairs Bureau - Local NGO List (up to 19 August 2026)
Feroza Arif Mohila Unnayan Sangstha,3566,"Dottergong, Dokkhin Modhopara, Shibpur, Dist: Narsingdhi",2026-01-19,,2036-01-18,Narsingdhi,Bangladesh,,Bangladesh NGO Affairs Bureau - Local NGO List (up to 19 August 2026)
Fight Against Poverty (FAP),1992,"College Road, Meherpur (Building of Shahid Hazi), Post Code:7100, Post+Dist.: Meherpur. Phone: 0791-62602, 62264",2005-01-03,,2010-01-03,Meherpur,Bangladesh,,Bangladesh NGO Affairs Bureau - Local NGO List (up to 19 August 2026)
Fight for the Hunger,1077,"P.O.: Shiberhat, PS: Sandwip, Chattogram. Phone: 01711-379307, 01716-147779",1996-09-26,2016-09-26,2021-09-26,Dhaka,Bangladesh,,Bangladesh NGO Affairs Bureau - Local NGO List (up to 19 August 2026)
Financial Development Organisation (FDO),1381,"House-46, Road-03, Adabar, Dhaka. Phone: 8190626",1999-05-16,2024-05-16,2034-05-15,Dhaka,Bangladesh,,Bangladesh NGO Affairs Bureau - Local NGO List (up to 19 August 2026)
Finish Mondial Foundation,3550,"House-413 (1st Floor), Road-30, New DOHS, Mohakhali, Dhaka-1206 Phone: 01709627005, 01780328477",2025-12-28,,2035-12-27,Dhaka,Bangladesh,,Bangladesh NGO Affairs Bureau - Local NGO List (up to 19 August 2026)
Forum for Culture and Human Development,1045,"House-21, Road-05, Block-E, Rampura, Dhaka-1219 Phone: 8399991, Fax: 7215005 www.fchdbd.org",1996-06-04,2026-06-04,2036-06-03,Dhaka,Bangladesh,,Bangladesh NGO Affairs Bureau - Local NGO List (up to 19 August 2026)
Forum for Development Association,3063,"13/A, 7/A (Ground floor), Babar Road, Block-B, Mohammadpur, Dhaka-1207 Phone: 8801552403007, email:ffdfassociation@gmail.com",2016-12-14,2021-12-14,2031-12-13,Dhaka,Bangladesh,,Bangladesh NGO Affairs Bureau - Local NGO List (up to 19 August 2026)
Forum for Regenerative Movement (FORAM),1507,"House-1/B, Barib-E, Newaz Ave. Sector-11, Uttara, Dhaka-1230. Phone: 04476551263",2000-05-19,2005-04-19,2010-04-19,Dhaka,Bangladesh,,Bangladesh NGO Affairs Bureau - Local NGO List (up to 19 August 2026)
Forum for Rehabilitation & Integrated Dev. Approach by the Youth,0482,"Himnagar, Post+Thana: Gopalpur, Tangail Phone: 011879117, 01725389222",1991-06-08,2006-04-08,2011-04-08,Tangail,Bangladesh,,Bangladesh NGO Affairs Bureau - Local NGO List (up to 19 August 2026)
Forum for Rural Integrated Development Activity,2003,"Road-08, House-08, Nobadoy Housing Society, Mohammadpur, Dhaka-1207",2005-02-05,,2010-02-05,Dhaka,Bangladesh,,Bangladesh NGO Affairs Bureau - Local NGO List (up to 19 August 2026)
"Foundation for Advancement of Innovations in Technology and Health, Bangladesh(Faith",3282,"2/4 Kha, Block-C, Lalmatia, Dhaka-1205 Phone: 01783248423",2021-11-24,,2031-11-24,Dhaka,Bangladesh,,Bangladesh NGO Affairs Bureau - Local NGO List (up to 19 August 2026)
FBoaunngdlaadtieosnh f)or Architecture and Community Equity,3565,"House-40, Road-6A, Dhanmondi, Dhaka-1209 Phone: 01715020348 email: info@facebangladesh.org",2026-01-19,,2036-01-18,Dhaka,Bangladesh,,Bangladesh NGO Affairs Bureau - Local NGO List (up to 19 August 2026)
Foundation for Environment and Economic Development (FEED),1750,"26, Chamilibagh (2nd Flr) Dhaka Phone : 8358974",2002-10-23,2012-10-23,2022-10-23,Dhaka,Bangladesh,,Bangladesh NGO Affairs Bureau - Local NGO List (up to 19 August 2026)
Foundation for Human Development,0875,"59, Moneswor Road, Tannery More (Rupali Bank Bhaban) 2nd Floor, Zikatala, Dhaka. Phone: 8618979, 8617221",1994-12-22,2004-12-22,2009-12-22,Dhaka,Bangladesh,,Bangladesh NGO Affairs Bureau - Local NGO List (up to 19 August 2026)
Foundation for Law and Development,3486,"Apt-2B,House-10,Road-10,Block-H, Banani, Dhaka Phone: 017077398115",2025-07-14,,2035-07-13,Dhaka,Bangladesh,,Bangladesh NGO Affairs Bureau - Local NGO List (up to 19 August 2026)
Foundation for Socio Economic Development Initiative,3405,"Gulfeshan Plaza, 8 Shahid Selina Pervin Sarak, Boro Moghbazar, Dhakak Phone: 01716414657",2024-05-09,,2034-05-08,Dhaka,Bangladesh,,Bangladesh NGO Affairs Bureau - Local NGO List (up to 19 August 2026)
Foundation for Women and Child Assistance (FWCA),2256,"317 Rajpara, Helenabad Girls High School Road, Rajshahi Court, Rajpara, Rajshahi-6000 Phone: 0721-772804, 01711-043511",2007-07-31,2017-07-31,2027-07-31,Rajshahi,Bangladesh,,Bangladesh NGO Affairs Bureau - Local NGO List (up to 19 August 2026)
Foundation of Credit Union Services (FOCUS),2006,"Baptist Mission Road, South Alekanda, Barisal Phone: 0431-62112, 64652",2005-02-07,2020-02-07,2030-02-06,Barisal,Bangladesh,,Bangladesh NGO Affairs Bureau - Local NGO List (up to 19 August 2026)
Fr. Charies J. Young Foundation,3382,"173/1/A, East Tejturibazar, Tejgaon, Dhaka Phone: 01321169700 email: info@fryoungfoundation.org",2023-10-18,,2033-10-17,Dhaka,Bangladesh,,Bangladesh NGO Affairs Bureau - Local NGO List (up to 19 August 2026)
Friends Association for Integrated Revolution (FAIR),2533,"45/1, RA Khan Chowdhury Road, Thanapara, Kustia www.fair-bd-org Phone:071-61470",2010-01-27,2015-01-27,2020-01-27,Kustia,Bangladesh,,Bangladesh NGO Affairs Bureau - Local NGO List (up to 19 August 2026)
Friends In Village Development Bangladesh (FIVDB),0078,"2/5, Humayun Road, Block-B, Mohammadpur, Dhaka-1207 Phone: 9122207",1981-04-22,2020-05-15,2030-05-15,Dhaka,Bangladesh,,Bangladesh NGO Affairs Bureau - Local NGO List (up to 19 August 2026)
Friendship,1748,"Baridhara Central Plaza (3rd Flr.), 87 Suhrawardi Avenue, Block-K, Baridhara, Dhaka-1212 Phone: 9860434, Fax: 9860436 www.friendship-bd.org",2002-10-21,2017-10-21,2027-10-21,Dhaka,Bangladesh,,Bangladesh NGO Affairs Bureau - Local NGO List (up to 19 August 2026)
Friendship Organisation,2366,"Khoksha, Kustia",2008-06-10,,2013-06-10,Kustia,Bangladesh,,Bangladesh NGO Affairs Bureau - Local NGO List (up to 19 August 2026)
Fulbaria Shechasaby Sangastha,2210,"Vill+Post+Upazila: Mirpur, Kustia. Phone: 01784-46004",2007-03-08,,2012-03-08,Kustia,Bangladesh,,Bangladesh NGO Affairs Bureau - Local NGO List (up to 19 August 2026)
Fundamental Rights Implementation Organization (FRIO),3015,"Vill: Tamai, PO: Tamai, Upazilla: Belkuchi, Dist: Sirajganj Phone: 01722344845",2016-03-01,2021-03-01,2031-02-28,Sirajganj,Bangladesh,,Bangladesh NGO Affairs Bureau - Local NGO List (up to 19 August 2026)
Gado Bangladesh,2969,"House-229, Madaripur House, Faidabad Main Road, Faidabad, Dhakhin Khan, Dhaka Phone: 01711-230240",2015-09-17,,2020-09-17,Dhaka,Bangladesh,,Bangladesh NGO Affairs Bureau - Local NGO List (up to 19 August 2026)
Gafargaon Foundation,2565,"Khurshidmahal, Ansarnagar, Gafargaon, Mymensingh Phone: 01683-287215",2010-04-26,2019-04-28,2029-04-27,Mymensingh,Bangladesh,,Bangladesh NGO Affairs Bureau - Local NGO List (up to 19 August 2026)
Gana Unnayan Kendra (GUK),0451,"Nashratpur, Gaibandha Phone: 0541-89042, 01713-484696 Fax: 0541-89042",1991-04-25,2021-03-24,2031-03-24,Gaibandha,Bangladesh,,Bangladesh NGO Affairs Bureau - Local NGO List (up to 19 August 2026)
Gana Unnayan Society (GUS),1154,"House # 4, Road # 5, Block-E, Mirpur-2, Dhaka. Phone : 01711-362061, 9013017",1997-05-10,2007-05-10,2012-05-10,Dhaka,Bangladesh,,Bangladesh NGO Affairs Bureau - Local NGO List (up to 19 August 2026)
Gano Unnayan Sangstha Bangladesh,1943,"House-11,13, Road-05, Block-C, Banasree Rampura, Dhaka. Phone: 7287693",2004-07-08,2014-07-08,2019-07-08,Dhaka,Bangladesh,,Bangladesh NGO Affairs Bureau - Local NGO List (up to 19 August 2026)
Gariadanga Manab Kallayan Sangstha,2765,"58, Raypara Road, Khulna. Phone: 01712-141625",2013-02-20,,2018-02-20,Khulna,Bangladesh,,Bangladesh NGO Affairs Bureau - Local NGO List (up to 19 August 2026)
Garib Unnayan Sangstha,2069,"Vill+Post: Kodalkati, Upazilla: Rajibpur, Dist.: Kurigram. Phone: 01716-754772, 01717-206150 www.gusbd.org",2006-02-14,2021-02-14,2031-02-14,Kurigram,Bangladesh,,Bangladesh NGO Affairs Bureau - Local NGO List (up to 19 August 2026)
Gausul Azam BNSB Eye Hospital,1917,"New Town, Dinajpur. Phone: 0531-64033",2004-03-28,2019-03-28,2029-03-28,Dinajpur,Bangladesh,,Bangladesh NGO Affairs Bureau - Local NGO List (up to 19 August 2026)
Gazipur Unnayan Sangstha (GUS),0420,"Vill. Pirujaly, Gazipur Sadar, Gazipur.",1990-12-20,2010-12-20,2015-12-20,Gazipur,Bangladesh,,Bangladesh NGO Affairs Bureau - Local NGO List (up to 19 August 2026)
Gender & Environment Management Society,2771,"Ramgati Road, South Mojopur, Dist: Laxmipur Phone: 01818-659082",2013-03-06,2018-03-06,2028-03-06,Laxmipur,Bangladesh,,Bangladesh NGO Affairs Bureau - Local NGO List (up to 19 August 2026)
GHARONI-Grassroots health and Rural Organisation for Nutrition Initiatives,1458,"13B/4B,Babar Road, Block-B, Mohammadpur, Dhaka Phone : 8120739, Fax: 8118068 www.gharoni.org",1999-12-19,2014-12-19,2019-12-19,Dhaka,Bangladesh,,Bangladesh NGO Affairs Bureau - Local NGO List (up to 19 August 2026)
GHASHFUL,0376,"House-62, Road-03, Block-B, Chandgaon R/A, Chattogram-4212 Phone: 031-658450, Fax: 031-2858629",1990-04-08,2020-04-08,2030-04-08,Chattogram,Bangladesh,,Bangladesh NGO Affairs Bureau - Local NGO List (up to 19 August 2026)
GKS-Gaibandha,2007,"Vill.: Amdirpara, Post: Jumar Bari, Upazila: Shaghata, Dist.: Gaibandha-5761",2005-02-13,2015-02-13,2020-02-13,Gaibandha,Bangladesh,,Bangladesh NGO Affairs Bureau - Local NGO List (up to 19 August 2026)
Global Community Organization,3388,"SouthMilikBagha,Upazilla:Bagha, Rajshahi. Phone: 01715343484",2023-11-02,,2033-11-01,Rajshahi,Bangladesh,,Bangladesh NGO Affairs Bureau - Local NGO List (up to 19 August 2026)
Global Rural Environment Society,3105,"Sheltech Seirra, House-236, New Elephant Road, Dhaka-1207, Mob: 01736465252",2017-11-07,,2027-11-07,Dhaka,Bangladesh,,Bangladesh NGO Affairs Bureau - Local NGO List (up to 19 August 2026)
Global Unnayan Seba Sangstha,3081,"House-2/16, Block-B, Lalmatia, Dhaka-1207 Phone: 01711731326 email: info@gussbd.org www.gussbd.org",2017-01-11,2022-01-11,2032-01-11,Dhaka,Bangladesh,,Bangladesh NGO Affairs Bureau - Local NGO List (up to 19 August 2026)
Glory Bandhu Protim Samaj Kallayan Sangstha,2854,"House-63, Ward-2, Lane-3, North Manda, Sabujbagh, Dhaka Phone: 01711-687761",2014-04-03,2019-04-03,2029-04-03,Dhaka,Bangladesh,,Bangladesh NGO Affairs Bureau - Local NGO List (up to 19 August 2026)
Gmark Foundation,2814,"Sweet-602, House-145, Road-03, Block-A, Nikaton, Gulshan, Dhaka. Phone: 8836775",2013-09-11,2018-09-11,2028-09-11,Dhaka,Bangladesh,,Bangladesh NGO Affairs Bureau - Local NGO List (up to 19 August 2026)
Gono Gobeshona O Unnayan Foundation,0455,"House-1/E/6, Road-07-A (New), Dhanmondi, Dhaka. Phone: 01731-793892 Fax: 88028115962",1991-03-30,2006-03-30,2011-03-30,Jessore,Bangladesh,,Bangladesh NGO Affairs Bureau - Local NGO List (up to 19 August 2026)
Gono Jagaran Shamaj Kalyan Sangstha,1706,"Nabab Shiraj Uddala Sharak, Madan Mahan Para, Jhenaidah-732 Phone: 0451-31268, 01711-394959",2001-12-12,2006-12-12,2011-12-12,Jhenaidah,Bangladesh,,Bangladesh NGO Affairs Bureau - Local NGO List (up to 19 August 2026)
Gono Kallyan Parishad,1807,"Shambhuganj Bazar, House-522, PO: Shambuganj, Mymensing. Phone: 091-65349",2003-03-19,2018-03-19,2028-03-19,Mymensingh,Bangladesh,,Bangladesh NGO Affairs Bureau - Local NGO List (up to 19 August 2026)
Gono Kalyan Kendra,0373,"Vill. Kathal Kanti, P.O. Catolpar, Brahman Baria Phone :0851-59124, Fax: 0851-58441",1990-03-31,2020-03-31,2030-03-30,Brahmanbaria,Bangladesh,,Bangladesh NGO Affairs Bureau - Local NGO List (up to 19 August 2026)
Gono Kalyan Sangstha (GKS),0419,"Nakla, Sirajganj. Phone: 0751-62123",1990-12-19,2015-12-19,2020-12-19,Sirajganj,Bangladesh,,Bangladesh NGO Affairs Bureau - Local NGO List (up to 19 August 2026)
Gono Kalyan Trust,0256,"101, Girls School Road (Nagar Bhaba Road), Manikganj-1800 Phone: 027711903",1988-01-18,2018-01-18,2028-01-18,Manikganj,Bangladesh,,Bangladesh NGO Affairs Bureau - Local NGO List (up to 19 August 2026)
Gono Millon Kendra (GMK),0521,"Chitalmari, Bagerhat Phone: 0465256219",1991-08-07,2021-08-07,2031-08-06,Bagerhat,Bangladesh,,Bangladesh NGO Affairs Bureau - Local NGO List (up to 19 August 2026)
Gono Seba Shangstha,3484,"Shiromoni, Upozila: Phultola, PS: Khanjahan Ali, Dist: Khulna Phone: 01982279558 email: info@ganosebasangstha.org",2025-07-08,,2035-07-07,Khulna,Bangladesh,,Bangladesh NGO Affairs Bureau - Local NGO List (up to 19 August 2026)
Gono Shahajja Sangstha (GSS),0209,"44, Sahid Captain Tajuddin Sarani, Plot-314, Tejgaon, Dhaka-1208 Phone : 8816887, 8831860",1986-04-07,2026-07-04,2036-06-04,Dhaka,Bangladesh,,Bangladesh NGO Affairs Bureau - Local NGO List (up to 19 August 2026)
Gono Shakkharata Obhijan (CAMPE),0639,"2/4, Block-C, Shajahan Road, Mohammadpur, Dhaka-1207 Phone : +880-2-41022752-53 email: info@campebd.org www.campebd.org",1992-07-28,2017-07-28,2027-07-28,Dhaka,Bangladesh,,Bangladesh NGO Affairs Bureau - Local NGO List (up to 19 August 2026)
Gono Shasthya Kendra-Savar,0053,"Mirzanagar, Savar, Dhaka Phone : 7791886, 8617383 Fax: 7708317",1981-04-22,2021-05-15,2031-05-14,Dhaka,Bangladesh,,Bangladesh NGO Affairs Bureau - Local NGO List (up to 19 August 2026)
Gono Unnayan Prochesta,0041,"13A/3A, Babar Road, Block # B, Mohammadpur, Dhaka-1207 Phone: 9138801 www: gupbd.org",1981-04-22,2020-05-15,2030-05-15,Dhaka,Bangladesh,,Bangladesh NGO Affairs Bureau - Local NGO List (up to 19 August 2026)
Gono Unnayan Prokriya,1991,"North Faridpur, Upa Sadar, Post+ Dist.: Dinajpur.",2005-01-02,,2010-01-02,Dinajpur,Bangladesh,,Bangladesh NGO Affairs Bureau - Local NGO List (up to 19 August 2026)
Gono Unnayan Sangstha (GUS),1072,"Horichandi, PS: Fulshori, Dist: Gaibandha-5700 Phone:01716535273",1996-09-01,2021-09-01,2031-08-31,Gaibandha,Bangladesh,,Bangladesh NGO Affairs Bureau - Local NGO List (up to 19 August 2026)
Gonochetona,0809,"Vill: Cuniapara, UZ: Dewanganj, Dist: Jamalpur. Phone: 9339654",1994-02-13,2019-02-13,2029-02-12,Dhaka,Bangladesh,,Bangladesh NGO Affairs Bureau - Local NGO List (up to 19 August 2026)
Gonomukti,2067,"Choto Boyra (Sarak Bhabaner Samne), Sonadanga, Khulna Phone: 01711394127",2006-02-08,2026-02-08,2036-02-07,Khulna,Bangladesh,,Bangladesh NGO Affairs Bureau - Local NGO List (up to 19 August 2026)
Good Heal Trust,3110,"Sharif Mansion (3rd floor), 11 Mohakhali C/A, Dhaka-1212, Mob: 01711524030",2017-11-15,,2027-11-15,Dhaka,Bangladesh,,Bangladesh NGO Affairs Bureau - Local NGO List (up to 19 August 2026)
Good Neighbors Welfare Organization,3556,"Ga-77 (5th Floor), Badda Link Road, Gulshan-1, Dhaka-1212 Phone: 01409350863 email: goodneighboursbwo@gmail.com",2026-01-07,,2036-01-06,Dhaka,Bangladesh,,Bangladesh NGO Affairs Bureau - Local NGO List (up to 19 August 2026)
Goodhope Welfare Organization,3334,"Barabari, Nasibganj, Pirganj, Thakurgaon. Phone: 01951726500 email: ghwelfare.org@gmail.com",2022-11-27,,2032-11-26,Thakurgaon,Bangladesh,,Bangladesh NGO Affairs Bureau - Local NGO List (up to 19 August 2026)
Gopalganj Development Society (GDS),0774,"Vill. Gopalganj, P.O. Zalirpar, Upazilla: Muksudpur, Dist.: Gopalganj Phone: 01716-909055, 01722-105812",1993-11-11,2018-11-11,2028-11-11,Gopalganj,Bangladesh,,Bangladesh NGO Affairs Bureau - Local NGO List (up to 19 August 2026)
Gopalgonj Shishu Kallayan Unnayan Sangstha,2755,"195 Janata Road, Nichu Para, Gopalgonj. Phone: 01714-323404",2012-12-23,2017-12-23,2027-12-23,Gopalganj,Bangladesh,,Bangladesh NGO Affairs Bureau - Local NGO List (up to 19 August 2026)
Gopalgonj Social Development Foundation,2644,"House-322, Road-08, Mirpur DOHS, Mirpur Cantonment, Pallabi, Dhaka-1216 Phone: 9515912, Fax: 7746795 www.gsdfbd.org",2011-06-14,2021-06-14,2031-06-14,Dhaka,Bangladesh,,Bangladesh NGO Affairs Bureau - Local NGO List (up to 19 August 2026)
Goreeb & Eatheem Trust Foundation,1650,"House-16, Uttar Kutubkhali, Jatrabari, Dhaka-1236. Phone: 01776-272527",2001-07-04,2021-07-04,2031-07-03,Dhaka,Bangladesh,,Bangladesh NGO Affairs Bureau - Local NGO List (up to 19 August 2026)
Goriber Asroy,1618,"51, Kachari Road, Arpara, Aliganj, P.S: Kaliganj, Dist: Jhenidaha Phone: 0451-89032, Fax: 89032",2001-01-31,2011-01-31,2016-01-31,Jhenaidah,Bangladesh,,Bangladesh NGO Affairs Bureau - Local NGO List (up to 19 August 2026)
Goshgaon Palli Unnayan Sangstha,1218,"P.O. Goshgaon, Dhobaura, Mymensing Phone: 8060396",1997-11-27,2017-11-27,2027-11-27,Mymensingh,Bangladesh,"Cancelled on 04/05/2010, Revived on 10/04/2012",Bangladesh NGO Affairs Bureau - Local NGO List (up to 19 August 2026)
Gothon Samaj Kollayan Sangstha,3011,"Vill: Narikeltola, PO-TA Faruque School, Upazila: Mongla, Dist: Bagerhat Phone: 01718087451",2016-02-29,,2021-02-28,Bagerhat,Bangladesh,,Bangladesh NGO Affairs Bureau - Local NGO List (up to 19 August 2026)
Gram Bangla Unnayan Committee,2073,"Hospital Road, PO & Upazila: Nalchity, Dist: Jhalakati Phone: 02-9114094, 01715-020055",2006-03-01,2021-03-01,2031-03-01,Jhalokathi,Bangladesh,,Bangladesh NGO Affairs Bureau - Local NGO List (up to 19 August 2026)
Gram Bangla Unnayan Parished Society,2892,"25-29 Chiriakhana Road, Dhaka Phone: 01190-653813",2014-09-25,,2019-09-25,Dhaka,Bangladesh,,Bangladesh NGO Affairs Bureau - Local NGO List (up to 19 August 2026)
Gram Bikash Kendra,0693,"Haldibari, Natun Bazar, Parbatipur, Dinajpur Phone: 05334-74411, Fax: 74332 www.gbk-bd.ors",1993-03-06,2018-03-06,2028-03-06,Dinajpur,Bangladesh,,Bangladesh NGO Affairs Bureau - Local NGO List (up to 19 August 2026)
Gram Bikash Sangstha (GBS),1213,"Mamata Garden, House-B/53, Apartment (4C & 4D), S. Chatergy Lane, Jeleswaritola, Bogra-5800 Phone: 051-78186",1997-11-12,2017-11-12,2027-11-12,Bogra,Bangladesh,,Bangladesh NGO Affairs Bureau - Local NGO List (up to 19 August 2026)
Gram Bikash Shohayak Sangstha,0816,"House-05, Road-02, Shekertak, PSCL Culture Housing Society, Mohammadpur, Dhaka-1207 Phone: 8113059 www.grambikash.bd.org",1994-02-26,2019-02-26,2029-02-26,Dhaka,Bangladesh,"Cancelled on 05/05/2010, Revived on 01/07/2010",Bangladesh NGO Affairs Bureau - Local NGO List (up to 19 August 2026)
Gram Foundation,2700,"Housing Estate Goalcamot, Post: Sree Anyan, Thanak: Kotwali, Diat: Faridpur. Phone: 01934766200",2012-05-21,,2017-05-21,Faridpur,Bangladesh,,Bangladesh NGO Affairs Bureau - Local NGO List (up to 19 August 2026)
Gram Investment and Development Songstha,3181,"Village: Rani Nagar, Podainagar, Shibganj, Capainababganj, Mob: 01740845048",2018-12-18,,2028-12-18,Chapainababg anj,Bangladesh,,Bangladesh NGO Affairs Bureau - Local NGO List (up to 19 August 2026)
Gram Swanirvar Sangstha,1814,"BT Road, Word-15, Sholothar, Chandpur.",2003-04-20,,2008-04-20,Chandpur,Bangladesh,,Bangladesh NGO Affairs Bureau - Local NGO List (up to 19 August 2026)
Gram Unnayan Karma (GUK),1459,"02, Ajaj Housing, Banani, Bogra-5800 Phone: 051-78264, Fax: 051-78264",1999-12-19,2019-12-19,2029-12-19,Bogra,Bangladesh,,Bangladesh NGO Affairs Bureau - Local NGO List (up to 19 August 2026)
Gram Unnayan Kendra (GUK),0424,"Vill. & P.O. Balabari Hat, Chilmari, Kurigram Phone : 01718324718",1990-12-24,2020-12-24,2030-04-23,Kurigram,Bangladesh,,Bangladesh NGO Affairs Bureau - Local NGO List (up to 19 August 2026)
Gram Unnayan Mohila Samity,1118,"Vill. Sonapur, P.O:Baghjana, P.S: Panchbibi, Dist: Joypurhat Phone: 01712-149136",1997-01-02,2017-01-02,2027-01-02,Joypurhat,Bangladesh,,Bangladesh NGO Affairs Bureau - Local NGO List (up to 19 August 2026)
Gram Unnayan Prochestaa,1281,"Vill: Kaloha, P.O: Kalohabazar, Upazilla: Kalihati, Dist.: Tangail Phone: 01715-956481",1998-09-01,2024-09-01,2034-08-31,Tangail,Bangladesh,,Bangladesh NGO Affairs Bureau - Local NGO List (up to 19 August 2026)
Gram Unnayan Sangstha,0466,"Banuapara (Madan Road), Sadar, Netrokona Phone: 0951-61674",1991-05-05,2021-05-06,2031-05-05,Netrakona,Bangladesh,,Bangladesh NGO Affairs Bureau - Local NGO List (up to 19 August 2026)
Gram Unnayan Sangstha,2733,"Char Para Isharganj, Mymensingh. Phone: 01712-677574",2012-10-03,2017-10-03,2027-10-03,Mymensingh,Bangladesh,,Bangladesh NGO Affairs Bureau - Local NGO List (up to 19 August 2026)
Gram Unnayan-O-Dustha Seba Kendra,0337,"Vill. Bara Jamalpur, Sadullahpur, Gaibandha",1990-01-09,1995-01-09,2000-01-09,Gaibandha,Bangladesh,,Bangladesh NGO Affairs Bureau - Local NGO List (up to 19 August 2026)
Gramanchal Shangstha,2219,"Kundugram, Adamdigi, Bogra Phone: 01919-790208",2007-04-04,2017-04-04,2027-04-04,Bogra,Bangladesh,,Bangladesh NGO Affairs Bureau - Local NGO List (up to 19 August 2026)
Grambangla Unnayan Sangstha (GBUS),2923,"Jora Taltola, Natore Road, Ranirhat, Shajahanpur, Bogra Phone: 01711-336707, 051-62761 Email: gbus.bogura@gmail.com",2015-04-20,2020-04-20,2030-04-20,Bogra,Bangladesh,,Bangladesh NGO Affairs Bureau - Local NGO List (up to 19 August 2026)
Grameen Alo,2306,"Ramshahar, Gokul, Bogra. Phone: 01716-009392",2008-02-05,2018-02-05,2028-02-05,Bogra,Bangladesh,,Bangladesh NGO Affairs Bureau - Local NGO List (up to 19 August 2026)
Grameen Bikash Foundation,2521,"South Malatinagar, Bangladesh Bank Quarter Road, Bogra. Phone: 051-69506, Mobile: 01730-033250",2009-12-03,2014-12-03,2019-12-03,Bogra,Bangladesh,,Bangladesh NGO Affairs Bureau - Local NGO List (up to 19 August 2026)
Grameen Development Foundation,2660,"Vill: Jagonnathkati, PO: Swarupkati, UZ: PnNesarabad, Pirojpur.",2011-10-13,2021-10-17,2031-10-16,Pirojpur,Bangladesh,,Bangladesh NGO Affairs Bureau - Local NGO List (up to 19 August 2026)
Grameen Health Care Trust,2242,"Grameen Bank Complex (16th Floor), Mirpur-2, Dhaka-1216 Phone: 9005107, fax: 8033765",2007-06-11,2017-06-11,2027-06-11,Dhaka,Bangladesh,,Bangladesh NGO Affairs Bureau - Local NGO List (up to 19 August 2026)
Grameen Jano Shakti (GJS),3332,"Shukdeb School Road, Radha Ballab, Daulatkhan, Bhola. Phone: 01710788882 emial:gs.bhola.bd@gmail.com",2022-11-08,,2032-11-07,Bhola,Bangladesh,,Bangladesh NGO Affairs Bureau - Local NGO List (up to 19 August 2026)
Grameen Jano Unnayan Sangstha (GJUS),2000,"Altajer Rahman Road, Char Nowabad, Post+Upazila+Dist.: Bhola.",2005-01-16,2020-01-16,2030-01-16,Bhola,Bangladesh,,Bangladesh NGO Affairs Bureau - Local NGO List (up to 19 August 2026)
Grameen Jono Kalyan Sangsad,0422,"Derai, P.O:& Thana: Dirai, Chandpur, Sunamganj Phone : 01711-388412, Fax: 0821-714370",1990-12-23,2015-12-23,2035-12-22,Sunamganj,Bangladesh,"Cancelled on 04/05/2010, Revived on 28/06/2010",Bangladesh NGO Affairs Bureau - Local NGO List (up to 19 August 2026)
Grameen Kalyan,1725,"Grameen Bank Bhaban (7th floor), Mirpur-2, Dhaka Phone: 9005257-69, Fax: 9002229",2002-07-02,2017-07-02,2027-07-02,Dhaka,Bangladesh,,Bangladesh NGO Affairs Bureau - Local NGO List (up to 19 August 2026)
Grameen Krishi Foundation,1321,"College Road, Alam Nagar, Rangpur. Phone : 64893, 62995",1998-12-24,2013-12-14,2023-12-14,Rangpur,Bangladesh,,Bangladesh NGO Affairs Bureau - Local NGO List (up to 19 August 2026)
Grameen Manobik Unnayan Sangstha,0790,"Godaria Madarasha Road, Fulpur, Dist. Mymensingh Phone 091-62993 www.gramausbd.org",1993-12-29,2018-12-29,2028-12-29,Mymensingh,Bangladesh,,Bangladesh NGO Affairs Bureau - Local NGO List (up to 19 August 2026)
Grameen Matshya Foundation,1280,"Grameen Bank Bhaban, Mirpur, Dhaka",1998-09-01,2008-09-01,2013-09-01,Dhaka,Bangladesh,,Bangladesh NGO Affairs Bureau - Local NGO List (up to 19 August 2026)
Grameen Nari Unnayan Sangstha (GRANUS),2405,"Golabari Road, Bawfal, Patuakhali Phone: 0172-0510417",2009-01-29,2019-01-29,2029-01-29,Patuakhali,Bangladesh,,Bangladesh NGO Affairs Bureau - Local NGO List (up to 19 August 2026)
Grameen Shakti,1048,"Telecom Bhaban(Level-3), 53/1, Box Nagar, Zoo Road, Mirpur-1, Dhaka-1216 Phone : 9004314, Fax: 8035345 www.gshakti.org",1996-07-02,2021-07-02,2031-07-01,Dhaka,Bangladesh,,Bangladesh NGO Affairs Bureau - Local NGO List (up to 19 August 2026)
Grameen Shikha,1636,"Grameen Bank Bhaban, Head Office, Mirpur-2, Dhaka Phone : 9005257-59, 8011425 Fax: 8011425",2001-05-13,2021-05-13,2031-05-13,Dhaka,Bangladesh,,Bangladesh NGO Affairs Bureau - Local NGO List (up to 19 August 2026)
Grameen Swapna,1622,"House-2728, Darbar Sharif Road, Pakuria, Post: Upazilla: Sherpur Sadar, Dist: Sherpur Phone 01795243886",2001-02-26,2025-02-26,2035-02-25,Sherpur,Bangladesh,,Bangladesh NGO Affairs Bureau - Local NGO List (up to 19 August 2026)
Grameen Telecom Trust,3531,"Telecom Bhaban (Level-10 & 11), 53/1boxNagar,ZooRoad,Mirpur, Dhaka-1216 Phone: 880244802065 email: info@gtctrust.com",2025-11-24,,2035-11-23,Dhaka,Bangladesh,,Bangladesh NGO Affairs Bureau - Local NGO List (up to 19 August 2026)
Grameen Trust,0470,"Grameen Bank Bhaban, Mirpur-2, Dhaka. Phone: 9017038, Fax: 8016319",1991-05-21,2021-05-21,2031-05-21,Dhaka,Bangladesh,,Bangladesh NGO Affairs Bureau - Local NGO List (up to 19 August 2026)
Grameen Unnayan Prakalpa,3016,"Bogra Cantonment, B-Block, Shajahanpur, Bogra Phone: 01711411200",2016-03-01,,2021-03-01,Bogra,Bangladesh,,Bangladesh NGO Affairs Bureau - Local NGO List (up to 19 August 2026)
Grammo Sanchoy,2372,"Batakandi Bazar, Titas, Comilla",2008-07-02,,2013-07-02,Comilla,Bangladesh,,Bangladesh NGO Affairs Bureau - Local NGO List (up to 19 August 2026)
Grassroot Co-operation,3408,"Khaleya, Post: Khaley, Sadar, Rangpur",2024-05-23,,2034-05-22,Dhaka,Bangladesh,,Bangladesh NGO Affairs Bureau - Local NGO List (up to 19 August 2026)
Great One Foundation,2640,"6/1 Razaniboss Lane, Mitfort, Dhaka. Phone: 01914172623",2011-05-04,,2016-05-04,Dhaka,Bangladesh,,Bangladesh NGO Affairs Bureau - Local NGO List (up to 19 August 2026)
Green Bangla Development Society,3094,"House-91/1, Road-7/A, Dhanmondi, Dhaka. Phone: 01717232459",2017-10-29,,2027-10-29,Dhaka,Bangladesh,,Bangladesh NGO Affairs Bureau - Local NGO List (up to 19 August 2026)
Green Hill,1318,"Indani House, Champak nagar, Rangamati. Phone : 351-63343, Fax: 351-61156 www.greenhill-cht.org",1998-11-23,2018-11-23,2028-11-23,Rangamati,Bangladesh,,Bangladesh NGO Affairs Bureau - Local NGO List (up to 19 August 2026)
Green Nari Kallan Foundation (GNKF),3178,"68, Kazi Abdul Karim Road, Daulatpur, Khulna, Mob: 01711184644",2018-12-05,,2018-12-05,Khulna,Bangladesh,,Bangladesh NGO Affairs Bureau - Local NGO List (up to 19 August 2026)
Green Resilience and Cooperation for Ecosystem (GRACE),3462,"73/36-Gha, Modina Sarak, Bandabazar,Labanchara,Shipyard-9201, Khulna Phone: 01725415410 email: emranul@gmail.com",2025-05-19,,2035-05-18,Khulna,Bangladesh,,Bangladesh NGO Affairs Bureau - Local NGO List (up to 19 August 2026)
Green Savers Association,3404,"59 E1 Dorado Mia Tower, West Agargaon, Sher-E-Bangla Nagar, Dhaka",2024-04-24,,2034-04-23,Dhaka,Bangladesh,,Bangladesh NGO Affairs Bureau - Local NGO List (up to 19 August 2026)
Green the Environment,1419,"House-817, Road-04, Baitul Aman Housing Society, Adabor, Dist: Dhaka-1207 Phone: 01712-191783",1999-09-05,2021-09-05,2031-09-04,Dhaka,Bangladesh,"Cancelled on 04/05/2010, Revived on 10/04/2012",Bangladesh NGO Affairs Bureau - Local NGO List (up to 19 August 2026)
Green Village,2212,"House-14/D, Block-B, Avenue-01, Section-01, Mirpur, Dhaka.",2007-03-08,2012-03-08,2022-03-08,Dhaka,Bangladesh,,Bangladesh NGO Affairs Bureau - Local NGO List (up to 19 August 2026)
Greenway Bikrampur Society of Bangladesh,3264,"8/B/8, Nilachol R/A, Middle Paikpara, Mirpur-1, Dhaka.",2021-02-11,,2031-02-11,Dhaka,Bangladesh,,Bangladesh NGO Affairs Bureau - Local NGO List (up to 19 August 2026)
Griha Sukhan Mohila Samiti,2122,"Hous-06, Road-05, Dhanmondi R/A, Dhaka-1205 Phone: 8615246. www.grishukhan.org",2006-08-13,2011-08-13,2016-08-13,Dhaka,Bangladesh,,Bangladesh NGO Affairs Bureau - Local NGO List (up to 19 August 2026)
Group for Economic and Environmental Nurturing (GREEN),1122,"DOHL South View, Flat-8/B, Holding-17/19, Road-30, Block-D, Section-10, Mirpur, Dhaka Phone: 01787-695507",1997-01-14,2017-01-14,2027-01-13,Dhaka,Bangladesh,,Bangladesh NGO Affairs Bureau - Local NGO List (up to 19 August 2026)
Group of Expert on Environment and Nature (Green),2020,"House-463 (1st Floor), Road-31, New DOHS, Mokhali, Dhaka-1206",2005-03-23,2020-03-23,2030-03-22,Dhaka,Bangladesh,,Bangladesh NGO Affairs Bureau - Local NGO List (up to 19 August 2026)
Grous (Gram Unnayan Sangathan),2144,"Ujanipara, Bandarban Sadar, Dist.: Bandarban Parbatta District. Phone: 0361-62104, Fax: 0361-62865",2006-10-09,2021-10-09,2031-10-08,Bandarban,Bangladesh,,Bangladesh NGO Affairs Bureau - Local NGO List (up to 19 August 2026)
Habibennessa Foundation,2715,"House-12, Road-3/A, Sector-5, Uttara, Dhaka. Phone: 01914-434037",2012-07-01,,2017-07-01,Dhaka,Bangladesh,,Bangladesh NGO Affairs Bureau - Local NGO List (up to 19 August 2026)
Habigonj Unnayan Sagstha,2835,"18 Womens College Road, Habigonj Phone: 01715-356837",2013-11-21,,2018-11-21,Habiganj,Bangladesh,,Bangladesh NGO Affairs Bureau - Local NGO List (up to 19 August 2026)
Habitat and Economy Lifting Programme,1401,"Alia Madrasha Road, Bagerhat Phone: 01711-181154, Fax: 9884988",1999-07-21,2014-07-21,2024-07-21,Bagerhat,Bangladesh,,Bangladesh NGO Affairs Bureau - Local NGO List (up to 19 August 2026)
Hanani Lantri,2597,"Uzanipara, Upazila: Bandarban, Dist: Bandarban.",2010-09-26,2015-09-26,2025-09-26,Bandarban,Bangladesh,,Bangladesh NGO Affairs Bureau - Local NGO List (up to 19 August 2026)
Handicraft Sramic Kallyan Samiti,2180,"240/Ka (2nd Floor), East Rampura, Dhaka. Phone: 9355650, 01818-164201",2006-12-27,2021-12-27,2031-12-26,Dhaka,Bangladesh,,Bangladesh NGO Affairs Bureau - Local NGO List (up to 19 August 2026)
Haor Samaj Unnayan Karmasuchi,0781,"143/1, New Beily Road, Dhaka Phone : 8311323",1993-11-17,2008-11-17,2013-11-17,Dhaka,Bangladesh,,Bangladesh NGO Affairs Bureau - Local NGO List (up to 19 August 2026)
Haqqaani Mission Bangladesh,1274,"Section-6, Block-C, Road # 13, Plot-5, Pallabi, Mirpur, Dhaka Phone : 9002663 www.bartamansanglap.com",1998-07-02,2018-07-02,2028-07-02,Dhaka,Bangladesh,,Bangladesh NGO Affairs Bureau - Local NGO List (up to 19 August 2026)
Haraizon Welfare Organisation-HWO,1345,"294/1, Free School Street, Kathal Bagan, Dhanmondi, Dhaka-1205. Phone: 01819-299658",1999-02-02,2019-02-02,2029-02-02,Dhaka,Bangladesh,"Cancelled on 06/05/2010, Revived on 28/02/2011",Bangladesh NGO Affairs Bureau - Local NGO List (up to 19 August 2026)
Haridasi Women & Child Care & Nutrition Centre (HWCCNC),2191,"Vill.+Post: Gokarna, Upazilla: Nasirnagar, Dist.: B. Baria Phone: 9354130",2007-01-24,2022-01-24,2032-01-23,Brahmanbaria,Bangladesh,,Bangladesh NGO Affairs Bureau - Local NGO List (up to 19 August 2026)
Harirampur Dustha Mohila Bahumokhi Sangstha (HDMBS),0769,"Vill. Harirampur, P.O. Mirganj -6270, Thana Bagha, Rajshahi.",1993-11-09,,1998-11-09,Rajshahi,Bangladesh,,Bangladesh NGO Affairs Bureau - Local NGO List (up to 19 August 2026)
Hasan Samaj Kallyan Sangstha,3036,"House-179, Block-D, New Town, Jessore Sadar, Jessore Phone: 01922094276",2016-09-26,2021-09-26,2031-09-25,Jessore,Bangladesh,,Bangladesh NGO Affairs Bureau - Local NGO List (up to 19 August 2026)
Health & Economy,2480,"House-100, Road-06, Block-B, Mirpur-12, Dhaka-1216 Phone: 0379200371",2009-09-17,2024-09-17,2034-09-16,Dhaka,Bangladesh,,Bangladesh NGO Affairs Bureau - Local NGO List (up to 19 August 2026)
Health and Diseases Research Centre for Rural Peoples.,2647,"Ena Erista, Flat-B-3, House-802, Road-03, Baitul Aman Housing Society, Adabar, Shyamoli, Dhaka. Phone: 8122024 www.hdrcrp.org",2011-06-20,2021-06-20,2031-06-19,Dhaka,Bangladesh,,Bangladesh NGO Affairs Bureau - Local NGO List (up to 19 August 2026)
Health Management BD Foundation,3240,"House-02(4th Floor), Road-24, Sector-07, Uttara, Dhaka-1230 Mob: 01885925100, 01915223433 email: hmbdfoundation@gmail.com",2020-06-28,,2030-06-28,Dhaka,Bangladesh,,Bangladesh NGO Affairs Bureau - Local NGO List (up to 19 August 2026)
Health Ways Foundation,2702,"House-07, Road-16, Uttara, Dhaka. Phone: 01712-192577",2012-05-23,,2017-05-23,Dhaka,Bangladesh,,Bangladesh NGO Affairs Bureau - Local NGO List (up to 19 August 2026)
"Health, Education & Development Society",2503,"Room-6-7 (1st Floor), Green Supoer Market, Green Road, Dhaka-1215 Phone: 9125562",2009-10-28,2019-10-28,2029-10-28,Dhaka,Bangladesh,,Bangladesh NGO Affairs Bureau - Local NGO List (up to 19 August 2026)
Heaven Samajik Unnayan Sangstha,2776,"Gitangali Road, Zinaidah Phone: 01726-115318",2013-03-25,2018-03-25,2028-03-25,Jhenaidah,Bangladesh,,Bangladesh NGO Affairs Bureau - Local NGO List (up to 19 August 2026)
Heed Bangladesh,0024,"Main Road, Plot-19, Block-A, Section-11, Mirpur, Dhaka-1216 Phone: 8034119, Fax: 9033558 www.heed-bangladesh.com",1981-04-22,2020-05-15,2030-05-15,Dhaka,Bangladesh,,Bangladesh NGO Affairs Bureau - Local NGO List (up to 19 August 2026)
Help & Knowledge (H&K),2990,"Chairman Garden (7th Floor), House-56,57, Road-10, Rafiq Housing, Shekhertek, Adabar, Dhaka-1207 Phone: 01787-795806",2015-11-17,2020-11-17,2030-11-17,Dhaka,Bangladesh,,Bangladesh NGO Affairs Bureau - Local NGO List (up to 19 August 2026)
Help Bangladesh,0500,"Vill-Kamalpur, UZ: Savar, Dist: Dhaka-1340 Phone: 9006920",1991-07-18,2021-07-18,2031-07-17,Dhaka,Bangladesh,,Bangladesh NGO Affairs Bureau - Local NGO List (up to 19 August 2026)
Help Cox'sBazar,2207,"Court Bazar, Upazilla: Ukhia, Dist.: Cox'sBazar. Phone: 01819-024945",2007-03-08,2017-03-08,2027-03-08,Cox'sBazar,Bangladesh,,Bangladesh NGO Affairs Bureau - Local NGO List (up to 19 August 2026)
Help Foundation,2883,"Dream Apartment, House-3/G, Flat-B/2, Road-104, Gulshan-2, Dhaka Phone: 8818002",2014-08-20,2019-08-20,2029-08-20,Dhaka,Bangladesh,,Bangladesh NGO Affairs Bureau - Local NGO List (up to 19 August 2026)
Help The People Trust Bangladesh,3086,"Bismillah Shoping Comples, Kanishail Road, Shamimabad, Sylhet Phone: 01714395940",2017-01-15,2022-01-15,2032-01-15,Sylhet,Bangladesh,,Bangladesh NGO Affairs Bureau - Local NGO List (up to 19 August 2026)
Helping Hand,1933,"Baptist Mission Road, Kumaloy Dakhin, Alikanda, Barisal Phone: 0431-62934, Fax: 0431-62112",2004-05-30,2014-05-30,2019-05-30,Barisal,Bangladesh,,Bangladesh NGO Affairs Bureau - Local NGO List (up to 19 August 2026)
Helth and Education for the Less-privileged People,1779,"House-25(1st Floor), Road-04, Banani, Dhaka-1206 www.help-bd.net",2002-12-23,2017-12-23,2027-12-22,Dhaka,Bangladesh,,Bangladesh NGO Affairs Bureau - Local NGO List (up to 19 August 2026)
"HEPTA Bangladesh (Health, Education & Environment Promotion for the Teeming Associate)",2498,"House-97, Road-12, Sector-13, Uttara, Dhaka. Phone: 03896050365",2009-10-14,,2014-10-14,Dhaka,Bangladesh,,Bangladesh NGO Affairs Bureau - Local NGO List (up to 19 August 2026)
Heramoni Foundation,3515,"House-874 (2nd Floor), Road-11, Avenue-2, Section-12, PO+PS: Pallabi, Dhaka-1216 (Mirpur DOHS) Phone: 01711319467",2025-10-27,,2035-10-26,Dhaka,Bangladesh,,Bangladesh NGO Affairs Bureau - Local NGO List (up to 19 August 2026)
Highlight Foundation,2193,"Bemisahwil:o h Riraomado nMifo@reg,m PaOil:. cBoamngha, Faridpur Phone: 06323-56373",2007-02-04,2019-02-07,2029-02-07,Faridpur,Bangladesh,,Bangladesh NGO Affairs Bureau - Local NGO List (up to 19 August 2026)
Hilful Fujul Samaj Kallayan Sangstha,1233,"5/12, Humayun Road, Balock-B, Mhammadpur, Dhaka-1207 Phone: 9146206, Fax: 9131859",1998-01-21,2013-01-21,2018-01-21,Dhaka,Bangladesh,,Bangladesh NGO Affairs Bureau - Local NGO List (up to 19 August 2026)
Hill Flower,3341,"D.K, Karbari Bhaban (2nd Floor), Bijan Sarani, North Kalindipur, Rangamati Phone: 01819675793 email: hill.flower@yahoo.com",2023-03-07,,2033-03-06,Rangamati,Bangladesh,,Bangladesh NGO Affairs Bureau - Local NGO List (up to 19 August 2026)
Hillary Foundation Bangladesh,1965,"107, Mitijheel C/A (5th Floor), Dhaka-1000. Phone: 9554930, Fax: 9568259",2004-09-25,2019-09-25,2029-09-25,Dhaka,Bangladesh,"Cancelled on 04/05/2010, Revived on 30/05/2011",Bangladesh NGO Affairs Bureau - Local NGO List (up to 19 August 2026)
Hira Panna Foundation,2447,"Fashion Tower 98/6-A, Baro Moghbazar, Dhaka. Phone: 9338986, 9343961-2",2009-05-31,,2014-05-31,Dhaka,Bangladesh,,Bangladesh NGO Affairs Bureau - Local NGO List (up to 19 August 2026)
Hitaishi Bangladesh,1009,"26, Nayapalton (2nd & 3rd Floor), Dhaka-1000 Phone: 8318420 www.hitaishibangladesh.com",1996-02-08,2021-02-08,2031-02-07,Dhaka,Bangladesh,,Bangladesh NGO Affairs Bureau - Local NGO List (up to 19 August 2026)
HIV/AIDS and STD Alliance Bangladesh (HASAB),1305,"House-53, 55, Road-3, Block-B, Niketon, Gulshan, Dhaka-1212 Phone: 9857513, Fax: 9857485 www.hasab.org",1998-11-02,2018-11-01,2028-11-01,Dhaka,Bangladesh,,Bangladesh NGO Affairs Bureau - Local NGO List (up to 19 August 2026)
Home Net Bangladesh (HNB),2357,"House-13/3 (3rd Floor), Road-02, Dhanmondi R/A, Dhaka-1205 Phone: 9671602",2008-05-15,,2013-05-15,Dhaka,Bangladesh,,Bangladesh NGO Affairs Bureau - Local NGO List (up to 19 August 2026)
Homeland Association for Social Improvement (HASI),1499,"Oskhali bazar, Char Kailash, Hatia, Noakhali Phone:02-58153450 www.hasibd.com",2000-03-29,2020-03-29,2030-03-29,Noakhali,Bangladesh,,Bangladesh NGO Affairs Bureau - Local NGO List (up to 19 August 2026)
Hope,3470,"Alibad, Nabinagar, Brahmanbaria-3410 Phone: 01711341975 email: hope.ics16@gmail.com",2025-06-03,,2035-06-02,Chattogram,Bangladesh,,Bangladesh NGO Affairs Bureau - Local NGO List (up to 19 August 2026)
Hope Autism Welfare Society,3249,"57/B, Lane Circus, Kalabagan, Dhaka, Mob: 01776375945",2020-10-14,,2030-10-14,Dhaka,Bangladesh,,Bangladesh NGO Affairs Bureau - Local NGO List (up to 19 August 2026)
Hope for Development and Humanitarian Service,2411,"32 Free School Street, Hatirpool, 2nd Floor, Dhanmondi, Dhaka-1205 Phone: 01718-378870, 01819,822767",2009-08-02,2014-02-08,2034-02-07,Dhaka,Bangladesh,,Bangladesh NGO Affairs Bureau - Local NGO List (up to 19 August 2026)
Hope for the Destitute Women & Children,2707,"House-02, Road-11, Shekhertake, Mohammadpur, Dhaka. Phone: 01712-612222",2012-06-04,2017-06-04,2027-06-04,Dhaka,Bangladesh,,Bangladesh NGO Affairs Bureau - Local NGO List (up to 19 August 2026)
Hope for the Poorest,2708,"Asa Tower, 23/3 Khilzi Road, Shyamoli, Mohammadpur, Dhaka. Phone: 8110934-5",2012-06-06,2017-06-06,2027-06-06,Dhaka,Bangladesh,,Bangladesh NGO Affairs Bureau - Local NGO List (up to 19 August 2026)
Hope'87 Bangladesh,1341,"15 New Eskaton Road (Gausnagar), Dhaka. Phone: 9358651, 9358651 www.hope87.at",1999-01-18,2019-01-18,2029-01-18,Dhaka,Bangladesh,,Bangladesh NGO Affairs Bureau - Local NGO List (up to 19 August 2026)
Hosen Welfare Foundation,1705,"Char Sarikal, P.O: Sarikal, Thana: Gournadi, Barisal",2001-12-05,2006-12-05,2011-12-05,Barisal,Bangladesh,,Bangladesh NGO Affairs Bureau - Local NGO List (up to 19 August 2026)
Human Aid,3295,"ZafarAlamBhaban,PuratanBazar Road, East Sikderpara, Hilla, Teknaf, Cox'sbazar Phone:01610380310",2022-06-01,,2032-05-31,Cox'sBazar,Bangladesh,Organization Name Change,Bangladesh NGO Affairs Bureau - Local NGO List (up to 19 August 2026)
Human Aid and Charity (HAAC),2479,"House-10, Road-01, Sector-14, Uttara, Dhaka-1213 Phone: 01711931487 www.humanaidandcharity.org",2009-09-15,2024-09-15,2034-09-14,Dhaka,Bangladesh,,Bangladesh NGO Affairs Bureau - Local NGO List (up to 19 August 2026)
Human Aid and Relief Organization (HARO,1803,"House-39, Flate-2/B, Nalvog Main Road, Nishatnagar, Turag, Dhaka-1230 Tel: +880248952745, +8801727737100",2003-03-02,2023-03-02,2033-03-01,Dhaka,Bangladesh,,Bangladesh NGO Affairs Bureau - Local NGO List (up to 19 August 2026)
Human Aid Bangladesh Foundation,3207,"3/E, Configure Sadhona, South Kallyanpur, Mirpur, Dhaka, Mob:01911253195",2019-07-08,,2029-07-08,Dhaka,Bangladesh,,Bangladesh NGO Affairs Bureau - Local NGO List (up to 19 August 2026)
Human Aid Sirajganj (HAS),2344,"Abdul Based Vuyan (Thandu) Market, Baniapotti, Sirajganj-6700 Phone: 0751-64182, 01715-007627",2008-04-28,2018-04-28,2028-04-28,Sirajganj,Bangladesh,,Bangladesh NGO Affairs Bureau - Local NGO List (up to 19 August 2026)
Human Appeal,2555,"Al Bayan Complex, Link Road, Coxsbazar Sadar, Coxsbazar. Phone: 01610-252525",2010-03-30,2020-03-30,2030-03-30,Cox'sBazar,Bangladesh,,Bangladesh NGO Affairs Bureau - Local NGO List (up to 19 August 2026)
Human Concern,2832,"21, Hazi Abdur Rashed Lane, Nayabazar, Bongshal, Dhaka. Phone: 01965-998716",2013-11-13,2018-11-13,2028-11-13,Dhaka,Bangladesh,,Bangladesh NGO Affairs Bureau - Local NGO List (up to 19 August 2026)
Human Development for Poor Society,3197,"Saturia Bus Stand, Post: Saturia, Upazila: Saturia, Dist: Manikganj, Mob: 01715661844",2019-08-04,,2029-08-04,Manikganj,Bangladesh,,Bangladesh NGO Affairs Bureau - Local NGO List (up to 19 August 2026)
Human Development Forum,3029,"Vill: Singerkul, PO: Borrni, Upazilla: Gopalganj Sadar, Gopalganj. Phone: 8566302, 02-9570969",2016-06-23,2021-06-23,2031-06-22,Gopalganj,Bangladesh,,Bangladesh NGO Affairs Bureau - Local NGO List (up to 19 August 2026)
Human Development Organization-Thakurgaon (HDOT),1979,"Hallpara, Siradowl Road, Sarnokar Patti, Thakurgaon-5100. Phone: 0561-52491, 01729-63332",2004-10-31,2019-10-31,2029-10-31,Thakurgaon,Bangladesh,,Bangladesh NGO Affairs Bureau - Local NGO List (up to 19 August 2026)
Human Development Programme (HDP),1521,"88/5 Monipuripara, Tejgoan, Dhaka-1215 Phone: 9115286",2000-05-09,2005-05-09,2010-05-09,Dhaka,Bangladesh,,Bangladesh NGO Affairs Bureau - Local NGO List (up to 19 August 2026)
Human Development Society,2553,"85, Siraj Shoping Centre (2nd Floor), Muradpur More, Pachlish, Chattagram Phone: 01817-723426",2010-03-21,2025-03-21,2035-03-20,Chattogram,Bangladesh,,Bangladesh NGO Affairs Bureau - Local NGO List (up to 19 August 2026)
Human Resource Development Organization (HRDO),1828,"28/7, Tajmohal Road, Block-C, Mohammadpur, Dhaka-1207 Mobile: 01711-145328",2003-05-07,2008-05-07,2013-05-07,Dhaka,Bangladesh,,Bangladesh NGO Affairs Bureau - Local NGO List (up to 19 August 2026)
Human Resource Development Society,1568,"2467,, Islam Market, CEPZ, Bandartila, Chattogram",2000-10-03,2015-10-03,2025-10-03,Chattogram,Bangladesh,,Bangladesh NGO Affairs Bureau - Local NGO List (up to 19 August 2026)
Human Resources Development Foundation,0762,"Beldanga, Birampur, Dinajpur Phone: 01712-675985",1993-10-25,2008-10-25,2013-10-25,Dinajpur,Bangladesh,,Bangladesh NGO Affairs Bureau - Local NGO List (up to 19 August 2026)
Human Rights & Environmental Action Development (HEAD),3275,"Katia, Townbazar, Satkhira",2021-05-20,,2031-05-20,Sathkhira,Bangladesh,,Bangladesh NGO Affairs Bureau - Local NGO List (up to 19 August 2026)
Human Rights and Peace for Bangladesh,2617,"36/B-1, Mirpur Road, Bashundara Gali, Dhaka.",2010-12-28,,2015-12-28,Dhaka,Bangladesh,,Bangladesh NGO Affairs Bureau - Local NGO List (up to 19 August 2026)
Human Rights Development Centre,1103,"Malancha R/A, Wapda Road, House # 44, Sufia Manjil, Savar, Dhaka. Phone: 02-7711116",1996-11-28,2016-11-28,2026-11-27,Dhaka,Bangladesh,,Bangladesh NGO Affairs Bureau - Local NGO List (up to 19 August 2026)
Human Rights Disabilities & Development Foundation,2917,"House-08, road-08, Jabber Shah Road, Jawchar, West Hazaribagh, Dhaka Phone: 01922-4009684",2015-01-28,2020-01-28,2030-01-28,Dhaka,Bangladesh,,Bangladesh NGO Affairs Bureau - Local NGO List (up to 19 August 2026)
Human Safety Foundation,3286,"54, Khaje Dewan, 1st lane, Lalbag, Dhaka. Phone: 1912538595 email: info@hsfbd.org",2022-01-06,,2032-01-06,Dhaka,Bangladesh,,Bangladesh NGO Affairs Bureau - Local NGO List (up to 19 August 2026)
Humanist & Ethical Association of Bangladesh,0645,"64, Dhaka University Market, Sonargaon Road, Katabon, Dhaka",1992-08-20,2002-08-20,2007-08-20,Dhaka,Bangladesh,,Bangladesh NGO Affairs Bureau - Local NGO List (up to 19 August 2026)
Humanist Association,2246,"20 K Ali Road, Naltola, Bagerhat-9300",2007-06-21,,2012-06-21,Bagerhat,Bangladesh,,Bangladesh NGO Affairs Bureau - Local NGO List (up to 19 August 2026)
Humanitarian Agency for Development Services,0275,"Sirajuddowlla Road, Thakurgaon Phone: 0561-52553 www.had-bangladesh.org",1988-11-15,2008-11-15,2013-11-15,Thakurgaon,Bangladesh,"Cancelled on 06/05/2010, Revived on 25/07/2012",Bangladesh NGO Affairs Bureau - Local NGO List (up to 19 August 2026)
Humanitarian Development Society (HDS),2345,"House-11, Flat-6/A, Road-18, Sector-4, Uttara Model Town, Dhaka-1230 Phone:+88021913259256",2008-04-28,2018-04-28,2028-04-27,Dhaka,Bangladesh,Name Change 30/11/2022,Bangladesh NGO Affairs Bureau - Local NGO List (up to 19 August 2026)
Humanitarian Foundation,2116,"Shahbuddin Building (2nd Floor), College Road, Bandarban-4600 Phone: 0361-62797 www.hf_cht.org",2006-07-30,2021-07-30,2031-07-30,Bandarban,Bangladesh,,Bangladesh NGO Affairs Bureau - Local NGO List (up to 19 August 2026)
Humanity in Distress,2594,"House-81, Road-01, New Senpara, Rangpur Phone: 0521-66501",2010-09-05,2020-09-05,2030-09-05,Rangpur,Bangladesh,,Bangladesh NGO Affairs Bureau - Local NGO List (up to 19 August 2026)
Humanity Welfare Association,1714,"Golabari (Near Women College) Khagrachari Sadar, Khagrachari. Phone: 01556-773062",2002-05-11,2012-05-11,2017-05-11,Khagrachari,Bangladesh,,Bangladesh NGO Affairs Bureau - Local NGO List (up to 19 August 2026)
Hussain & Hussain Foundation,3447,"Northers Alegro, Plot-1286/3, Apartment: B-7, East Monipur, Beguma Rokeya Sarani, Mirpur, Dhaka-1216 Phone: 01988900300",2025-04-23,,2035-04-22,Dhaka,Bangladesh,,Bangladesh NGO Affairs Bureau - Local NGO List (up to 19 August 2026)
IDC-Integrated Development Centre,1563,"e2m6,a Mil:a innnfoa.nh hBiaf.gbidc@hag, mKaoinl.acpoamra, Demra, Dhaka",2000-09-06,2005-06-09,2010-06-09,Dhaka,Bangladesh,,Bangladesh NGO Affairs Bureau - Local NGO List (up to 19 August 2026)
Ideal Friendship Association,1235,"House-02 (Gr. Floor), Road-06, Rupnagar R/a, Mirpur, Dhaka.",1998-01-22,2008-07-17,2013-07-17,Dhaka,Bangladesh,,Bangladesh NGO Affairs Bureau - Local NGO List (up to 19 August 2026)
IDEAL (Institute of Development Education for Advancement of Landless),1011,"Vill. & P.O. Parulia, Thana Dhohatta, Dist. Satkhira Phone: 0471-64017122",1996-02-18,2021-02-18,2031-02-17,Sathkhira,Bangladesh,,Bangladesh NGO Affairs Bureau - Local NGO List (up to 19 August 2026)
Ideal Career Society (ICS),1382,"Vill: Boydarapur (Boro Bari), PO: Gobokhan Dhanshiri, Sadar, Jhalokathi Phone: 01678-703352",1999-05-16,2014-05-16,2019-05-16,Jhalokathi,Bangladesh,"Cancelled on 10/05/2010, Revived on 18/01/2015",Bangladesh NGO Affairs Bureau - Local NGO List (up to 19 August 2026)
Ideal Step for Sustainable Development,1607,"Siraj Manjil, Samad Ali Sikder Para, Padua, Lohagora, Chattogram Phone: 01872353555 email: issdbd0@gmail.com",2001-01-10,2026-01-10,2036-01-09,Chattogram,Bangladesh,,Bangladesh NGO Affairs Bureau - Local NGO List (up to 19 August 2026)
Ignite Gloal Foundation,3461,"41/1, Mazar Road, East Baunia, Turag, Dhaka-1230 Phone: 01839319088 email: info@ignite.gmail.com",2025-05-21,,2035-05-20,Dhaka,Bangladesh,,Bangladesh NGO Affairs Bureau - Local NGO List (up to 19 August 2026)
IHDP (Integrated Human Development Program),2272,"Ujan Gram, Kustia, Bangladesh",2007-09-18,2012-09-18,2017-09-18,Kustia,Bangladesh,,Bangladesh NGO Affairs Bureau - Local NGO List (up to 19 August 2026)
Illeteracy and Poverty Alleviation Assistance Organisation (IPAAO),1528,"House-11, Road-02, Sector-13, Uttara, Dhaka-1230",2000-05-21,2025-05-21,2035-05-20,Dhaka,Bangladesh,,Bangladesh NGO Affairs Bureau - Local NGO List (up to 19 August 2026)
Image,1222,"Saleh 22/A, Zakir Hossain Road, Khulshi, Chattogram Phone: 031-612263",1997-08-21,2017-12-12,2027-12-12,Chattogram,Bangladesh,,Bangladesh NGO Affairs Bureau - Local NGO List (up to 19 August 2026)
Impact Foundation Bangladesh,0775,"Cosmopolitan Centre (3rd Floor), 22/2, Babor Road, Block-B, Mohammadpur, Dhaka-1207. Phone: 02-9103841, 02-9103842, 02-9103743, Fax: 02-9103840",1993-11-20,2018-11-20,2028-11-20,Dhaka,Bangladesh,,Bangladesh NGO Affairs Bureau - Local NGO List (up to 19 August 2026)
Impact Initiative,1224,"3w0w1w, .Fimaipdaacbtafodu, nBdeartiiboandbhd .Roorgad, Choarirtek, Dakkhin Khan, Dhaka-1230",1997-12-14,2022-12-14,2032-12-13,Dhaka,Bangladesh,"Cancelled on 27/07/2010, Revived on : 14/12/2017 Name Change On",Bangladesh NGO Affairs Bureau - Local NGO List (up to 19 August 2026)
Indigenous People's Development Services,1948,"House-62, Problal Housing, Ring Road, Mohammadpur, Dhaka. Phone: 0178-501458, 8122881 Web: www.ipdsbd.com",2004-07-25,2019-07-25,2029-07-25,Dhaka,Bangladesh,,Bangladesh NGO Affairs Bureau - Local NGO List (up to 19 August 2026)
Initiative for Marzin to Main Stream,2996,"Aparazita, 44-B, Katasur, Mohammedpur, Dhaka Phone: 01716-194593",2016-01-21,,2021-01-21,Dhaka,Bangladesh,,Bangladesh NGO Affairs Bureau - Local NGO List (up to 19 August 2026)
Initiative for People's Development (IPD),3514,"210, West Nakhalpara, Tejgaon, Dhaka-1215 Phone: 01703231277 email: ipd_9612@yahoo.com",2025-10-27,,2035-10-26,Dhaka,Bangladesh,,Bangladesh NGO Affairs Bureau - Local NGO List (up to 19 August 2026)
Initiative for Right View,2761,"93, Nazir Ghat Road, Khulna Phone: 01911-131961",2013-01-21,2018-01-21,2028-01-21,Khulna,Bangladesh,,Bangladesh NGO Affairs Bureau - Local NGO List (up to 19 August 2026)
Initiative for Social Change(ISC),3397,"1048 East Monipur, Mirpur-1, Dhaka. Phone: 01730011702",2023-12-26,,2033-12-25,Dhaka,Bangladesh,,Bangladesh NGO Affairs Bureau - Local NGO List (up to 19 August 2026)
Innovation and Development Associates Foundation,3310,"BSEC Bhaban, 102 Kazi Nazrul Islam Avenue, Karwan Bazar, Dhaka. Phone: 01707111111",2022-08-17,,2032-08-16,Dhaka,Bangladesh,,Bangladesh NGO Affairs Bureau - Local NGO List (up to 19 August 2026)
Institute for Developing Science & Health Initiatives Foundation,2964,"House-48, Road-09, Block-B, Bashundhara, Dhaka Phone: 01793-163304",2015-09-10,2020-09-10,2030-09-09,Dhaka,Bangladesh,,Bangladesh NGO Affairs Bureau - Local NGO List (up to 19 August 2026)
Institute for Environment & Development (IED),1866,"Kolpona Sundor, 13/14 Babor Road (2nd Fl.), Block-B, Mohammadpur Housing Estage, Dhaka-1207 Phone: 8158248, Fax: 8114099",2003-08-13,2018-08-13,2028-08-13,Dhaka,Bangladesh,,Bangladesh NGO Affairs Bureau - Local NGO List (up to 19 August 2026)
"Institute for Policy, Advocacy and Governance (I-PAG)",2569,"14A, Chandrashila-Subastu Tower, 69/1, Bir Uttam Kazi, Nuruzzaman Road, Dhaka-1205 Phone: 8621256, Fax: 8621260 www.i_pag.com.bd",2010-05-02,2025-05-02,2035-05-01,Dhaka,Bangladesh,,Bangladesh NGO Affairs Bureau - Local NGO List (up to 19 August 2026)
Institute for Rural Development (IRD),1497,"Fatema Manzil, West Kawania, Barisal. Phone: 01711-454294",2000-03-23,2015-03-23,2020-03-23,Barisal,Bangladesh,"Cancelled on 09/08/2010, Revived on 27/01/2011",Bangladesh NGO Affairs Bureau - Local NGO List (up to 19 August 2026)
Institute of Allergy and Clinical Immunology of Bangladesh,1440,"Room-4-5 (2nd Floor), Green Supermarket, Green Road, Dhaka-1205 Phone: 9135287,8115646 www.iacib.org",1999-10-25,2019-10-25,2029-10-25,Dhaka,Bangladesh,,Bangladesh NGO Affairs Bureau - Local NGO List (up to 19 August 2026)
Institute of Development Affairs,1039,"House-42/A, Block-A, Main Road, Shahjalal Upashar, Sylhet-3100 Phone: 0821-761928 www.idea.org.bd",1996-05-14,2021-05-14,2031-05-13,Sylhet,Bangladesh,,Bangladesh NGO Affairs Bureau - Local NGO List (up to 19 August 2026)
"Institute of Rural Development, The",0594,"222/Kha, Malibag (1st Floor), Flat-C-2, Dhaka-1217. Tel: 88-02-9361353.",1992-02-02,2017-02-02,2027-02-02,Dhaka,Bangladesh,,Bangladesh NGO Affairs Bureau - Local NGO List (up to 19 August 2026)
"Institution of Engineers, Bangladesh The",2031,"Head Quarter, Ramna, Dhaka-1000",2005-04-19,,2010-04-19,Dhaka,Bangladesh,,Bangladesh NGO Affairs Bureau - Local NGO List (up to 19 August 2026)
Integrated Centre for Climate Change and Development,3159,"572, Apar Jessore Road, Daulatpur, Khulna Mob:",2018-07-24,,2028-07-24,Khulna,Bangladesh,,Bangladesh NGO Affairs Bureau - Local NGO List (up to 19 August 2026)
Integrated Community Development Association (ICDA),2890,"Hakim Villa, Brown Compound Road, Barisal Phone: 01727-06366",2014-09-03,,2019-09-03,Barisal,Bangladesh,,Bangladesh NGO Affairs Bureau - Local NGO List (up to 19 August 2026)
Integrated Community Development Committee (ICDC),0932,"P.O. & Thana Austagram, Kishoreganj Phone: 017-220839",1995-04-23,2000-04-23,2005-04-23,Kishorganj,Bangladesh,,Bangladesh NGO Affairs Bureau - Local NGO List (up to 19 August 2026)
Integrated Community Development Society (ICDS),3239,"Paura Char, Jongla (Near by Master Rafiqul Islam Govt. Primary School), Bhola Sadar, Bhola, Mob: 01716676569",2020-05-14,,2030-05-14,Bhola,Bangladesh,,Bangladesh NGO Affairs Bureau - Local NGO List (up to 19 August 2026)
Integrated Development Association (IDA),3529,"Vill:Kaida,Post:Nakla,UZ:Nakla, Dist: Sherpur, Post Code: -2150 Phone: 01717063817 email: idasherpur@gmail.com",2025-11-18,,2035-11-17,Sherpur,Bangladesh,,Bangladesh NGO Affairs Bureau - Local NGO List (up to 19 August 2026)
Integrated Development Association of Barisal (INDAB),0679,"Baitul Falah, Alekanda Sarak, Barisal-8200 Phone: 0431-64113",1993-01-24,2018-01-15,2028-01-15,Barisal,Bangladesh,,Bangladesh NGO Affairs Bureau - Local NGO List (up to 19 August 2026)
Integrated Development Foundation,0941,"House-18, Road-05, Block-A, Mirpur-2, Dhaka-1216 Phone: 9005452 www.idfbd.org",1995-05-28,2020-05-28,2030-05-28,Dhaka,Bangladesh,,Bangladesh NGO Affairs Bureau - Local NGO List (up to 19 August 2026)
Integrated Development Initiatives (IDI),2362,"Shishu Kallyan Songa Residential School Bhaban, Uttar Khabong Paria, Khagrachari Sadar, Khagrachari.",2008-05-21,,2013-05-21,Khagrachari,Bangladesh,,Bangladesh NGO Affairs Bureau - Local NGO List (up to 19 August 2026)
Integrated Development Organisation (IDO),1658,"Sagardari, Keshobpur, Jessore Phone: 01716-790824",2001-08-28,2016-08-28,2026-08-28,Jessore,Bangladesh,,Bangladesh NGO Affairs Bureau - Local NGO List (up to 19 August 2026)
Integrated Environment Development Society-IEDS,3021,"Sadupara (Hospital More), Susong Durgapur, Netrakona Phone: 0170919091",2016-04-24,2021-04-24,2031-04-23,Netrakona,Bangladesh,,Bangladesh NGO Affairs Bureau - Local NGO List (up to 19 August 2026)
Integrated Health Care Services,2016,"House-4/4, Block-F, Lalmatia, Dhaka-1207",2005-03-16,,2010-03-16,Dhaka,Bangladesh,,Bangladesh NGO Affairs Bureau - Local NGO List (up to 19 August 2026)
Integrated rural Development Centre (IRDC),2121,"Goduli, Plot No-19, Block-A, Section-10, Sugandha Property Development Ltd. Hemayetpur, Savar, Dhaka-1314 Phone: 9118592",2006-08-07,,2011-08-07,Dhaka,Bangladesh,,Bangladesh NGO Affairs Bureau - Local NGO List (up to 19 August 2026)
Integrated Rural Development Foundation,3270,"Zobeda Neer, Balatari Sadar, Lalmonirhat",2021-03-21,,2031-03-21,Lalmonirhat,Bangladesh,,Bangladesh NGO Affairs Bureau - Local NGO List (up to 19 August 2026)
Integrated Rural Development Organization (IRDO),2169,"House-54, Road-13, Sector-14, Uttara Model Town, Dhaka-1230 Phone: 8962515",2006-11-28,2016-11-28,2026-11-28,Dhaka,Bangladesh,,Bangladesh NGO Affairs Bureau - Local NGO List (up to 19 August 2026)
Integrated Service for Development of Children and Mothers,1426,"House-27/3 (2nd Fl.), Narisha Bhaban, West Agargaon, Sher-E-Bangla Nagar, Dhaka Phone: 8118659 www.isdcm-bd.org",1999-09-16,2019-09-16,2029-09-16,Dhaka,Bangladesh,,Bangladesh NGO Affairs Bureau - Local NGO List (up to 19 August 2026)
Integrated Social Aid,1548,"Plot-14(3rd Floor), Block-A, Bashundara R/A, Bashundara Avenue, Dhaka. Phone: 8401092, 8401093 Fax: 8401095",2000-07-11,2005-07-11,2010-07-11,Dhaka,Bangladesh,,Bangladesh NGO Affairs Bureau - Local NGO List (up to 19 August 2026)
Integrated Social Development Organization (ISDO),2305,"Vill. Robertsongonj (Mondalpara), Post: Alamnagar, Dist.: Rangpur. Phone: 01715-482017",2008-02-05,2018-02-05,2028-02-05,Rangpur,Bangladesh,,Bangladesh NGO Affairs Bureau - Local NGO List (up to 19 August 2026)
Integrated Social Devleopment Effort (ISDE),0803,"House-68, Road-4, Block-B, Chandgaon R/A, Chattogram-4212 Phone: 031-2573035",1994-02-13,2020-02-10,2030-02-10,Cox'sBazar,Bangladesh,,Bangladesh NGO Affairs Bureau - Local NGO List (up to 19 August 2026)
Integrated Social Welfare Association (ISWS),1950,"Post- Betagi, Code No-8740, Dist.-Barguna. Phone: 0445-456065",2004-08-15,2014-08-15,2019-08-15,Barguna,Bangladesh,,Bangladesh NGO Affairs Bureau - Local NGO List (up to 19 August 2026)
Integrated society for Rays of Hope (RISH),2043,"Puro mini Market (2nd Floor), Jamaipara Road, Dist: Sunamganj. Phone 01976401979 Email: iswch2003@gmail.com www.wishbd-org",2005-10-25,2020-10-25,2030-10-25,Sunamganj,Bangladesh,Name Change on 29/03/2021,Bangladesh NGO Affairs Bureau - Local NGO List (up to 19 August 2026)
Integrated Village Development Society (IVDS),1739,"Eastern Road, New DOHS Mohakhali, Dhaka., Phone: 9099671",2002-09-19,2012-09-19,2017-09-19,Narayanganj,Bangladesh,,Bangladesh NGO Affairs Bureau - Local NGO List (up to 19 August 2026)
International Autism Foundation,2930,"9(1st Floor) Gausul Azam Supermarket, Nitlkhet, Newmarket, Dhaka Phone: 01711-351379",2015-05-21,,2020-05-21,Dhaka,Bangladesh,,Bangladesh NGO Affairs Bureau - Local NGO List (up to 19 August 2026)
International Centre for Economic Policy Rearch,0725,"House-2/A, Flat-1/A, Road-55, Gulshan-2, Dhaka Phone:www.icfepr.org",1993-07-04,2013-07-04,2018-07-04,Dhaka,Bangladesh,,Bangladesh NGO Affairs Bureau - Local NGO List (up to 19 August 2026)
International Centre For Peace and Development (ICPD),2183,"Banantika Segunbagicha, Varuakhali, Cox'sBazar.",2007-01-15,,2012-01-15,Cox'sBazar,Bangladesh,,Bangladesh NGO Affairs Bureau - Local NGO List (up to 19 August 2026)
International Financial Development Organization (IFDO),2359,"Flat-C-3 (3rd Floor), Paltan Tower, 65, Purana Paltan Line, Dhaka-1000 Phone: 01928-310835 www.ifdo-org.blogspot.com",2008-05-15,2018-05-15,2028-05-14,Comilla,Bangladesh,,Bangladesh NGO Affairs Bureau - Local NGO List (up to 19 August 2026)
International Life Sciences Institute (ILSI) Bangladesh,2045,"Anchor Tower, 1/1 B, Sonargoan Road, Dhaka.",2005-12-01,,2010-12-01,Dhaka,Bangladesh,,Bangladesh NGO Affairs Bureau - Local NGO List (up to 19 August 2026)
International Voluntary Services-Bangladesh (IVS-B),2425,"House-24, Road-03,Monsurabad R/A, Adabar, Shaymoli, Dhaka. Phone: 91425269112830 E-mail: maivsban@citechco.net",2009-04-07,,2014-04-07,Dhaka,Bangladesh,,Bangladesh NGO Affairs Bureau - Local NGO List (up to 19 August 2026)
Isabela Foundation,3317,"Flat-301,House-13,Road-15(New), 28(Old), Dhanmondi R/A, Dhaka. Phone: 01550153877 email: isabelafoundationbd@gmail.com",2022-09-14,,2032-09-13,Dhaka,Bangladesh,,Bangladesh NGO Affairs Bureau - Local NGO List (up to 19 August 2026)
Isamoti Somaj Unnyan Uddog,2542,"Vill: Kazi Mohallah, PO+PS: Debhata, Satkhira. Phone: 8819983, 01911-336644",2010-02-10,2015-02-10,2020-02-10,Sathkhira,Bangladesh,,Bangladesh NGO Affairs Bureau - Local NGO List (up to 19 August 2026)
Islahul Muslimeen Parishad,1409,"1146/A, Chowdhury para, masjid and Islami Gobeyshona Parishad Complex, Dhaka. Phone: 9355634, 9354242 Fax: 8318015",1999-08-11,2019-08-12,2029-08-12,Dhaka,Bangladesh,,Bangladesh NGO Affairs Bureau - Local NGO List (up to 19 August 2026)
Islami Bank Foundation,0668,"Awlw-Rwa.ijmi Cpobm.oprglex, 166 Shaheed Syed Nazrul Islam Sharani, Purana Palton, Dhaka. Phone: 7110151, 7110325",1992-11-24,2007-11-24,2012-11-24,Dhaka,Bangladesh,,Bangladesh NGO Affairs Bureau - Local NGO List (up to 19 August 2026)
Islami Samaj Kalyan Samity,0542,"39, Senpara Porbota, Mirpur, Dhaka-1216. Phone: 8012754, Fax: 833632",1991-10-21,2016-10-21,2026-10-21,Dhaka,Bangladesh,"Cancelled on 15/06/2010, Revived on 19/09/2011",Bangladesh NGO Affairs Bureau - Local NGO List (up to 19 August 2026)
Islamic Aid Bangladesh,0585,"Gulfesha Plaza (12th Floor), 8 Saheed Sangbadik Selina Parveen Sarak (Old: 69 Outer Circular Road), Boro Mogbazar, Ramna, Dhaka-1217.",1992-11-01,2017-01-11,2027-01-11,Dhaka,Bangladesh,,Bangladesh NGO Affairs Bureau - Local NGO List (up to 19 August 2026)
Islamic Blind Mission,0170,"BP h1o2n-e1 3:,8 A3l1 k3a4m53a,l FAabxa:s 8a3n1 S3a4m53ity, Boxnagar, Mirpur-1, Dhaka-1216 Phone: 8627208",1984-07-31,2010-05-15,2015-05-15,Dhaka,Bangladesh,"Cancelled on 17/08/2011, Revived on 03/01/2013",Bangladesh NGO Affairs Bureau - Local NGO List (up to 19 August 2026)
Islamic Medical Mission,0196,"63, Central Road, Dhanmondi R.A., Dhaka Phone : 8614400,, Fax: 8618300",1986-01-23,2016-01-23,2021-01-23,Dhaka,Bangladesh,,Bangladesh NGO Affairs Bureau - Local NGO List (up to 19 August 2026)
Ispahani Islamia Eye Institute and Hospital Society,1227,"Sher-e-Banglanagar, Farmgate, Dhaka. Phone: 8112856, 9119315",1997-12-22,2017-12-22,2027-12-22,Dhaka,Bangladesh,,Bangladesh NGO Affairs Bureau - Local NGO List (up to 19 August 2026)
Israf-Tasira Shikkha O Seba Foundation,1792,"House 240, Road # 3, DOHS, Baridhara, Dhaka-1206 Phone : 8826461",2003-01-26,2008-01-26,2013-01-26,Dhaka,Bangladesh,,Bangladesh NGO Affairs Bureau - Local NGO List (up to 19 August 2026)
Jaago Foundation Trust,3229,"14/3/A, Eco Village Jafrabad, Rayer Bazar, Dhaka. Mob: 01766666654",2019-12-31,,2029-12-31,Dhaka,Bangladesh,,Bangladesh NGO Affairs Bureau - Local NGO List (up to 19 August 2026)
Jabal-e-Nur Development Society,3458,"Khoksa, Kushtia Phone: 01714090361 email: jdsbd2004@gmail.com",2025-05-14,,2035-05-13,Khulna,Bangladesh,,Bangladesh NGO Affairs Bureau - Local NGO List (up to 19 August 2026)
Jagarani Mohila Kallyan Songstha (JMKS),0567,"Vill. Baniadi, P.O.+Upazila: Shibpur, Narsingdi. Phone: 0628-75026, 01711-488462",1991-12-04,2021-12-04,2031-12-03,Narsingdhi,Bangladesh,,Bangladesh NGO Affairs Bureau - Local NGO List (up to 19 August 2026)
Jagarani Mohila Samity,1096,"College Gate, Rangamati Sadar, Rangamati Hill Tract Area. Phone: 01556-623332",1996-11-02,2008-11-02,2013-11-02,Rangamati,Bangladesh,,Bangladesh NGO Affairs Bureau - Local NGO List (up to 19 August 2026)
Jagatjyoti Children Welfare Home,1909,"Ramcout, Post+Upazilla-Ramu, Dist.- Cox'sBazar. Phone : 0189-0189-332824, 03425-56136",2004-02-19,2019-02-19,2029-02-18,Cox'sBazar,Bangladesh,,Bangladesh NGO Affairs Bureau - Local NGO List (up to 19 August 2026)
Jago Nari Progati Sangstha,2687,"Vill+Post:+Upazila: Aditmari, Dist: Lalmonirhat.",2012-03-27,2017-03-27,2027-03-26,Lalmonirhat,Bangladesh,,Bangladesh NGO Affairs Bureau - Local NGO List (up to 19 August 2026)
Jago Nari Unnayon Sangstha (JNUS),2453,"Ramu College Gate, Ramu, Cox'sBazar Phone: 01823929075",2009-06-02,2019-06-02,2029-06-01,Cox'sBazar,Bangladesh,,Bangladesh NGO Affairs Bureau - Local NGO List (up to 19 August 2026)
Jagorani Chakra Foundation,0219,"46, Mujib Road, Jessore Phone :0421-68823, Fax: 0421-68824 www/kcfbd/prg",1987-04-11,2022-04-11,2032-04-10,Jessore,Bangladesh,,Bangladesh NGO Affairs Bureau - Local NGO List (up to 19 August 2026)
Jagorani Jubo Sangha (JJN),1282,"Vill. & P.O: Rashulpur, Dist: Tangail Phone: 0175-414585, 0172-218323",1998-09-01,2003-09-01,2008-09-01,Tangail,Bangladesh,,Bangladesh NGO Affairs Bureau - Local NGO List (up to 19 August 2026)
Jagoroni Sangstha,0368,"Chitkatibari, Kotalipara, Gopalgonj Phone: 01711-442242",1990-03-03,2020-03-03,2030-03-03,Gopalganj,Bangladesh,,Bangladesh NGO Affairs Bureau - Local NGO List (up to 19 August 2026)
Jagrata Jubo Sangha (JJS),0428,"35/8, T.B Cross Road, Khulna. Phone: 041-731013, 730146, 01700-827072",1991-01-09,2021-01-09,2031-01-09,Khulna,Bangladesh,,Bangladesh NGO Affairs Bureau - Local NGO List (up to 19 August 2026)
Jahanara Female Adult School and Handicrafts Training Centre,1273,"Nanua Dighirpar, Kotwali, Comilla Phone: 018-65462",1998-06-14,2013-06-14,2018-06-14,Comilla,Bangladesh,,Bangladesh NGO Affairs Bureau - Local NGO List (up to 19 August 2026)
Jahera Ahamed Foundation,3418,"AhamedGardedenCity,Nabinagar, Brahmanbaria Phone: 01742930015 email: jaheraahmedfoundation@gmail.co",2024-08-28,,2034-08-27,Brahmanbaria,Bangladesh,,Bangladesh NGO Affairs Bureau - Local NGO List (up to 19 August 2026)
Jaintia Shinnomul Songstha,1900,"mPost & Upazila- Joyentapur, Sylhet. Phone:0821-2860765, Fax: 0821-2860193",2004-01-20,2019-01-20,2029-01-20,Sylhet,Bangladesh,,Bangladesh NGO Affairs Bureau - Local NGO List (up to 19 August 2026)
Jamuna Char Integrated Development Project (JCDP),0837,"Italy Bldg, Gobindashi Road, Bhuapur, Tangail Phone: 01925-575360",1994-06-06,2014-06-06,2019-06-06,Dhaka,Bangladesh,,Bangladesh NGO Affairs Bureau - Local NGO List (up to 19 August 2026)
Jamuna Palli Unnayan Sangstha,2910,"Vill: Boira Bari, PO+PS: Belkuchi, Dist: Sirajganj. Phone: 01733-161053",2015-01-07,2020-01-07,2030-01-06,Sirajganj,Bangladesh,,Bangladesh NGO Affairs Bureau - Local NGO List (up to 19 August 2026)
Jana Kalyan Sangha (JKS),0912,"Pakharpar, P.O. Bhangarhat, Thana Kotalipara, Gopalganj Phone: 01715-107859",1995-02-26,2020-02-26,2030-02-26,Gopalganj,Bangladesh,,Bangladesh NGO Affairs Bureau - Local NGO List (up to 19 August 2026)
Jana Unnayan Karmashuchi,2515,"52/B, Baddanagar Lane, P.O.: Newmarket, PS: Hazaribagh, Dhaka. Phone: 9663201, Fax: 9663201",2009-11-16,,2014-11-16,Dhaka,Bangladesh,,Bangladesh NGO Affairs Bureau - Local NGO List (up to 19 August 2026)
Jananee Seba Sangstha,2512,"Farabari Road, Vill: Borunagaon, PO: Thakurgaon Sadar, Dist.: Thakurgaon. Phone: 01716-211162",2009-11-05,2019-11-05,2029-11-04,Thakurgaon,Bangladesh,,Bangladesh NGO Affairs Bureau - Local NGO List (up to 19 August 2026)
Janaseba Kendra (JSK),1258,"Adalat Sarak, PO&UZ: Raipur, Lakxmipur Phone: 01711-570333",1998-04-23,2018-04-23,2028-04-23,Laxmipur,Bangladesh,,Bangladesh NGO Affairs Bureau - Local NGO List (up to 19 August 2026)
"Janashaista, Shikka O Polli Unnayan Sanghsta",2528,"Court Station Road, Habiganj Phone: 083162380",2010-01-18,2020-01-18,2030-01-17,Habiganj,Bangladesh,,Bangladesh NGO Affairs Bureau - Local NGO List (up to 19 August 2026)
Janata Social Development Organization,2506,"Vill+PO- Sonakhali, P.S. Morelgonj, Dist.: Bagerhat. Phone: 01717-811238",2009-11-03,2019-11-03,2029-11-03,Bagerhat,Bangladesh,,Bangladesh NGO Affairs Bureau - Local NGO List (up to 19 August 2026)
Janmabhumi Unnayan Sangstha (JUS),1544,"Vill:Ratandia, P.O:Khamarpara, Thana: Boalmari, Faridpur.",2000-07-09,2015-07-09,2025-07-08,Faridpur,Bangladesh,,Bangladesh NGO Affairs Bureau - Local NGO List (up to 19 August 2026)
Jano Jiban Unnayan Foundation,3537,"V. Aid Road, Board Bazar, East Gobindrapur, Gaibandha Phone: 01712093810 email:",2025-12-03,,2035-12-02,Gaibandha,Bangladesh,,Bangladesh NGO Affairs Bureau - Local NGO List (up to 19 August 2026)
Jano Shasthya Unnayan Sangstha,3258,"Village & Post: Chapapur Bazar, Adamdighi, Bagura. Mob: 01716029761",2020-12-27,,2030-12-27,Bogra,Bangladesh,,Bangladesh NGO Affairs Bureau - Local NGO List (up to 19 August 2026)
Jano Unnayan Foundation,3351,"Vill&Post:Gala,PostCode-1900, Upazila: Tangail Sadar, District: Tangail Phone: 01721290105",2023-04-06,,2033-04-05,Tangail,Bangladesh,,Bangladesh NGO Affairs Bureau - Local NGO List (up to 19 August 2026)
Japan Bangladesh Foundation,2469,"Amritakundo, PO+Upazila: Chatmohar, Pabna.",2009-07-26,,2014-07-26,Pabna,Bangladesh,,Bangladesh NGO Affairs Bureau - Local NGO List (up to 19 August 2026)
Jar Foundation,3176,"Millennium Plaza, 2905, Agrabad Access Road, Chittagram. Mob: 01730004456",2018-12-03,,2028-12-03,Chattogram,Bangladesh,,Bangladesh NGO Affairs Bureau - Local NGO List (up to 19 August 2026)
Jatio Trinomul Protibandhi Sangstha,2373,"House-56, Road-11 (1st Floor), Block-C, Banani, Dhaka. Phone: 01712-010448, 01711-432950 Phone & Fax: 9862554, 8859330",2008-07-02,2018-07-02,2028-07-02,Dhaka,Bangladesh,,Bangladesh NGO Affairs Bureau - Local NGO List (up to 19 August 2026)
Jatiya Manob Kalyan Mission,1990,"43/2, Narinda Road (5th Floor), PS: Wari, Dhaka-1100 Phone: 7448279, Fax: 7418279",2004-12-28,2019-12-28,2029-12-28,Dhaka,Bangladesh,,Bangladesh NGO Affairs Bureau - Local NGO List (up to 19 August 2026)
Jatiya Nirbachan Parjabekhan Parishad (JANIPOP),2194,"74 Labratori Road (3rd Floor), Dhanmondi, Dhaka. Phone: 8625771, Fax: 8625771 www.janipop.org",2007-02-18,2017-02-18,2027-02-18,Dhaka,Bangladesh,,Bangladesh NGO Affairs Bureau - Local NGO List (up to 19 August 2026)
Jatiya Tarun Sangha (JTS),0267,"21 Hajaribagh Road, Dhaka Phone : 8622835, 8628330",1988-07-05,2018-07-05,2028-07-05,Dhaka,Bangladesh,,Bangladesh NGO Affairs Bureau - Local NGO List (up to 19 August 2026)
Jatya Manob Kallan Sangstha,0983,"Vill: Naturia, PO: Sheikh Para/ Madhupur, UZ: Kumarkhali, Kusthia. Phone: 01716-040514",1995-10-31,2015-10-31,2020-10-31,Dhaka,Bangladesh,,Bangladesh NGO Affairs Bureau - Local NGO List (up to 19 August 2026)
Jesh Foundation,1534,"Vill+PO: Salimpur, Kalaroa, Satkhira. Phone: 8124806, Fax: 8612702 www.jeshfoundation.org.bd",2000-06-18,2020-06-08,2030-06-08,Dhaka,Bangladesh,,Bangladesh NGO Affairs Bureau - Local NGO List (up to 19 August 2026)
JFF (Justice Fajlul Haque Welfare Foundation),2189,"House-08, Road-3/C, Sector-09, Uttara, Dhaka-1230.",2007-01-17,,2012-01-17,Dhaka,Bangladesh,,Bangladesh NGO Affairs Bureau - Local NGO List (up to 19 August 2026)
Jhanjira Samaj Kallyan Sangstha (JSKS),1214,"P.O:Jhanjira Hat,P.S. Dinajpur, Dist:Dinajpur. Phone: 0531-89104, 01712-192428",1997-11-12,2017-11-12,2027-11-12,Dinajpur,Bangladesh,,Bangladesh NGO Affairs Bureau - Local NGO List (up to 19 August 2026)
Jhikargacha Development Organization,2847,"Jessore Benapole Main Road, Kritipur, Jhikargacha, Dist: Jessore Phone: 01712-744613",2014-02-03,2019-02-03,2029-02-03,Jessore,Bangladesh,,Bangladesh NGO Affairs Bureau - Local NGO List (up to 19 August 2026)
Jiban Sandhani Samaj Kalyan Sangstha,3059,"Uddabganj Bazar, Sonargaon, Narayanganj Phone: 01711843452",2016-12-14,2021-12-14,2031-12-14,Narayanganj,Bangladesh,,Bangladesh NGO Affairs Bureau - Local NGO List (up to 19 August 2026)
Jogajog,1386,"Sanmar Valancia, 2 sursion Road, Chattogram Phone: 01554-341347",1999-05-30,2019-05-30,2029-05-29,Chattogram,Bangladesh,,Bangladesh NGO Affairs Bureau - Local NGO List (up to 19 August 2026)
JOJAN,2679,"Kharki Christian Para, Shahid Swapan Sarak, Jessore-7400 Phone: 88-0421-63741, Mobile: 01715-670962",2012-02-27,2017-02-27,2027-02-27,Jessore,Bangladesh,,Bangladesh NGO Affairs Bureau - Local NGO List (up to 19 August 2026)
Jono Bibhab Unnayan Kendra,0681,"House # 19/A, Road # 1, Dhanmondi R/A., Dhaka Phone : 9669021",1993-02-01,2013-02-01,2018-02-01,Dhaka,Bangladesh,,Bangladesh NGO Affairs Bureau - Local NGO List (up to 19 August 2026)
Jono Kalyan Kendra,0194,"Municipality road, Paschim Bhanugach. P.O.: Keramatnagar, Dist.: MoulviBazar. Phone: 01819-572768",1985-11-20,2015-11-20,2025-11-20,MoulaviBazar,Bangladesh,,Bangladesh NGO Affairs Bureau - Local NGO List (up to 19 August 2026)
Jonosaba,1700,"SM Vila(1st Floor), Sheed Rafiq Road, North Kathali, Pahartoli, Chattogram Phone : 031-752477",2001-11-22,2021-11-22,2031-11-21,Chattogram,Bangladesh,,Bangladesh NGO Affairs Bureau - Local NGO List (up to 19 August 2026)
Jonotar Foundation,3475,"115/B West Nakhalpara, Tejgaon, Dhaka-1215 Phone: 01713712702, 01711743520 email: info@if-w.org website: www.jf-w.org",2025-06-03,,2035-06-02,Dhaka,Bangladesh,,Bangladesh NGO Affairs Bureau - Local NGO List (up to 19 August 2026)
Jotsna Samaj Kallayan Sangstha,2754,"1397 Khandkar Bari More, Bhatara, PO: Gulshan, Dhaka. Phone: 01720-811160",2012-12-19,2017-12-19,2027-12-19,Dhaka,Bangladesh,,Bangladesh NGO Affairs Bureau - Local NGO List (up to 19 August 2026)
Joty Development Foundation,2719,"House-35-36, G.K. Campus, Thaka Road, Kustia. Phone: 01720-507670",2012-07-19,2017-07-19,2027-07-19,Kustia,Bangladesh,,Bangladesh NGO Affairs Bureau - Local NGO List (up to 19 August 2026)
Joutha Udyog,0716,"126, Lake Circus, Kalabagan, Dhaka Phone: 813176",1993-06-21,2018-06-21,2028-06-21,Dhaka,Bangladesh,,Bangladesh NGO Affairs Bureau - Local NGO List (up to 19 August 2026)
Joutho Artho Samaj Unnyan Sangstha,2560,"House-17, Road-06, Block-H, Section-02, Mirpur, Dhaka-1216 Phone: 9002190, 8032115",2010-04-11,2020-04-11,2030-04-11,Dhaka,Bangladesh,,Bangladesh NGO Affairs Bureau - Local NGO List (up to 19 August 2026)
Joy Bangla Unnoyon Somiti,3232,"Bokhtarpur, Solimpur, Ishwardi, Pabna Mob: 01731892288",2020-02-02,,2030-02-02,Pabna,Bangladesh,,Bangladesh NGO Affairs Bureau - Local NGO List (up to 19 August 2026)
Joyee Bangladesh,2448,"28/3, Gagon Babu Road, Khulna-9100 Phone: 041-732618",2009-06-01,2014-06-01,2019-06-01,Khulna,Bangladesh,,Bangladesh NGO Affairs Bureau - Local NGO List (up to 19 August 2026)
Joypurhat Rural Development Movement (JRDM),1794,"Block-H, Plot-07, Housing Eastate, Upshahor, Joypurhat. Phone: 0571-62038, Fax: 0571-51015",2003-02-05,2018-02-05,2028-02-05,Joypurhat,Bangladesh,,Bangladesh NGO Affairs Bureau - Local NGO List (up to 19 August 2026)
Juba Academy Satkhira,1668,"Village: Sultanpur, P.O.+Thana: Satkhira, Dist: Satkhira. Phone: 0471-63988",2001-09-16,2006-09-16,2011-09-16,Sathkhira,Bangladesh,,Bangladesh NGO Affairs Bureau - Local NGO List (up to 19 August 2026)
Jubo Academy,0565,"House-614, Road-12, Baitul Aman Housing Society, Adabar, Shamoli, Dhaka-1207 Phone: 01743-758402, 01819-698823",1991-11-28,2016-11-28,2026-11-28,Dhaka,Bangladesh,,Bangladesh NGO Affairs Bureau - Local NGO List (up to 19 August 2026)
Jubo Jiban Unnayan Samity,0322,"7/5 Ring Road, Shyamoli, Dhaka-1207 Phone: 9120761, 8124736",1989-11-01,2004-11-01,2009-11-01,Dhaka,Bangladesh,,Bangladesh NGO Affairs Bureau - Local NGO List (up to 19 August 2026)
Jubo Unnayan Samaj Seba Samity,1296,"Kalikaccha, Sarail, Brahmanbaria",1998-09-17,2008-09-17,2013-09-16,Brahmanbaria,Bangladesh,,Bangladesh NGO Affairs Bureau - Local NGO List (up to 19 August 2026)
Jubokantha Society,3236,"House-4/2, Block-A, Lalmatia, Dhaka-1207 Mob: 01762309117",2020-03-04,,2020-03-04,Dhaka,Bangladesh,,Bangladesh NGO Affairs Bureau - Local NGO List (up to 19 August 2026)
Jugantar Samaj Unnayan Sangstha (JSUS),2197,"House-435, Road-09, Block-B, Chandgaon R/A, Chattogram-4212 Phone: 031-613210 www.jsusbdpot.com",2007-02-26,2017-02-26,2027-02-26,Chattogram,Bangladesh,,Bangladesh NGO Affairs Bureau - Local NGO List (up to 19 August 2026)
July Shaheed Smrity Foundation,3425,"House-35, Road-9,/D, Sector-5, Uttara, Dhaka. Phone:",2024-09-23,,2034-09-22,Dhaka,Bangladesh,,Bangladesh NGO Affairs Bureau - Local NGO List (up to 19 August 2026)
JUMOFUL,2495,"Narakhaya, Khagrachari Sadar, Khagrachari-4400.",2009-10-13,,2014-10-13,Khagrachari,Bangladesh,,Bangladesh NGO Affairs Bureau - Local NGO List (up to 19 August 2026)
Kabi Sukanta Seba Sangha,0591,"College Road, Kotwalipara, Gopalganj. Phone: 0423-55203, 01715622295",1992-01-28,2017-01-28,2022-01-28,Gopalganj,Bangladesh,,Bangladesh NGO Affairs Bureau - Local NGO List (up to 19 August 2026)
Kabidang,2092,"Modhupur, Modhupur Bazar, Sadar, Khagrachar-4400 Phone: 0371-62221",2006-04-30,2021-04-30,2031-04-29,Khagrachari,Bangladesh,,Bangladesh NGO Affairs Bureau - Local NGO List (up to 19 August 2026)
Kachua Daliam Association,3409,"Vill: Kachua, Post: Baro Kalima, Bauphal, Patuakhali Phone: 01716197029",2024-06-02,,2034-06-01,Patuakhali,Bangladesh,,Bangladesh NGO Affairs Bureau - Local NGO List (up to 19 August 2026)
Kakon Bohumukhi Unnayan Songstha (KBUS),2384,"Vill+Post: Kakon Pourasava, PS: Godagari, Dist.: Rajshahi Phone: 01711-962086, 0723451023",2008-08-11,2018-08-11,2028-08-11,Rajshahi,Bangladesh,,Bangladesh NGO Affairs Bureau - Local NGO List (up to 19 August 2026)
Kalarayerchor Polly Somas Nari Unnayon Sangathon,3509,"vill: Kalarayerchor, P/O:Shikarpur, Nimtola, PS: Shirajdikhan, Dist: Munshiganj Phone: 01748295107 email: pollysomas@gmail.com",2025-10-23,,2035-10-22,Munshiganj,Bangladesh,,Bangladesh NGO Affairs Bureau - Local NGO List (up to 19 August 2026)
Kalikapur Jubo Sangsad,1315,"Townkalikapur Jubo Sangsad Sarak, Patukhali Phone: 0441-63551",1998-11-23,2013-11-23,2018-11-23,Patuakhali,Bangladesh,,Bangladesh NGO Affairs Bureau - Local NGO List (up to 19 August 2026)
Kamala Samaj Unnayan Sangstha,2983,"Amtoler Par, PO: Barguna Phone: 01715-113385",2015-11-10,,2020-11-10,Barguna,Bangladesh,,Bangladesh NGO Affairs Bureau - Local NGO List (up to 19 August 2026)
Kamerkhanda Pali Unnayan Sangstha,2743,"Kamerkhanda Palli Unnayan Sangstha, Sirajganj.",2012-11-13,2017-11-13,2027-11-13,Sirajganj,Bangladesh,,Bangladesh NGO Affairs Bureau - Local NGO List (up to 19 August 2026)
Kampon Zila Protibondhi Federation,2508,"1/12/1, Abdur Razzak Lane, Courtpara, Kustia. Phone: 071-73105",2009-11-04,2014-11-04,2019-11-04,Kustia,Bangladesh,,Bangladesh NGO Affairs Bureau - Local NGO List (up to 19 August 2026)
Kanchan Samity,0493,"Block-8,Plot No. 10, New Town Dinajpur-5200 Phone: 0531-64947 www.kanchansamity.org",1991-06-27,2016-06-27,2021-06-27,Dinajpur,Bangladesh,,Bangladesh NGO Affairs Bureau - Local NGO List (up to 19 August 2026)
Kapali Jubak Shanga,3252,"Vill: Gopalganj, Rajoir, PO+Upazila: Rajoir, Dist: Madaripur, Mob: 01711321724",2020-11-02,,2030-11-02,Madaripur,Bangladesh,,Bangladesh NGO Affairs Bureau - Local NGO List (up to 19 August 2026)
Karimpur Community Development Foundation (KCDF),2499,"Vill: Karimpur, PO- Laterhat, PS: Birganj, Dinajpur. Phone: 9568579, 01720-155207",2009-10-14,,2014-10-14,Dhaka,Bangladesh,,Bangladesh NGO Affairs Bureau - Local NGO List (up to 19 August 2026)
Karimpur Nurjahan Shamsunnahar Unnayan Sangstha (KNSUS),3329,"Kashiram, Karimpur, Kaliganj, Lalmonirhat. Phone: 01710987500 email: knsus.org@gmail.com",2022-10-19,,2032-10-18,Lalmonirhat,Bangladesh,,Bangladesh NGO Affairs Bureau - Local NGO List (up to 19 August 2026)
Karmajibi Kalyan Sangstha,0683,"House-01, Road-01, Beradanga, Rajbari. Phone: 06421-56112",1993-02-27,2018-02-27,2028-02-27,Rajbari,Bangladesh,,Bangladesh NGO Affairs Bureau - Local NGO List (up to 19 August 2026)
Karmajibi Nari,1199,"Regent Parbata Grand, Apt-Shuchona (1st Floor), Flat-102 & 104, 159/A, Senpara Parbata, Mirpur-10, Dhaka-1216 Mobile: 01750-377939",1997-10-16,2017-10-16,2027-10-16,Dhaka,Bangladesh,,Bangladesh NGO Affairs Bureau - Local NGO List (up to 19 August 2026)
Karmajibi Sangstha,0227,"Vemill.a Kil:h koalarmdaonjigbai9, 1P@.Og.m Vaeikl.uctoiam, Jessore Phone: 0421-72037, Fax: 01712-250193",1987-07-25,2012-07-15,2017-07-15,Jessore,Bangladesh,,Bangladesh NGO Affairs Bureau - Local NGO List (up to 19 August 2026)
Karmashala Foundation,1463,"Mansur Bhaban, 3rd Floor, DC College Road, Burmese Market, Cox'sbazar Sadar, Cox'sbazar-4700 Phone: 01611574351",1999-12-29,2019-12-29,2029-12-29,Cox'sBazar,Bangladesh,"Cancelled on 15/04/2010, Revived on 12/5/2016",Bangladesh NGO Affairs Bureau - Local NGO List (up to 19 August 2026)
KARMAYAN,2791,"Vill: Pankata Bazar, Upazila: Dhanbari, Dist: Tangail Phone: 01712-430303",2013-06-05,2018-06-05,2028-06-05,Tangail,Bangladesh,,Bangladesh NGO Affairs Bureau - Local NGO List (up to 19 August 2026)
Karmirhath,2377,"David Company Para, Gaibandha-5700 Phone: 0541-62245",2008-07-20,2013-07-20,2018-07-20,Gaibandha,Bangladesh,,Bangladesh NGO Affairs Bureau - Local NGO List (up to 19 August 2026)
Karnafully Foundation,3218,"Vill: Raza Hat, PO: North Padua, Rangunia, Dist: Chattogram, Mob: 01838449488",2019-09-09,,2029-09-09,Chattogram,Bangladesh,,Bangladesh NGO Affairs Bureau - Local NGO List (up to 19 August 2026)
Kashful Manobik Unnayan Sangstha,3536,"Swarunagar, Sadar, Chapainawabganj. Phone: 01747095456, 01768359796 email:",2025-12-01,,2035-11-30,Chapainawab,Bangladesh,,Bangladesh NGO Affairs Bureau - Local NGO List (up to 19 August 2026)
Kashim Bazar Shastha Seba Sangstha,2766,"Sanbandha, Kalisha Kuri Baldia, PS: Burungamari, Kurigram",2013-02-20,2018-02-20,2028-02-20,Kurigram,Bangladesh,,Bangladesh NGO Affairs Bureau - Local NGO List (up to 19 August 2026)
Kathali Palli Unnayan Sangstha,1905,"Vill.- Kathali, Post- Sonaimuri, Upazilla- Sonaimur, Dist.- Noakhali Phone: 01819-625550",2004-01-28,2019-01-28,2029-01-28,Noakhali,Bangladesh,"Cancelled on 09/08/2010, Revived on 15/02/2011",Bangladesh NGO Affairs Bureau - Local NGO List (up to 19 August 2026)
Katnarpara Nari Unnayan Sangstha (KNUS),3103,"3-A, 8-A, Samulla Road, Mohammadpur, Dhaka. Mob: 01727661488",2017-11-07,,2027-11-07,Dhaka,Bangladesh,,Bangladesh NGO Affairs Bureau - Local NGO List (up to 19 August 2026)
Keranigonj Human Resources Development Society,3398,"Malupara, Aganagar, Keranigonj, Dhaka. Phone: 01711172128",2024-02-15,,2034-02-14,Dhaka,Bangladesh,,Bangladesh NGO Affairs Bureau - Local NGO List (up to 19 August 2026)
Khagrapur Mohila Kalyan Samity,1894,"Khagrapur, Khagrachari Sadar, Khagrachari Hill Tract. Phone: 0371-62351",2003-12-13,2018-12-13,2028-12-13,Khagrachari,Bangladesh,,Bangladesh NGO Affairs Bureau - Local NGO List (up to 19 August 2026)
Khaled Mosharraf Trust,3278,"House-18, Road-59, Gulshan, Dhaka Phone: 01711-530164 www.khaledmosharraftrust",2021-10-07,,2031-10-07,Dhaka,Bangladesh,,Bangladesh NGO Affairs Bureau - Local NGO List (up to 19 August 2026)
Khalifa Foundation,1314,"Mohila College Road, PS: Amtoli, Barguna-8710 Phone: 01712-119211, 0445256013",1998-11-23,2019-11-23,2029-11-23,Dhaka,Bangladesh,"Cancelled on 29/04/2010, Revived on 09/01/2012",Bangladesh NGO Affairs Bureau - Local NGO List (up to 19 August 2026)
Khan Bahadur Foundation,2903,"27/Ka, Panchlish, R/A, PO: Medical College, Chattogram Phone: 01711-011412",2014-11-06,2019-11-06,2029-11-06,Chattogram,Bangladesh,,Bangladesh NGO Affairs Bureau - Local NGO List (up to 19 August 2026)
Khandaker Foundation,2690,"Eidgah Pachim Para, G.K> Canel Road, Kustia",2012-04-09,,2017-04-09,Kustia,Bangladesh,,Bangladesh NGO Affairs Bureau - Local NGO List (up to 19 August 2026)
Khasdobir Youth Action Group,0372,"Torongo 5/4, Borobazar, Post box:-118, Sylhet-3100 Phone: 715568",1990-03-15,2015-03-15,2020-03-15,Sylhet,Bangladesh,,Bangladesh NGO Affairs Bureau - Local NGO List (up to 19 August 2026)
KHEYA(Samaj Unnayan Sagstha),2758,"Mill Bazar, PO: Satkhira, Satkhira. Phone: 01745-648521",2013-01-02,2018-01-02,2028-01-01,Sathkhira,Bangladesh,,Bangladesh NGO Affairs Bureau - Local NGO List (up to 19 August 2026)
Khulna BNSB Eye Hospital,0994,"Shiromoni, Khulna-9204 Phone: 041-785889",1996-01-03,2021-03-03,2031-03-03,Khulna,Bangladesh,,Bangladesh NGO Affairs Bureau - Local NGO List (up to 19 August 2026)
Khulna Mohangor Protibondhi Unnyoun Parishad,3394,"202/1, Tutpara, Main Road, Khulna Phone: 01716886855 email: kmpup.dpo@gmail.com",2023-12-07,,2033-12-06,Khulna,Bangladesh,,Bangladesh NGO Affairs Bureau - Local NGO List (up to 19 August 2026)
Khulna Mukti Seba Sangstha(KMSS),1848,"36, Sher-e-Bangla Road, Khulna. Phone: 041-721079 e-mail: mssakhulna.bangla.net",2003-06-28,2018-06-28,2028-06-28,Khulna,Bangladesh,,Bangladesh NGO Affairs Bureau - Local NGO List (up to 19 August 2026)
Kidney Awareness Monitoring & Prevention Society,3085,"House-21, Road-03, Block-B, Nobodoy R/A, Mohammadpur, Dhaka-1207 Phone: 01191296987",2017-01-15,2022-01-15,2032-01-14,Dhaka,Bangladesh,,Bangladesh NGO Affairs Bureau - Local NGO List (up to 19 August 2026)
Kidney Foundation,2049,"Plot-5/2, Road-01, Section-02, Mirpur, Dhaka-1216 Phone: 9665440",2005-12-21,2020-12-26,2030-12-26,Dhaka,Bangladesh,,Bangladesh NGO Affairs Bureau - Local NGO List (up to 19 August 2026)
Kinder Hilfs Work,2071,"Station Road, PO & Dist: Lalmonirhat Phone: 0591-62522",2006-02-20,2021-02-20,2031-02-20,Lalmonirhat,Bangladesh,,Bangladesh NGO Affairs Bureau - Local NGO List (up to 19 August 2026)
Kirara No Kai,0666,"Old Station Road, Post & District:-Kurigram Phone : 9132030",1992-11-21,2017-11-21,2027-11-21,Kurigram,Bangladesh,,Bangladesh NGO Affairs Bureau - Local NGO List (up to 19 August 2026)
KK Foundation,3199,"House-34, Road-12, Block-K, Baridhara, Dhaka, Phone: 02-58817175, 9846442",2019-05-22,,2029-05-22,Dhaka,Bangladesh,,Bangladesh NGO Affairs Bureau - Local NGO List (up to 19 August 2026)
Kobi Sikander Abu Jafar Foundation,2015,"Post: Sukhdebpur, Vill.: Tetulia, Upazilla: Tala, Dist. : Satkhira.",2005-03-14,,2010-03-14,Sathkhira,Bangladesh,,Bangladesh NGO Affairs Bureau - Local NGO List (up to 19 August 2026)
Kochi Kontho Foundation,2013,"Chowdhury Bari Sarak, Gowal Camat, Faridpur-7800",2005-03-10,,2010-03-10,Faridpur,Bangladesh,,Bangladesh NGO Affairs Bureau - Local NGO List (up to 19 August 2026)
Koinonia,0400,"32, Mallika Housing, Milk Vita Road, Section-7, Mirpur, Dhaka. Phone : 9035801, Fax: 90029 www.koinoniabangladesh.com",1990-11-01,2020-11-01,2030-11-01,Dhaka,Bangladesh,,Bangladesh NGO Affairs Bureau - Local NGO List (up to 19 August 2026)
Kokdandi Nari Unnayon Samity,2527,"Kokdandi, P.O. Gonagari, P.S. Banskhali, Dist.: Chattogram. Phone: 01716-610298",2010-01-14,2020-01-14,2030-01-14,Chattogram,Bangladesh,,Bangladesh NGO Affairs Bureau - Local NGO List (up to 19 August 2026)
Kookaburra Organization,3150,"6/9, Block-D, Lalmatia, Dhaka-1207., Phone: 01618227337",2018-05-15,,2028-05-15,Dhaka,Bangladesh,,Bangladesh NGO Affairs Bureau - Local NGO List (up to 19 August 2026)
Kothowain,3518,"Kalaghata, 3 no. ward, Bandarban Municipal, PO+UZ: Bandarban Sadar, Dist: Bandarban. Phone: 01553366577 email: kothowainbd@gmail.com",2025-10-27,,2035-10-26,Bandarban,Bangladesh,,Bangladesh NGO Affairs Bureau - Local NGO List (up to 19 August 2026)
KP Social Development Foundation,3162,"Ward-4, Chowdhury Bari, Kanaikhali, Chaulpatti, Natore Sadar, Natore. Mob: 01747214171",2018-08-29,,2018-08-31,Natore,Bangladesh,,Bangladesh NGO Affairs Bureau - Local NGO List (up to 19 August 2026)
KPUS (Kushtia Palli Unnayan Sangstha),0971,"82/4, Mir Mosharraf Hossain Road, Kaluisankurpur, Kustia-7000 Phone: 071-62056",1995-10-04,2020-10-04,2030-10-04,Kustia,Bangladesh,,Bangladesh NGO Affairs Bureau - Local NGO List (up to 19 August 2026)
KSS-Bangladesh(Kohinoor Samajkallyan Sangstha-Bangladesh),2243,"House-11/2, Road-06, Phase-02, Sonadanga R/A, Khulna",2007-06-13,2017-06-13,2027-06-12,Khulna,Bangladesh,,Bangladesh NGO Affairs Bureau - Local NGO List (up to 19 August 2026)
Kumudini Welfare Trust of Bangal,0052,"72 Sirajuddowla Road, Narayanganj-1400 Phone: 7633545-46, Fax: 7635024",1981-04-22,2020-05-15,2030-05-15,Narayanganj,Bangladesh,,Bangladesh NGO Affairs Bureau - Local NGO List (up to 19 August 2026)
Kurigram Trust,2851,"House-405, Road-29, Mohakhali DOHS, Dhaka Phone: 01731-989139",2014-03-13,,2019-03-13,Dhaka,Bangladesh,,Bangladesh NGO Affairs Bureau - Local NGO List (up to 19 August 2026)
Kurrigram Shishu Kalyan Sangstha,3570,"Vill: Harishawar Taluk, P/O: Sindurmoti, PS: Rajahat, Dist: Kurigram. Phone: 01711143945 email: ksks759.2021@gmail.com",2026-02-02,,2036-02-01,Kurigram,Bangladesh,,Bangladesh NGO Affairs Bureau - Local NGO List (up to 19 August 2026)
Labour Resource Center (LRC),2248,"House-8/A/1 (Floor:C7), Road-14 (New), Dhanmondi, Dhaka-1209 Phone: 8127759",2007-06-24,2012-06-24,2017-06-24,Dhaka,Bangladesh,,Bangladesh NGO Affairs Bureau - Local NGO List (up to 19 August 2026)
Lakshmi Society,3002,"Road-08, Kallyanpur, Dhaka Phone: 01734989749",2016-02-08,2021-02-08,2031-02-08,Dhaka,Bangladesh,,Bangladesh NGO Affairs Bureau - Local NGO List (up to 19 August 2026)
Lal Sabuj Society,3559,"Rafiq Bug, Rafiq Bug Lane, C&B Road, Barisal-8200 Phone: 01796688726 email: Barisal@1ss.org.bd",2026-01-18,,2036-01-17,Barisal,Bangladesh,,Bangladesh NGO Affairs Bureau - Local NGO List (up to 19 August 2026)
Lalu Panchait Foundation (LPF),2658,"House-258, Sabugbag, Patuakhali. Phone: 01712-568155, 01917-221777",2011-09-27,2021-09-27,2031-09-26,Patuakhali,Bangladesh,,Bangladesh NGO Affairs Bureau - Local NGO List (up to 19 August 2026)
Lalu Panchayat Artha Samajik Unnayan Prakalpa,1663,"House-117, Road-07, Mohammadia Housing Ltd., Mohammadpur, Dhaka-1207 Phone: 8119386",2001-09-13,2016-09-13,2026-09-13,Barguna,Bangladesh,,Bangladesh NGO Affairs Bureau - Local NGO List (up to 19 August 2026)
Landless Distressed Rehabilitation Organization (LDRO),1367,"House-D/38, Road-02, Block-C, Sutrapur, Sutrapur Roa, Bogra. Phone: 051-72034, 01710-970340",1999-04-13,2019-04-13,2029-04-13,Bogra,Bangladesh,"Cancelled on 10/08/2004, Revived on 27/07/2010",Bangladesh NGO Affairs Bureau - Local NGO List (up to 19 August 2026)
"language, Education and Development (LEAD)",3510,"LatifComplex,49/1,PuranaPaltan Line Bijoynagar, Dhaka-1000 Phone: 01925333352 email: info@leadbangladesh.org",2025-10-26,,2035-10-25,Dhaka,Bangladesh,,Bangladesh NGO Affairs Bureau - Local NGO List (up to 19 August 2026)
Latifi Hands,3339,"Fultali Saheb Bari, Zakiganj, Sylhet. Phone: 01911526839 email:latifihandsbd@gmail.com",2023-01-24,,2033-01-23,Sylhet,Bangladesh,,Bangladesh NGO Affairs Bureau - Local NGO List (up to 19 August 2026)
Latifpur Adarsha Society,2898,"Jahan Complex, Zia Mahila College, SSK Road, Feni. Phone: 01712-846342",2014-10-20,,2019-10-20,Feni,Bangladesh,,Bangladesh NGO Affairs Bureau - Local NGO List (up to 19 August 2026)
LEADARS (Local Environment Development & Agricultural Research Society),2477,"Vill.: Munshigonj, P.O.: Kadamtola, Upazila: Shymnagar, Dist.: Satkhira-9455 Phone: 01713-462821",2009-09-02,2019-09-02,2029-09-02,Sathkhira,Bangladesh,,Bangladesh NGO Affairs Bureau - Local NGO List (up to 19 August 2026)
Learning for Rights Building Foundation (LRB),2059,"67/3 Paioniar Road, Segunbagicha, Dhaka-1000 Phone: 01913997878, 01670275972",2006-01-17,2021-01-17,2031-01-17,Dhaka,Bangladesh,,Bangladesh NGO Affairs Bureau - Local NGO List (up to 19 August 2026)
Legal and Social Backup for the Oppressed (Lasbo),2673,"Vill: Tabaria, PO: Kumarkhali, PS: Kumar Khali, Dist: Kustia Phone: 0702576588",2012-02-12,2017-02-12,2027-02-12,Kustia,Bangladesh,,Bangladesh NGO Affairs Bureau - Local NGO List (up to 19 August 2026)
Legal Assistance to Helpless Prisoners and Persons,2544,"F-6/B, Unique Heights, Kazi Nazrul Islam Avenue, Dhaka-1207 Phone: 01714-619902 www.lahpbd.com",2010-02-18,2015-02-18,2020-02-18,Dhaka,Bangladesh,,Bangladesh NGO Affairs Bureau - Local NGO List (up to 19 August 2026)
Leonard Chashier Disability Bangladesh,2668,"69, Janata Housing, Ring Road, Road-03, Adabor, Dhaka. Phone: 01197-102899",2012-01-26,,2017-01-26,Dhaka,Bangladesh,,Bangladesh NGO Affairs Bureau - Local NGO List (up to 19 August 2026)
Leonard Cheshire Disability of Bangladesh,2456,"House-726/3, Road-10, Baitul Aman Housing Society, Shymoli, Dhaka. Phone: 01713-036480",2009-06-10,,2014-06-10,Dhaka,Bangladesh,,Bangladesh NGO Affairs Bureau - Local NGO List (up to 19 August 2026)
Leya Health & Education Development Foundation,3078,"124/6, New Kakrail Road, Shantinagar, Plaza (4th Floor), Ramna, Dhaka-1000 Phone: +8801713068891",2017-01-09,2022-01-09,2032-01-08,Dhaka,Bangladesh,,Bangladesh NGO Affairs Bureau - Local NGO List (up to 19 August 2026)
Liberty Movement,2046,"Room No. 403 (2nd Floor), Washa Bhaban, 98 Kzai Nazrul Islam Avenue, Kawran Bazar, Dhaka.",2005-12-04,,2010-12-04,Dhaka,Bangladesh,,Bangladesh NGO Affairs Bureau - Local NGO List (up to 19 August 2026)
Life Association,0832,"Vill. Badhal, P.O. Badhal Bazar, Thana: Kachua, Bagerhat Phone: 01715-031522",1994-05-30,2009-05-30,2014-05-30,Bagerhat,Bangladesh,,Bangladesh NGO Affairs Bureau - Local NGO List (up to 19 August 2026)
Life Bangladesh,0328,"New Babupara, Saidpur, Nilphamari Phone : 05526-72660",1989-11-22,2010-11-12,2015-11-12,Nilphamari,Bangladesh,,Bangladesh NGO Affairs Bureau - Local NGO List (up to 19 August 2026)
Life Line Health & Development Foundation,2678,"Dino Bandu Sen Road, Barisal Phone: 01712-999802",2012-02-23,,2017-02-23,Barisal,Bangladesh,,Bangladesh NGO Affairs Bureau - Local NGO List (up to 19 August 2026)
Life Plus Institute for Social Advancement,2976,"Post Office Sharak, Habiganj Phone: 01924-232091",2015-10-29,,2020-10-29,Habiganj,Bangladesh,,Bangladesh NGO Affairs Bureau - Local NGO List (up to 19 August 2026)
Light Bangladesh,2218,"42(Old), 29 (New), TB Cross Road (2nd Floor), Baithel, Khulna-91000 Phone: 041-811594",2007-04-04,2017-04-04,2027-04-04,Khulna,Bangladesh,,Bangladesh NGO Affairs Bureau - Local NGO List (up to 19 August 2026)
Light House,1307,"Jaharual Nagar, Bogra Phone: 051-66246, Fax: 051-69387",1998-11-05,2018-11-05,2028-11-05,Bogra,Bangladesh,,Bangladesh NGO Affairs Bureau - Local NGO List (up to 19 August 2026)
Light the World Society,2139,"Ka-05, Jagannathpur, Bashundhara, Dhaka-1212",2006-10-04,,2011-10-04,Dhaka,Bangladesh,,Bangladesh NGO Affairs Bureau - Local NGO List (up to 19 August 2026)
Lion Moklesur Rahman Foundation,2653,"Chattogram Lion Foundation Bhaban, Jakir Hossain Road, Chattogram. Phone: 2851644",2011-08-18,2016-08-18,2026-08-18,Chattogram,Bangladesh,,Bangladesh NGO Affairs Bureau - Local NGO List (up to 19 August 2026)
Local Education and Economic Development Organisation (LEEDO),1466,"Road-06, Washpur Gardent City, Washpur, Bosila, Keraniganj, Dhaka-1312 Mobile: +8801819291567 email: director@leedobd.org,",2000-01-13,2020-01-13,2030-01-13,Dhaka,Bangladesh,,Bangladesh NGO Affairs Bureau - Local NGO List (up to 19 August 2026)
Local Idea for Empowerment (LIFE),2165,"HVielll:p Mstureneirtkcahnilddir,e Pno4sstu: rGvioveh@alag,m ail. Upazila: Maksudpur, Dist: Gopalganj Phone: 01712-114158 www.unnayankendrobd.org",2006-11-23,2021-11-23,2031-11-22,Gopalganj,Bangladesh,,Bangladesh NGO Affairs Bureau - Local NGO List (up to 19 August 2026)
Local Initiative for Development (LIFD),2374,"72, Gazi Cross Road, Godown Quarter, Feni. Phone: 0172-688596, 9137439",2008-07-02,,2013-07-02,Feni,Bangladesh,,Bangladesh NGO Affairs Bureau - Local NGO List (up to 19 August 2026)
Local Initiative for Empowerment(LIFE),1591,"Banupara, Haragach-5441, Rangpur Phone: 0521-61243",2000-12-05,2015-12-05,2020-12-05,Rangpur,Bangladesh,,Bangladesh NGO Affairs Bureau - Local NGO List (up to 19 August 2026)
Local Initiative For Peoples Progress (LIP),1673,"41/26, Chand Housing, Block-B, Mohammadpur, Dhaka Phone : 8119421",2001-09-25,2006-09-15,2011-09-15,Dhaka,Bangladesh,,Bangladesh NGO Affairs Bureau - Local NGO List (up to 19 August 2026)
Locos-Loving Care for the Oppressed Society,2798,"Vill: Gongarampur, PO: Katianangla, Upazila: Batia, Dist: Khulna Phone: 01716-704110",2013-07-08,2018-07-08,2028-07-08,Khulna,Bangladesh,,Bangladesh NGO Affairs Bureau - Local NGO List (up to 19 August 2026)
Loka Natya O Sangashkritik Unnayan Kendra,0522,"2, Pharazipara Road, Khulna Phone: 041-725940, Fax: 041-725940 www.losauk.org",1991-08-21,2021-08-21,2031-08-20,Khulna,Bangladesh,,Bangladesh NGO Affairs Bureau - Local NGO List (up to 19 August 2026)
Lotus Mohila Sangha,1350,"Vill: Baniarchar, P.O: Jolirpar, Dist: Gopalganj",1999-02-22,2004-02-22,2009-02-22,Gopalganj,Bangladesh,,Bangladesh NGO Affairs Bureau - Local NGO List (up to 19 August 2026)
Love for Distressed People Bangladesh,2485,"Birishiri, Durgapur, Netrokona. Phone: 01718-268791",2009-10-04,2014-10-04,2019-10-04,Netrakona,Bangladesh,,Bangladesh NGO Affairs Bureau - Local NGO List (up to 19 August 2026)
Love Thy Neighbour,1627,"Nazir Mohalla, Barisal-8200 Phone: 0431-61203",2001-04-04,2021-04-04,2031-04-04,Dhaka,Bangladesh,,Bangladesh NGO Affairs Bureau - Local NGO List (up to 19 August 2026)
Love Your Neighbour,3136,"Horintana, Post: Bajua, Thana: Dakop, Khulna",2018-01-22,,2028-01-22,Khulna,Bangladesh,,Bangladesh NGO Affairs Bureau - Local NGO List (up to 19 August 2026)
Luster,1802,"Kanaikhali (Southern Side of BADC Godown, Natore, Phone:01711-894725",2003-03-02,2017-03-02,2027-03-02,Natore,Bangladesh,,Bangladesh NGO Affairs Bureau - Local NGO List (up to 19 August 2026)
Lutfia Atimkhana,3344,"Hamidnagar Boruna Madrasha, Sreemangal, Moulvibazar Phone: 01334411233",2023-03-15,,2033-03-14,MoulaviBazar,Bangladesh,,Bangladesh NGO Affairs Bureau - Local NGO List (up to 19 August 2026)
Maa O Shisu Kallan Songstha,3049,"CCDB, More, Sarufnagor, Chapainawabganj Phone: 01725872997",2016-11-01,2021-11-01,2031-10-31,Chapainababg anj,Bangladesh,,Bangladesh NGO Affairs Bureau - Local NGO List (up to 19 August 2026)
Maa-Shishu O General Hospital,3391,"Agrabad, Chattogram Phone: 01919231722 email: comshctg@gmail.com",2023-11-26,,2033-11-25,Noakhali,Bangladesh,,Bangladesh NGO Affairs Bureau - Local NGO List (up to 19 August 2026)
Maayer Daak Foundation,3500,"IslamPalace,Flat-A-1,House-554, Shaheen Bagh, Haji Mofizul islam Road, Tejgaon, Dhaka-1215 Phone: 01713481243 email: sanjida_tulee@yahoo.com",2025-09-10,,2035-09-09,Dhaka,Bangladesh,,Bangladesh NGO Affairs Bureau - Local NGO List (up to 19 August 2026)
Madaok Draba O Nesha Nirodh Sangstha,2654,"15/A, Green Squar, Green Road, Dhaka. Phone: 9671472",2011-09-04,2016-09-04,2026-09-04,Dhaka,Bangladesh,,Bangladesh NGO Affairs Bureau - Local NGO List (up to 19 August 2026)
Madaripur Legal Aid Association,0055,"New Town, Madaripur-7900 Phone : 0661-61518, Fax: 0661-61186",1981-04-22,2020-05-15,2030-05-15,Madaripur,Bangladesh,,Bangladesh NGO Affairs Bureau - Local NGO List (up to 19 August 2026)
Madaripur Mohila Kalyan Sangstha,0293,"T & T Road, Madaripur Phone: 0661-61522",1989-05-18,2014-05-18,2019-05-18,Madaripur,Bangladesh,,Bangladesh NGO Affairs Bureau - Local NGO List (up to 19 August 2026)
Madaripur Nari Unnayan Sangstha,3018,"Vill: Gobindapur, PO: & PS:Rajoir, Madaripur. Phone: 01812030105",2016-03-14,2021-03-14,2031-03-14,Madaripur,Bangladesh,,Bangladesh NGO Affairs Bureau - Local NGO List (up to 19 August 2026)
Madecor - Bangladesh,0695,"262/3, Ka (6th Floor), West Agargaon, Dhaka. Phone: 01678-703348",1993-03-17,2013-03-17,2018-03-17,Dhaka,Bangladesh,,Bangladesh NGO Affairs Bureau - Local NGO List (up to 19 August 2026)
Madrasha Al-Sharaf Al-Islamia,2155,"Vill.: Vagalpur, Post: Baranagar, Upazilla: Sonargaon, Dist: Narayangonj. Phone: 018262361",2006-11-12,,2011-11-12,Narayanganj,Bangladesh,,Bangladesh NGO Affairs Bureau - Local NGO List (up to 19 August 2026)
Madrasha Arabia Khairia & Etimkhana,1206,"Vill: Uttar Parua Para, PO: Chunnapara, UZ: Anowara, Chattogram. Phone : 633550, 01711-152226",1997-10-23,2017-10-23,2027-10-23,Chattogram,Bangladesh,,Bangladesh NGO Affairs Bureau - Local NGO List (up to 19 August 2026)
Maer Anchal Mohila O Shishu Unnoyon Shangshta,2576,"29/1, Sher-e-Bangla Road, Moliapota, Khulna. Phone: 041-730946",2010-05-20,2015-05-20,2020-05-20,Khulna,Bangladesh,,Bangladesh NGO Affairs Bureau - Local NGO List (up to 19 August 2026)
Mafizuddin Nazeda Foundation,2997,"Munshipara, PO: Dinajpur, Upazilla: Sadar, Dist: Dinajpur Phone: 01727-219977",2016-01-26,2021-01-26,2031-01-26,Dinajpur,Bangladesh,,Bangladesh NGO Affairs Bureau - Local NGO List (up to 19 August 2026)
Magura Shishu O Chakhyu Haspatal,0909,"Shishu Haspatal Bhaban, Magura.",1995-02-21,2020-02-21,2030-02-21,Magura,Bangladesh,,Bangladesh NGO Affairs Bureau - Local NGO List (up to 19 August 2026)
Mahbub Welfare Foundation,2117,"60/17, West Madatek (2nd Floor), Dhaka-1214.",2006-08-02,2011-08-02,2021-08-02,Dhaka,Bangladesh,,Bangladesh NGO Affairs Bureau - Local NGO List (up to 19 August 2026)
Mahmuda Sattar Seba Sangstha (MSSS),3471,"V-Aid Road, Masterpara, Gaibandha Sadar, Gaibandha Phone: 01842669383 email: info.msss2017@gmail.com",2025-06-03,,2035-06-02,Rangpur,Bangladesh,,Bangladesh NGO Affairs Bureau - Local NGO List (up to 19 August 2026)
Maisha (Movement of Aid Initiator Through Services & Human Rights Activities),2753,"GEM Colony Gate, North Potenga, Chattogram. Phone: 01815-501008",2012-12-18,2017-12-18,2027-12-17,Chattogram,Bangladesh,,Bangladesh NGO Affairs Bureau - Local NGO List (up to 19 August 2026)
Maitri Samaj Kalyan Sangha,0520,"15, Haricharan Roy Road, Faridabad, Dhaka Phone : 7411019",1991-08-10,2011-08-10,2016-08-10,Dhaka,Bangladesh,,Bangladesh NGO Affairs Bureau - Local NGO List (up to 19 August 2026)
Maitry Foundation,2887,"32/1 Shahid Raruk Road, North Jatra Bari, Dhaka",2014-08-25,2019-08-25,2029-08-25,Dhaka,Bangladesh,,Bangladesh NGO Affairs Bureau - Local NGO List (up to 19 August 2026)
Major Academy of National Advancement and Growing Economy (MANAGE),1505,"Jibon Bhaban (1st Floor), Dewanhat, Doublemooring, Chattogram. Phone: 01814-108565",2000-04-19,2010-04-19,2015-04-19,Chattogram,Bangladesh,"Cancelled on 27/06/2010, Revived on 29/09/2011",Bangladesh NGO Affairs Bureau - Local NGO List (up to 19 August 2026)
Major General (Retd.) Shubid Ali Bhuiyan Academy Foundation,3088,"94, Bir Uttam CR Datta Road, Bangla Motor, Dhaka-1205 01915115323",2017-01-22,2017-01-22,2027-01-21,Dhaka,Bangladesh,,Bangladesh NGO Affairs Bureau - Local NGO List (up to 19 August 2026)
Malancha Seba Samity,1370,"Malancha Seba Samitty, Madhabpur, Sherpur. Phone: 0931-61428",1999-01-13,2009-04-14,2014-04-14,Sherpur,Bangladesh,,Bangladesh NGO Affairs Bureau - Local NGO List (up to 19 August 2026)
Malerhat Jubo Sangha,0236,"PO: Char Bhaiijavy, UZ: Haimchar, Dist: Chandpur.",1987-08-30,2017-08-30,2027-08-30,Chandpur,Bangladesh,,Bangladesh NGO Affairs Bureau - Local NGO List (up to 19 August 2026)
Mamas Welfare Trust,3449,"7th Floor, 15 New Eskaton Road, Moghbazer, Dhaka. Phone: 01983873516 email: mifwoh79@gmail.com",2025-04-30,,2035-04-29,Dhaka,Bangladesh,,Bangladesh NGO Affairs Bureau - Local NGO List (up to 19 August 2026)
Mamata,1181,"House-04, Road-01, Lane-01, Block-L, Halishahar Housing Estate, Chattogram. Phone: 727295 www.mamatabd.org",1997-08-20,2017-08-20,2027-08-20,Chattogram,Bangladesh,,Bangladesh NGO Affairs Bureau - Local NGO List (up to 19 August 2026)
Mamtaz Faruque Foundation,2621,"Jhikergacha Bazar, Post & Upazilla: Jhikergacha, Dist: Jessore-7420 Phone: 01715996866",2011-02-03,2016-02-03,2021-02-03,Dhaka,Bangladesh,,Bangladesh NGO Affairs Bureau - Local NGO List (up to 19 August 2026)
Mamudpur Samajik Unnayan Sangstha,2614,"Mamudpur, Mohanganj, Dist: Netrakona.",2010-12-01,,2015-12-01,Netrakona,Bangladesh,,Bangladesh NGO Affairs Bureau - Local NGO List (up to 19 August 2026)
Man for Man,2726,"Sadar Road, Bamna, Barguna. Phone: 01715-635411",2012-09-06,2017-09-06,2027-09-06,Barguna,Bangladesh,,Bangladesh NGO Affairs Bureau - Local NGO List (up to 19 August 2026)
Manab Kallyan Foundation,2680,"104/A, North Basaboo, Dhaka. Phone: 01552312357",2012-02-27,2022-02-27,2032-02-26,Dhaka,Bangladesh,,Bangladesh NGO Affairs Bureau - Local NGO List (up to 19 August 2026)
Manab Kallyan Sabolambi Sangstha,1031,"Kazibari, Shantola, P.O. Sadullahpur, District Gaibandha Phone: 01716875283",1995-04-17,2021-04-17,2031-04-17,Gaibandha,Bangladesh,,Bangladesh NGO Affairs Bureau - Local NGO List (up to 19 August 2026)
Manab Kalyan Parishad (MKP),0361,"Bus Stand Road, P.O & Dist: Thakurgaon-5100. Phone: 0651-52222",1990-03-03,2020-03-03,2030-03-03,Thakurgaon,Bangladesh,,Bangladesh NGO Affairs Bureau - Local NGO List (up to 19 August 2026)
Manab Mukti Sangstha,0344,"Vill: Khas Bara Shimul, Bangabandhu Bridge west sub, Distl: Sirajganj. Phone: 01713-002850 www.mmsbangladesh.org",1990-01-28,2020-01-28,2030-01-28,Sirajganj,Bangladesh,,Bangladesh NGO Affairs Bureau - Local NGO List (up to 19 August 2026)
Manab Sampad Unnayan Kendra,0389,"Vill. Pania, P.O. Obaydurnagar, Kaliganj, Satkhira Phone: 01713-484934",1990-10-21,2020-10-21,2030-10-21,Sathkhira,Bangladesh,,Bangladesh NGO Affairs Bureau - Local NGO List (up to 19 August 2026)
Manab Seba Foundation,3263,"Kuada Bazar, Monirampur, Jessore",2021-01-31,,2031-01-31,Jessore,Bangladesh,,Bangladesh NGO Affairs Bureau - Local NGO List (up to 19 August 2026)
Manab Seba O Samajik Unnayan Sangstha,1787,"37, Khajahan Ali Road, Khulna-9000 Phone: 041-2850277 www.mssus.org",2003-01-13,2018-01-13,2028-01-13,Khulna,Bangladesh,,Bangladesh NGO Affairs Bureau - Local NGO List (up to 19 August 2026)
Manab Seba Sangstha,0259,"Upazilla Parishad Campas, Kashebpur, Jessore. Phone: 04226-56571",1988-02-16,2019-02-16,2029-02-16,Jessore,Bangladesh,,Bangladesh NGO Affairs Bureau - Local NGO List (up to 19 August 2026)
Manab Shakti Unnayan Kendra,1719,"77, Mahtab Uddin Sarak, Court Par, Kushtia Phone:7161335 www.msuk-bd.org",2002-06-10,2022-06-10,2032-06-09,Kustia,Bangladesh,,Bangladesh NGO Affairs Bureau - Local NGO List (up to 19 August 2026)
Manab Unnayan Kendra,1985,"Muckpoint, Hat Road, Amjhupi, Meherpur Phone: 0791-62424 www.nmuk-f.org",2004-11-25,2019-11-25,2029-11-25,Meherpur,Bangladesh,,Bangladesh NGO Affairs Bureau - Local NGO List (up to 19 August 2026)
Manab Unnayan Kendrik Karjakram,1903,"Baligoan, Post- Hilcia, Upazilla-Bajitpur, Dist.- Kishorganj.",2004-01-21,2009-01-21,2014-01-21,Kishorganj,Bangladesh,"Cancelled on 23/12/2010, Revived on 14/10/2012",Bangladesh NGO Affairs Bureau - Local NGO List (up to 19 August 2026)
Manab Unnayan Sangstha (MUS),0606,"Vill: Nishchintapur, P.O. Momenabad, Madarganj, Jamalpur Phone: 01713-539181",1992-03-16,2017-03-16,2027-03-16,Jamalpur,Bangladesh,"Cancelled on 26/05/2010, Revived on 01/06/2011",Bangladesh NGO Affairs Bureau - Local NGO List (up to 19 August 2026)
Manabadhikar Shongskriti Foundation,3210,"Shajher Maya, House-15, Road-32, Dhanmondhi, Dhaka, Mob: 01711387168",2019-07-21,,2029-07-21,Dhaka,Bangladesh,,Bangladesh NGO Affairs Bureau - Local NGO List (up to 19 August 2026)
Manabik Kalyan Sangstha,0480,"Vill: Rabaitari, P.O. Newashi, Thana: Fulbari, Kurigram Phone: 01714-453320",1991-06-01,2016-06-01,2026-06-01,Kurigram,Bangladesh,,Bangladesh NGO Affairs Bureau - Local NGO List (up to 19 August 2026)
Manabik Shahajjo Sangstha,0130,"29 West Pantha path (3rd floor), Dhaka-1205 Phone: 9125038, Fax: 9113017 www.mssbd.org",1982-11-23,2020-05-15,2030-05-15,Dhaka,Bangladesh,,Bangladesh NGO Affairs Bureau - Local NGO List (up to 19 August 2026)
Manabsampad Kallan Sangstha (MAKS),2028,"Haji Abdul Hamid Building (4th Floor), 3 No. Muradpur, Chalkbazar, Panchlaish, Chattogram Phone: 031-2552395",2005-04-16,2020-04-16,2030-04-15,Chattogram,Bangladesh,,Bangladesh NGO Affairs Bureau - Local NGO List (up to 19 August 2026)
Maneesha,2301,"House-32 (Ground Fl.), Alaol Avenue Road, Uttara Model Town, Dhaka-1230. Phone: 01715-077055 www.maneeshabd.com",2008-01-23,2018-01-23,2028-01-22,Dhaka,Bangladesh,,Bangladesh NGO Affairs Bureau - Local NGO List (up to 19 August 2026)
Manikganj Disabled People's Organization to Development (MDPOD),2510,"Vill: Rouhadaha, P.O: Susshunda, UZ: Manikgonj Sadar, Dist.: Manikganj. Phone: 01712-078254 Fax: 0651-62717",2009-11-05,2019-11-05,2029-11-05,Manikganj,Bangladesh,,Bangladesh NGO Affairs Bureau - Local NGO List (up to 19 August 2026)
Manikganj Unnayan Sangstha (MAUS),3582,"Vill+Post: Tepra, UZ: Shibalaya, Dist: Manikganj. Phone: 01747412996 email: maus0568@gmail.com",2026-02-19,,2036-02-18,Manikganj,Bangladesh,,Bangladesh NGO Affairs Bureau - Local NGO List (up to 19 August 2026)
Manob Kalyankami Anathalaya,1244,"P.O. Chandigarr, UZ: Durgapur, Netrokona www.orphaagemk.org",1998-02-25,2009-02-25,2014-02-25,Netrakona,Bangladesh,,Bangladesh NGO Affairs Bureau - Local NGO List (up to 19 August 2026)
Manob progati Sangha,3337,"Adi Tangail, Tangail Phone: 01714746493 email: mpsshelly@yahoo.com",2022-12-15,,2032-12-14,Tangail,Bangladesh,,Bangladesh NGO Affairs Bureau - Local NGO List (up to 19 August 2026)
Manob Shahayak Kendra,2769,"Naw Para, PO: Mallikpur, PS: Joypurhat, Dist: Joypurhat Phone: 01718-330358",2013-03-06,2018-03-06,2028-03-06,Joypurhat,Bangladesh,,Bangladesh NGO Affairs Bureau - Local NGO List (up to 19 August 2026)
Manob Unnayon Karmoshuchi,3350,"Sonatola, Bogra. Phone: 01740542020",2023-03-30,,2033-03-29,Bogra,Bangladesh,,Bangladesh NGO Affairs Bureau - Local NGO List (up to 19 August 2026)
"Manobik Unnayan Procesta, Shristhi",3526,"4/7,Lvel-4,KornofullyGardenCity, 109 Kakrail Road, Dhaka-1000 Phone: 01726390970 email: info@bte-bd.org",2025-11-12,,2035-11-11,Dhaka,Bangladesh,,Bangladesh NGO Affairs Bureau - Local NGO List (up to 19 August 2026)
Manosika,1935,"Vill.- Khatapara, Post. Sapibari, Upazilla- Aditmari, Dist. Lalmanirhat Phone: 0591-61302, 01718-640945",2004-06-03,2019-06-03,2029-06-03,Lalmonirhat,Bangladesh,,Bangladesh NGO Affairs Bureau - Local NGO List (up to 19 August 2026)
Manusher Jonno Foundation,2175,"House-47, Road-35/A, Gulshan-2, Dhaka-1212 Phone: 02-9893910, 01714007663 www.manusherjonno.org",2006-12-17,2021-12-17,2031-12-16,Dhaka,Bangladesh,,Bangladesh NGO Affairs Bureau - Local NGO List (up to 19 August 2026)
Marie Stopes Bangladesh (MSB),2033,"House-6/2, Block-F, Lalmatia Housing Estate, Mohammadpur, Dhaka-1207 Phone: 8114393, 8114394 www.mariestopes.bd.org",2005-04-21,2020-04-21,2030-04-21,Dhaka,Bangladesh,,Bangladesh NGO Affairs Bureau - Local NGO List (up to 19 August 2026)
Marie Stopes Clinic Society,0644,"House-6/2, Block-F, Lalmatia Housing Estate, Dhaka-1207 Phone: 8114392, Fax: 8117673 www.maristopes-bd.org",1992-08-20,2017-08-20,2027-08-20,Dhaka,Bangladesh,,Bangladesh NGO Affairs Bureau - Local NGO List (up to 19 August 2026)
Marine Life Allience,2867,"Omer Mension, Hazi Ahmed Hossain Road, Sadar Upazilla Gate, Cox'sbazar. Phone: 01729-090041",2014-06-22,,2019-06-22,Cox'sBazar,Bangladesh,,Bangladesh NGO Affairs Bureau - Local NGO List (up to 19 August 2026)
Markazul Muslimen,2327,"2/G/3, Golden Street, Ring Road, Shamoly, Mohammadpur, Dhaka-1207",2008-03-27,,2013-03-27,Dhaka,Bangladesh,,Bangladesh NGO Affairs Bureau - Local NGO List (up to 19 August 2026)
Mary Somaj Kallyan Sangstha,3187,"Sheojgari, Talukdarpara, Sadar, Bogra Mob; 01723359914",2019-02-06,,2029-02-06,Bogra,Bangladesh,,Bangladesh NGO Affairs Bureau - Local NGO List (up to 19 August 2026)
Masjid Council for Community Advancement (MACCA),2287,"15, Sonargaon Janapath (3rd Floor), Sector: 07, Uttara, Dhaka-1230. Phone: 8954305, 8922008 masjidcouncilbd.org",2007-11-13,2022-11-13,2032-11-12,Dhaka,Bangladesh,,Bangladesh NGO Affairs Bureau - Local NGO List (up to 19 August 2026)
Masjid Samaj Bangladesh,0067,"6/23, Lalmatia, Dhaka Phone : 326269",1981-04-22,2001-05-15,2006-05-15,Dhaka,Bangladesh,,Bangladesh NGO Affairs Bureau - Local NGO List (up to 19 August 2026)
Mass-Line Media Center (MMC),1026,"House-1/20, Humayun Road, Block-B, Mohammadpur, Dhaka Phone : 8123446, 9125077 www.mass-line.org.",1996-04-10,2011-04-10,2016-04-10,Dhaka,Bangladesh,,Bangladesh NGO Affairs Bureau - Local NGO List (up to 19 August 2026)
Mastul Foundation,3436,"244/Ka, Nimtola, Sultanganj Road, West Dhanmondi, Dhaka-1209 Phone: 01730482279, 01715097762 mail: mstulfoundatin@gmail.com",2025-03-06,,2035-03-05,Dhaka,Bangladesh,,Bangladesh NGO Affairs Bureau - Local NGO List (up to 19 August 2026)
Mather Bari Bohumukhi Somaj Kallan Sangstha,3186,"wHwajwi A.mli aMsatunl.snioent, Tarabaniachara, Cox'sbazar. Mob: 01990141607",2019-01-20,,2029-01-20,Cox'sBazar,Bangladesh,,Bangladesh NGO Affairs Bureau - Local NGO List (up to 19 August 2026)
Matrichaya Unnayan Sangstha (MUS),3073,"Ranigonj, Sadar, Dinajpur",2017-01-03,,2022-01-03,Dinajpur,Bangladesh,,Bangladesh NGO Affairs Bureau - Local NGO List (up to 19 August 2026)
Maulana Hasmat Ullah Deobandi Foundation,3208,"Ranigaon ( Taraganj Bazar), Nalitabari, Sherpur, Mob: 01749579100",2019-07-10,,2029-07-10,Sherpur,Bangladesh,,Bangladesh NGO Affairs Bureau - Local NGO List (up to 19 August 2026)
Mawlana Abdur Rashid Samaj Kallyan Sangstha,3248,"Kalikshar, PO: Patodaa Bazar, Upazila: Chowddagram, Dist: Comilla, Mob:",2020-10-14,,2030-10-14,Comilla,Bangladesh,,Bangladesh NGO Affairs Bureau - Local NGO List (up to 19 August 2026)
Mawna Diabetic Association,3496,"EasyLifeBhaban,Block-C,House-181, Mawna Chowrasta (Mawna Bazar road), Sreepur, Gazipur Phone: 01762388424",2025-09-02,,2035-09-01,Gazipur,Bangladesh,,Bangladesh NGO Affairs Bureau - Local NGO List (up to 19 August 2026)
Mayer Dak,1041,"Vill. Tilbari, P.O. Radanagar, Thana Kotalipara, Gopalgonj",1996-05-30,2011-05-30,2016-05-30,Gopalganj,Bangladesh,,Bangladesh NGO Affairs Bureau - Local NGO List (up to 19 August 2026)
Mayer Tori,3353,"Vill: Aragi Dewdoba, Post & Upazila: Aditmari, Dist: Lalmonirhat. Phone: 01716859333",2023-04-09,,2033-04-08,Lalmonirhat,Bangladesh,,Bangladesh NGO Affairs Bureau - Local NGO List (up to 19 August 2026)
Mazharul Haque BNSB Eye Hospital,2671,"Holding No-161/141 Cemilla road, Thana Sadar, Dist: Chandpur. Phone: 084163559",2012-02-08,2022-02-08,2032-02-08,Chandpur,Bangladesh,,Bangladesh NGO Affairs Bureau - Local NGO List (up to 19 August 2026)
MB3 Foundation,3253,"House-165, Dr. Nazrul Islam Road, Vill: Mahamudpur, PO: Charavita, Thana: Bagharpara, Dist: Jashore, Mob: 01622623623",2020-11-25,,2030-11-25,Jashore,Bangladesh,,Bangladesh NGO Affairs Bureau - Local NGO List (up to 19 August 2026)
Media Resources Development Initiative (MRDI),1962,"8/19 Sir Soyed Road (G. Floor), Block-A, Mohammadpur, Dhaka-1207. Phone: 9137147 www.mrdibd.rog",2004-09-21,2019-09-21,2029-09-21,Dhaka,Bangladesh,,Bangladesh NGO Affairs Bureau - Local NGO List (up to 19 August 2026)
Meghna Mohila-O-Shishu Unnayan Sangstha,2643,"Vill: Kullia, Post: Amria, Upazila: Magura, Dist: Magura. Phone: 01911-384331",2011-05-29,2016-05-29,2021-05-29,Magura,Bangladesh,,Bangladesh NGO Affairs Bureau - Local NGO List (up to 19 August 2026)
Meghna Samaj Kalyan Sanstha,3467,"Hatigara, Bera, Pabna Phone: 01328309205 email: info.msks.org@gmail.com",2025-06-02,,2035-06-01,Rajshahi,Bangladesh,,Bangladesh NGO Affairs Bureau - Local NGO List (up to 19 August 2026)
Meghna Social health & Development Foundation,2537,"Ad. Mohammad Ali Market (2nd Floor), Takpara Main Road, Cox'sBazar. Phone: 01917-763842",2010-02-02,2015-02-02,2025-02-02,Cox'sBazar,Bangladesh,,Bangladesh NGO Affairs Bureau - Local NGO List (up to 19 August 2026)
Meherpur Foundation,2220,"College Road, Post: Meherpur, Dist.: Meherpur. Phone: 0791-62733",2007-04-04,2017-04-04,2027-04-04,Meherpur,Bangladesh,,Bangladesh NGO Affairs Bureau - Local NGO List (up to 19 August 2026)
Methodist Community Social Service,3499,"250/1 2nd Colony, Mazr Road, Mirpur-1, Dhaka-1216 Phone: 01711150758 email: rbswassimon@gmail.com",2025-09-03,,2035-09-02,Dhaka,Bangladesh,,Bangladesh NGO Affairs Bureau - Local NGO List (up to 19 August 2026)
MHASA,1771,"House-34, Gagan Tower, Madani Avenue, 100 Fit Vatara, Dhaka-1212 Phone : 8827436, 01711-567589",2002-12-02,2017-12-02,2027-12-01,Dhaka,Bangladesh,,Bangladesh NGO Affairs Bureau - Local NGO List (up to 19 August 2026)
Micro Industries Development Assistance Society (MIDAS),0123,"Midas Cetre (11th Floor), Plot No.-5, Road-16 (Old-27), Dhanmondi, Dhaka-1209 Phone: 8116094, Fax: 8124227 www.midas-bd.com.bd",1982-08-13,2020-05-15,2030-05-15,Dhaka,Bangladesh,,Bangladesh NGO Affairs Bureau - Local NGO List (up to 19 August 2026)
Mirnmoyee Mohilla Unnayan Sangstha,2861,"Vill: Charlaxmipur, PO&PS: Rajbari, Dist: Rajbari Phone: 01716-584415",2014-05-28,2019-05-28,2029-05-28,Rajbari,Bangladesh,,Bangladesh NGO Affairs Bureau - Local NGO List (up to 19 August 2026)
Mirpur Khaemul Insan Kalyan Sanstha,3413,"135/8/Ka, South Jonaki Road, Ahammad Nagor, Mirpur-1, Dhaka. Phone: 01787815942",2024-07-04,,2034-07-03,Dhaka,Bangladesh,,Bangladesh NGO Affairs Bureau - Local NGO List (up to 19 August 2026)
Misbah Foundation,2104,"House-30, Road-16, Sector-03, Uttara, Dhaka-1230 Phone: 8911424",2006-06-08,,2011-06-08,Dhaka,Bangladesh,,Bangladesh NGO Affairs Bureau - Local NGO List (up to 19 August 2026)
Misuk (A centre for Social Advancement),0833,"Vill. & P.O. Mirzaganj, Thana Domar, Nilphamari Phone: 01716-137301",1994-06-06,2024-06-06,2034-06-05,Nilphamari,Bangladesh,,Bangladesh NGO Affairs Bureau - Local NGO List (up to 19 August 2026)
Mitali Sangha,0539,"128/6 (3rd Floor), Bright Star Lane, Ulon Road, West Rampura, Dhaka-1219 Phone: 01916-828134",1991-09-30,2011-09-30,2016-09-30,Dhaka,Bangladesh,,Bangladesh NGO Affairs Bureau - Local NGO List (up to 19 August 2026)
Mitali Unnayan Sangstha (MUS),0975,"Vill. Sundarpur, P.O. Guchapara, Thana Chunarughat, Habiganj Phon: 01711-145017",1995-10-14,2020-10-14,2030-10-13,Habiganj,Bangladesh,,Bangladesh NGO Affairs Bureau - Local NGO List (up to 19 August 2026)
Mittrika (Shomaj Unnayan Mulak Protistan),3267,"Vill+Post: Keragasi, Kalaroa, Satkhira",2021-03-07,,2031-03-07,Sathkhira,Bangladesh,,Bangladesh NGO Affairs Bureau - Local NGO List (up to 19 August 2026)
MNHR Bangladesh(Manageme nt Network for Human Resources in Bangladesh,2965,"House-30, Lane-01, Block-B, Mirpur-13, Dhaka-1216 Phone: 01874490386",2015-09-14,2020-09-14,2030-09-13,Dhaka,Bangladesh,,Bangladesh NGO Affairs Bureau - Local NGO List (up to 19 August 2026)
Moanoghar,1637,"Rangapani, Rangamati, Post: Box-05, Ramgamati Hill Tracts. Phone: 0351-61043 www.moanoghar.org",2001-05-14,2021-05-14,2031-05-14,Rangamati,Bangladesh,,Bangladesh NGO Affairs Bureau - Local NGO List (up to 19 August 2026)
Model Livestock Advancement Foundation,3155,"Model Lifestock Institute, Dhaka Campus, Demra, Dhaka. Phone: 01719889294",2018-06-25,2018-06-25,2028-06-25,Dhaka,Bangladesh,,Bangladesh NGO Affairs Bureau - Local NGO List (up to 19 August 2026)
Modern Development Organization(MDO),2418,"Gunergati, Sirajganj. Phone: 0751-62386",2009-03-03,2019-03-03,2029-03-03,Sirajganj,Bangladesh,,Bangladesh NGO Affairs Bureau - Local NGO List (up to 19 August 2026)
Mohamuni Bidhaba-O-Anath Shishu Kalyan Kendra,0135,"Vill: pahartali, Post: Mohamuni, Raozan, Chattogram Phone : 207285, 01817-755883",1982-11-14,2020-05-15,2030-05-15,Chattogram,Bangladesh,,Bangladesh NGO Affairs Bureau - Local NGO List (up to 19 August 2026)
Mohideb Jubo Samaj Kalyan Samity,0447,"Vill: Mohideb, P.O: Jummahat, Thana: Ulipur, Kurigram Phone: 01714-333911 www.mjsks.org",1991-03-08,2021-03-08,2031-03-08,Kurigram,Bangladesh,,Bangladesh NGO Affairs Bureau - Local NGO List (up to 19 August 2026)
Mohila Bohumukhi Shikha Kendra,0474,"Vill. Balubari, Nim Nagar, P.O. & Dist. Dinajpur Phone: 0531-64433",1991-05-26,2021-05-26,2031-05-25,Dinajpur,Bangladesh,,Bangladesh NGO Affairs Bureau - Local NGO List (up to 19 August 2026)
Mohila Jonogostir Shabe Nittichith Koran,3331,"Joypur, Lohagora, Narail. Phone: 01645501436 email: suchitrabiswas12180@gmail.com",2022-10-30,,2032-10-29,Narail,Bangladesh,,Bangladesh NGO Affairs Bureau - Local NGO List (up to 19 August 2026)
Mohila Kormasamgsthan O Daridra Bimochan Sangstha,3045,"Sahebpara, Joypurhat, Sadar, Joypurhat Phone: 0144842972",2016-10-16,2021-10-16,2031-10-15,Joypurhat,Bangladesh,,Bangladesh NGO Affairs Bureau - Local NGO List (up to 19 August 2026)
Mohila Sabolambi Sohayak Sangstha (MSSS),2516,"6th Building House (Gr. Floor), Natore Road, PO+PS: Puthia, Dist.: Rajshahi. Phone: 01726-345988",2009-11-17,,2014-11-17,Rajshahi,Bangladesh,,Bangladesh NGO Affairs Bureau - Local NGO List (up to 19 August 2026)
Mohila Samaj Kalyan Samity,0580,"Tengapara, Mohanganj, Netrokona",1992-01-06,2021-01-06,2031-01-05,Netrakona,Bangladesh,,Bangladesh NGO Affairs Bureau - Local NGO List (up to 19 August 2026)
Mohila Samaj Unnayn Sangstha,1097,"Vill+PO: Sonapur, Upazilla: Baliakandi, Diat: Rajbari. Phone: 01718-123387",1996-11-14,2006-11-14,2011-11-14,Rajbari,Bangladesh,"Cancelled on 23/12/2010, Revived on 14/10/2012",Bangladesh NGO Affairs Bureau - Local NGO List (up to 19 August 2026)
Mohila Sanghati Parishad,1229,"318, New Bilshimla, Mosque Lane, Rajshahi-6000 Phone: 0721-762084",1997-12-30,2012-12-30,2017-12-30,Rajshahi,Bangladesh,,Bangladesh NGO Affairs Bureau - Local NGO List (up to 19 August 2026)
Mohila Unnayan Foundation (MUF),1821,"Housing State, House-21, Block-C, Raghunandanpur, Sree Aungan, Faridpur. Phone: 01712-149361",2003-04-29,2018-04-29,2028-04-29,Faridpur,Bangladesh,,Bangladesh NGO Affairs Bureau - Local NGO List (up to 19 August 2026)
Mohisbathan Samaj Kallayan Samity,2860,"PO: Sheker Kola, Upazila: Bogra Sadar, Dist: Bogra Phone: 01728-505776",2014-05-27,2019-05-27,2029-05-27,Bogra,Bangladesh,,Bangladesh NGO Affairs Bureau - Local NGO List (up to 19 August 2026)
Moitree Palli Unnayan Shangathon,2651,"Khandaker Para, Sherpur, Powraba Shava Sherpur, Bogra. Phone: 05029-77159",2011-06-28,2021-06-28,2031-06-28,Bogra,Bangladesh,,Bangladesh NGO Affairs Bureau - Local NGO List (up to 19 August 2026)
Momoda Foundation,3146,"House-1066, Road-7, Avenue-7, Mirpur DOHS, Dhaka, Phone: 01711590416",2018-05-03,,2028-05-03,Dhaka,Bangladesh,,Bangladesh NGO Affairs Bureau - Local NGO List (up to 19 August 2026)
Momota Samaj Kallayan Sangstha,2563,"Vill: Shalgaria thanapara, P.O.: Pabna, Upazila: Pabna Sadar, Dist.: Pabna. Phone: 0731-64513",2010-04-22,2015-04-22,2020-04-21,Pabna,Bangladesh,,Bangladesh NGO Affairs Bureau - Local NGO List (up to 19 August 2026)
Monwara Islam Tajul Islam Welfare Trust,3417,"Shailan, Dhamrai, Dhaka Phone: 01924274735 email: mtwelfaretrust@gmail.com",2024-08-27,,2034-08-26,Dhaka,Bangladesh,,Bangladesh NGO Affairs Bureau - Local NGO List (up to 19 August 2026)
Moon Light Development Society,3209,"Joypurpara, Bogra, Mob: 01749579100",2019-07-21,,2029-07-21,Bogra,Bangladesh,,Bangladesh NGO Affairs Bureau - Local NGO List (up to 19 August 2026)
Moonflower Autism Foundation,3519,"20/28, Block-B, Babar Road, Mohammadpur, Dhaka-1207 Phone: 01713013130 email: naquib@moonflower-autism.org",2025-10-29,,2035-10-28,Dhaka,Bangladesh,,Bangladesh NGO Affairs Bureau - Local NGO List (up to 19 August 2026)
Mormosongsthan Mohila Unnoyon Sangstha,3414,"Moharajpur,Lohachura, Muksudpur, Goplaganj Phone: 01765826457 Email: nbakhanomtnisha@gmail.com",2024-07-29,,2034-07-28,Gopalganj,Bangladesh,,Bangladesh NGO Affairs Bureau - Local NGO List (up to 19 August 2026)
Mosabbir Memorial foundation,1982,"House-36, Road-02, Dhanmondi R/A, Dhaka-1205 Phone: 8622401, Fax: 8622402",2004-11-09,2019-11-09,2029-11-09,Dhaka,Bangladesh,,Bangladesh NGO Affairs Bureau - Local NGO List (up to 19 August 2026)
Motaharun Nesa Maternal & Infant Care (MMIC),2247,"Navana Southern Wood, Falat-C/1, House-06, Road-14, Dhanmondi R/A, Dhaka. Phone: 9110809",2007-06-21,2012-06-21,2017-06-21,Dhaka,Bangladesh,,Bangladesh NGO Affairs Bureau - Local NGO List (up to 19 August 2026)
Mother & Child Development Organization,2852,"Vill: Jahangirpur, PO: Singhajuly, PS: Chawgacha, Dist: Jessore Phone: 01736-956565",2014-03-18,2019-03-18,2029-03-17,Jessore,Bangladesh,,Bangladesh NGO Affairs Bureau - Local NGO List (up to 19 August 2026)
Mother & Child Internal Welfare Organization,1271,"House-30, Road-02, West Katasur, Mohammadpur, Dhaka. Phone: 8125193",1998-06-11,2018-06-11,2028-06-11,Dhaka,Bangladesh,,Bangladesh NGO Affairs Bureau - Local NGO List (up to 19 August 2026)
Mothers & Infant Health Care Society,3586,"House-58/34-D, North Mugdapara, Modinabag, WASA Road, Dhaka-1214. Phone: 01715655735 email: mihcs2007@gmail.com",2026-02-24,,2036-02-23,Dhaka,Bangladesh,,Bangladesh NGO Affairs Bureau - Local NGO List (up to 19 August 2026)
Motivation Awareness Training and Implementation (MATI),1524,"67/1, S.A. Sarkar Road, Shankipara, Mymensing. Phone: 01711-103063",2000-05-16,2020-05-16,2030-05-16,Mymensingh,Bangladesh,,Bangladesh NGO Affairs Bureau - Local NGO List (up to 19 August 2026)
Mouchash Unnayan Sangstha (MUS),0596,"Vill: Kakraid, PO: Kakraid, UZ: Modhupur, Dist: Tangail. Phone: 01712-563501",1992-02-11,2012-02-11,2017-02-11,Tangail,Bangladesh,,Bangladesh NGO Affairs Bureau - Local NGO List (up to 19 August 2026)
Moulvibazar Andha Kalyan Samity (MBNSB),1981,"Shamsernagar Road, Matar Kapan, Moulvibazar. Pone: 0861-52670, 62045 Fax: 0861-62045",2004-11-09,2019-11-09,2029-11-09,MoulaviBazar,Bangladesh,,Bangladesh NGO Affairs Bureau - Local NGO List (up to 19 August 2026)
Mousumi,0397,"Ukilpara, PO+PS+Dist: Naogaon Phone: 0741-61131",1990-10-22,2020-10-22,2030-10-21,Dhaka,Bangladesh,,Bangladesh NGO Affairs Bureau - Local NGO List (up to 19 August 2026)
Move Foundation,3139,"House-124/1, Ahamedbag, Sabujbag, Dhaka. Mob: 01711376552",2018-02-06,,2028-02-06,Dhaka,Bangladesh,,Bangladesh NGO Affairs Bureau - Local NGO List (up to 19 August 2026)
Movement of Alleviating Poverty-MAP,3254,"Hazi Madrasa Road, Professor Para, Joypurhat. Mob: 01740627785",2020-12-07,,2030-12-07,Joypurhat,Bangladesh,,Bangladesh NGO Affairs Bureau - Local NGO List (up to 19 August 2026)
Movement of Social Upliftment,2336,"470/4 (Ground Floor), West Sewrapara, Mirpur, Dhaka.",2008-04-20,,2013-04-20,Dhaka,Bangladesh,,Bangladesh NGO Affairs Bureau - Local NGO List (up to 19 August 2026)
Moytree Bangladesh,2095,"10/22, Iqbal Road, Mohammadpur, Dhaka.",2006-05-21,,2011-05-21,Dhaka,Bangladesh,,Bangladesh NGO Affairs Bureau - Local NGO List (up to 19 August 2026)
Mozahar Uddin Multicraft Centre,1565,"Vill+Post: Jamal Nagar, P.S.: Assasuni, Dist.: Satkhira. Phone: 01911-332794",2000-09-17,2010-09-17,2015-09-17,Sathkhira,Bangladesh,,Bangladesh NGO Affairs Bureau - Local NGO List (up to 19 August 2026)
Mritshilpa Unnayan Sangstha,2924,"46, Hazi Meher Ali Road, Khulna Phone: 01718-695249",2015-04-29,,2020-04-29,Khulna,Bangladesh,,Bangladesh NGO Affairs Bureau - Local NGO List (up to 19 August 2026)
Mro Chow Chen Chap Euong Ra Tia,0734,"Uzanipara, Bandarban Phone: 0631-63580",1993-07-28,2018-07-28,2028-07-28,Bandarban,Bangladesh,"Cancelled on 26/05/2010, Revived on 20/10/2010",Bangladesh NGO Affairs Bureau - Local NGO List (up to 19 August 2026)
Mukti,0992,"House-504, Road-12/A, Baitul Aman Housing Society, Adabar, Dhaka-1207 Phone: 01979-222268",1995-11-28,2015-11-28,2020-11-28,Dhaka,Bangladesh,,Bangladesh NGO Affairs Bureau - Local NGO List (up to 19 August 2026)
Mukti Cox's Bazar,1897,"Sarda Bhaban, Gol Digir Par, Cox'xBazar. Phone: 0341-62558, Fax: 0341-51103",2004-01-08,2019-01-08,2029-01-08,Cox'sBazar,Bangladesh,,Bangladesh NGO Affairs Bureau - Local NGO List (up to 19 August 2026)
Mukti Foundation,1391,"Village+P.O.+Thana: Tala, Dist: Satkhira Phone: 04727-56147, 01716-840797",1999-06-08,2019-06-08,2029-06-08,Sathkhira,Bangladesh,,Bangladesh NGO Affairs Bureau - Local NGO List (up to 19 August 2026)
Mukti Juddha Smrity Trust,1007,"Plot-F-11/A-B, Civic Sector, Agargaon, Shere-E-Bangla Nagar, Dhaka-1207 Phone : 9559091, Fax: 9559092 www.liberationwarmuseum.org",1996-02-04,2021-02-04,2031-02-03,Dhaka,Bangladesh,,Bangladesh NGO Affairs Bureau - Local NGO List (up to 19 August 2026)
Mukti Mohila Samity (MMS),2522,"Uttar Daulatpur, Upazila: Goalando, Rajbari. Phone: 01712-525471",2009-12-22,2019-12-22,2029-12-22,Rajbari,Bangladesh,,Bangladesh NGO Affairs Bureau - Local NGO List (up to 19 August 2026)
Mukti Nari-O-Shishu Unnayan Sangstha,1123,"108/53, Shoshi Bhusan, Pramanik Road,Thanapara, Kustia-7000 Phone: 071-62153 www.muktiorg.bd",1997-01-12,2017-01-12,2027-01-11,Kustia,Bangladesh,,Bangladesh NGO Affairs Bureau - Local NGO List (up to 19 August 2026)
Mukti Sheba Shangstha,0726,"Vill: Hatkaramja, PO: hatkaramja, PS: Sonatola, Dist: Bogra. Phone: 01716-254027",1993-07-03,2008-07-03,2013-07-03,Bogra,Bangladesh,,Bangladesh NGO Affairs Bureau - Local NGO List (up to 19 August 2026)
Muktir Bondhon Foundation,3563,"EasternArzoo,Room#06-5,Level-6-61, Bijoynagar, Dhaka-1000 Phone:",2026-01-19,,2036-01-18,Dhaka,Bangladesh,,Bangladesh NGO Affairs Bureau - Local NGO List (up to 19 August 2026)
Muktir Path Mohila Sangstha,2935,"Vill: Khagdi, PO: Charmogaria, PS & Dist: Madaripur. Phone: 01717-111725",2015-05-27,,2020-05-27,Madaripur,Bangladesh,,Bangladesh NGO Affairs Bureau - Local NGO List (up to 19 August 2026)
Mukto Akash Bangladesh,2539,"138/Ka, Pisciculture Housing Society, Shaymoli, Mohammadpur, Dhaka Phone: 9136570",2010-02-04,2020-02-04,2030-02-04,Dhaka,Bangladesh,,Bangladesh NGO Affairs Bureau - Local NGO List (up to 19 August 2026)
Multi Serve International (MSI),2275,"House-06, (1st Floor), Road-10, Sector-13, Uttara, Dhaka-1230 Phone: 01671-721772",2007-10-04,2017-10-04,2027-10-04,Dhaka,Bangladesh,,Bangladesh NGO Affairs Bureau - Local NGO List (up to 19 August 2026)
Multi Task,2593,"Vill+PO+PS: Pathorgata, Dist: Barguna.",2010-09-05,,2015-09-05,Barguna,Bangladesh,,Bangladesh NGO Affairs Bureau - Local NGO List (up to 19 August 2026)
Multi Wings Society,2269,"Gulshan Shaoping Centre, Room No-229-230 (5th Floor), Gulshan-1, Dhaka.",2007-09-10,,2012-09-10,Dhaka,Bangladesh,,Bangladesh NGO Affairs Bureau - Local NGO List (up to 19 August 2026)
Municipal Association of Bangladesh,2642,"House-513, Road-10, Flat-A/£, DOHS, Baridhara, Dhaka-1206.",2011-05-23,2016-05-23,2026-05-23,Dhaka,Bangladesh,,Bangladesh NGO Affairs Bureau - Local NGO List (up to 19 August 2026)
Munshi Atar Ali Welfare Society (MAAWS),1745,"Vill: Earpur, PO: Somir Munshirhat, PO: Senbagh, Dist: Noakhali Phone: 01711358247 www.maaws.org",2002-10-07,2017-10-07,2027-10-06,Dhaka,Bangladesh,,Bangladesh NGO Affairs Bureau - Local NGO List (up to 19 August 2026)
Munshirhat Polli Unnayan Songstha (MPUS),3370,"Munshirhat, Fulgazi, Feni Phone: 01716842579 email:",2023-07-30,,2033-07-29,Feni,Bangladesh,,Bangladesh NGO Affairs Bureau - Local NGO List (up to 19 August 2026)
Muslema Khatoon Welfare Trust,2820,"23 Rabindra Sarani, Sector-3, Uttara Model Town, Dhaka Phone: 8914483",2013-09-29,2018-09-29,2028-09-29,Dhaka,Bangladesh,,Bangladesh NGO Affairs Bureau - Local NGO List (up to 19 August 2026)
Muslim Ali Shamsun Nahar Memorial Foundation,3284,"H-116, Road-5, Mohammadia Housing Society, Mohammadpur, Dhaka Phone: 01712918368",2021-12-29,,2031-12-29,Dhaka,Bangladesh,,Bangladesh NGO Affairs Bureau - Local NGO List (up to 19 August 2026)
Muslim Welfare Organisation,1878,"Harisachar Bazar Post.- Vora Jangapur Laksam, Comilla.",2003-10-11,2023-10-11,2033-10-10,Comilla,Bangladesh,,Bangladesh NGO Affairs Bureau - Local NGO List (up to 19 August 2026)
MW Foundation,3571,"Majortila, Shahporan, Sylhet. Phone: 01781872127 email: neaz399@gmail.com",2026-02-02,,2036-02-01,Sylhet,Bangladesh,,Bangladesh NGO Affairs Bureau - Local NGO List (up to 19 August 2026)
Mymensingh Disabled People's Organization to Development (Mymensingh-DPOD),2570,"Vill: Bhoradoba Club Bazar, P.P.: Bhoradoba, P.S.: Bhaluka-2240, Dist.: Mymensingh. Phone; 892315, 01715-430710",2010-05-06,2015-05-06,2020-05-06,Mymensingh,Bangladesh,,Bangladesh NGO Affairs Bureau - Local NGO List (up to 19 August 2026)
N.A. C (necessary Assistance for Community),2063,"Kabi Bhaban, Sur Bitan Road, Post+Dist: Hobigonj.",2006-01-25,,2011-01-25,Habiganj,Bangladesh,,Bangladesh NGO Affairs Bureau - Local NGO List (up to 19 August 2026)
N.Z. Ekata Mohila Samiti,2083,"Chairmanpara, Lama, Bandarban. Phone: 01727-628026 www.ekata-cht.org",2006-03-19,2021-03-19,2031-03-18,Bandarban,Bangladesh,,Bangladesh NGO Affairs Bureau - Local NGO List (up to 19 August 2026)
Nabajug Unnayan Sangstha,1343,"House-23, Road-09, South Baridhara, Merul Badda, Dhaka-1212, Mob:01711-155594, 01813-362129",1999-02-01,2014-02-01,2019-02-01,Dinajpur,Bangladesh,,Bangladesh NGO Affairs Bureau - Local NGO List (up to 19 August 2026)
Nabaratna Foundation,2202,"Ganakpara, Dist. Munshigonj.",2007-03-08,,2012-03-08,Munshiganj,Bangladesh,,Bangladesh NGO Affairs Bureau - Local NGO List (up to 19 August 2026)
Nabaron Akkya Sangha,2279,"Town Colony, Shripur, Bogra.",2007-10-11,,2012-10-11,Bogra,Bangladesh,,Bangladesh NGO Affairs Bureau - Local NGO List (up to 19 August 2026)
Nabarun Kallayan Sangstha,1000,"8/36C Eastern Plaza, Sonargaon Road, Dhaka-1205. Phone: 8612810, Fax: 9663310",1996-01-15,2005-01-15,2010-01-15,Dhaka,Bangladesh,"Cancelled on 29/07/2010, Revived on 03/10/2011",Bangladesh NGO Affairs Bureau - Local NGO List (up to 19 August 2026)
Nabarun Nari Shikha,2865,"House-89, Block-H, Road-14, South Banasree, Dhaka Phone: 01818-562929",2014-06-15,2019-06-15,2029-06-15,Dhaka,Bangladesh,,Bangladesh NGO Affairs Bureau - Local NGO List (up to 19 August 2026)
Nabin Palli Unnayan Sangstha (NPUS),1366,"Vill+P.O+Thana: Sadullapur, Dist: Gaibandha. Phone: 01716-276264",1999-04-12,2014-04-12,2019-04-12,Gaibandha,Bangladesh,,Bangladesh NGO Affairs Bureau - Local NGO List (up to 19 August 2026)
Nabolok Parishad,0550,"House-163, Road-11, Nirala R/A, Khulna-9100 Phone: 041-720155, 810855 Phone: 721882 www.nabolokbd.org",1991-10-23,2021-10-23,2031-10-22,Khulna,Bangladesh,,Bangladesh NGO Affairs Bureau - Local NGO List (up to 19 August 2026)
Nagar Daridra Basteebashir Unnayan Sangstha,2781,"House-385, Road-05, Banai, PO: KPS, Gulshan, Dhaka. Phone: 01711-583101",2013-04-09,2018-04-09,2028-04-09,Dhaka,Bangladesh,,Bangladesh NGO Affairs Bureau - Local NGO List (up to 19 August 2026)
Nagorik Odhiker,2828,"House-202/1, Charkolony, Barguna Sadar, Barguna Phone: 01712-801699",2013-11-03,,2018-11-03,Barguna,Bangladesh,,Bangladesh NGO Affairs Bureau - Local NGO List (up to 19 August 2026)
Nagorik Uddyog,1240,"House-8/14, Block-B, Lalmatia, Dhaka. Phone : 8115868, Fax: 9141511 www.nuhr.org",1998-02-23,2018-02-23,2028-02-23,Dhaka,Bangladesh,,Bangladesh NGO Affairs Bureau - Local NGO List (up to 19 August 2026)
Nagorpur Disabled Peoples Orgaization to Development,2952,"Vill: & PO: Masudnagar, Upazilla: Nagorpur, Dist: Tangail Phone: 01726-122826",2015-07-30,2020-07-30,2030-07-29,Tangail,Bangladesh,,Bangladesh NGO Affairs Bureau - Local NGO List (up to 19 August 2026)
Nahar Health Services and Social Welfare Association,2105,"393, West Kafrul, Agargaon, Taltola, Dhaka.",2006-06-27,2011-06-27,2016-06-27,Dhaka,Bangladesh,,Bangladesh NGO Affairs Bureau - Local NGO List (up to 19 August 2026)
Naifa Maruf Foundation,2253,"House-13, Salamot Mollah Road, North Auchpara, Tongi, Gazipur. Phone: 01715-840855",2007-07-24,,2012-07-24,Dhaka,Bangladesh,,Bangladesh NGO Affairs Bureau - Local NGO List (up to 19 August 2026)
Nakkhatra,2011,"Ahad Plaza (2nd Floor), 841, Shekh Mujib Road, Chattogram",2005-03-05,,2010-03-05,Chattogram,Bangladesh,,Bangladesh NGO Affairs Bureau - Local NGO List (up to 19 August 2026)
Nalta Hospital and Community Health Foundation,1377,"Trauma Center, 22/8/A, Mirpur Road, Shyamoly, Dhaka-1209 Phone : 8116969, 8130508 www.naltahospital.org.bd",1999-05-06,2019-05-06,2029-05-06,Dhaka,Bangladesh,,Bangladesh NGO Affairs Bureau - Local NGO List (up to 19 August 2026)
Namijan Aftabi Foundation (NAF),0600,"Vill. Harunja, P.O. & Thana Kalai, Jaypurhat Phone: 01712-163339",1992-03-07,2017-03-06,2027-03-06,Joypurhat,Bangladesh,,Bangladesh NGO Affairs Bureau - Local NGO List (up to 19 August 2026)
Naobojagoran Sangstha,2481,"Dupchacia, Bogra Phone: 051-51429",2009-09-17,2014-09-17,2019-09-17,Bogra,Bangladesh,,Bangladesh NGO Affairs Bureau - Local NGO List (up to 19 August 2026)
Naogaon Manabik Unnayan Sangstha,0486,"Nazipur, Patnitola, Dist. Naogaon Phone: 01718-971916",1991-06-08,2021-06-08,2031-06-07,Naogaon,Bangladesh,,Bangladesh NGO Affairs Bureau - Local NGO List (up to 19 August 2026)
Narail Asar Alo Foundation.,1825,"Vowakhali, Ratangonj, Narail. Phone: 0481-62005 www.asharslonri.org",2003-04-30,2018-04-30,2028-04-30,Narail,Bangladesh,,Bangladesh NGO Affairs Bureau - Local NGO List (up to 19 August 2026)
Narayangonj Sadar Upazila Protibodhi Unnayan Parishad,3030,"Sadar Upazila Complex, Shastapur, Fatulla, Narayanganj Phone: 02-7647762",2016-07-21,2021-07-21,2031-07-20,Narayanganj,Bangladesh,,Bangladesh NGO Affairs Bureau - Local NGO List (up to 19 August 2026)
Nareer Jonno Foundation,2552,"Uttarshur, Sreemongal, Dist.: Moulvibazar. Phone: 8811359",2010-03-16,,2015-03-16,Moulavibazar,Bangladesh,,Bangladesh NGO Affairs Bureau - Local NGO List (up to 19 August 2026)
Nari Bikash Kendra,2509,"Vill- Hariasa, P.O& PS: Janjira, Dist.: Shariatpur. Phone: 9125521, 01716-831551",2009-11-05,2019-11-05,2029-11-04,Shariatpur,Bangladesh,,Bangladesh NGO Affairs Bureau - Local NGO List (up to 19 August 2026)
Nari Jagaron Mohila Unnayan Sangstha,2933,"Vill? West Debipur, PO & UZ: Joypurhat, Dist: Joypurhat Phone: 01716-176503",2015-05-25,,2020-05-25,Joypurhat,Bangladesh,,Bangladesh NGO Affairs Bureau - Local NGO List (up to 19 August 2026)
Nari Kalyan Sangstha (NKS),2652,"House-27/2, (Harishikunjo), 2ndk Floor, Word-08, West Bhabanipur, Rajbari-7700",2011-07-14,2021-07-14,2031-07-13,Rajbari,Bangladesh,,Bangladesh NGO Affairs Bureau - Local NGO List (up to 19 August 2026)
Nari Moitree,0326,"77/B, Malibagh Chowdhurypara, Khilgaon, Dhaka-1219. Phone : 9356573, Fax: 9354815 www.narimaitree.org",1989-11-01,2019-11-19,2029-11-19,Dhaka,Bangladesh,,Bangladesh NGO Affairs Bureau - Local NGO List (up to 19 August 2026)
Nari Mukto Kontho Samaj Kallyan Songstha,3319,"Koshigaari, Hatshamgonj, Ghoraghat, Dinajpur. Phone: 01753093827",2022-09-18,,2032-09-17,Dinajpur,Bangladesh,,Bangladesh NGO Affairs Bureau - Local NGO List (up to 19 August 2026)
Nari O Shishu Kallayan Foundation,3022,"124/76/1, West Dhanmondi, Dhaka Phone: 01722-996505",2016-05-09,,2021-05-09,Dhaka,Bangladesh,,Bangladesh NGO Affairs Bureau - Local NGO List (up to 19 August 2026)
Nari Uddug Kendra,0589,"2/21, Babar Road,, Block # B, Mohammadpur, Dhaka Phone :8125804, 9139943, 9115696 fax: 9110088",1992-01-18,2017-01-18,2027-01-17,Dhaka,Bangladesh,,Bangladesh NGO Affairs Bureau - Local NGO List (up to 19 August 2026)
Nari Unnayan Forum (NUF),2056,"wKawlwib.anrui,k R.badz.oerngdra College Road, Jheeltuly, Faridpur Sadar, Faridpur-7800 Phone: 01711179520",2006-01-05,2021-01-05,2031-01-04,Faridpur,Bangladesh,,Bangladesh NGO Affairs Bureau - Local NGO List (up to 19 August 2026)
Nari Unnayan Sangstha (NUS),2904,"Vill: West Chakher, Gotaher Bari, PO: Chakher, Upazila: Banaripara, Dist: Barisal Phone: 01819-827142",2014-11-12,2019-11-12,2029-11-12,Barisal,Bangladesh,,Bangladesh NGO Affairs Bureau - Local NGO List (up to 19 August 2026)
Naria Unnayan Samity,0964,"PO+UZ: Naria, Dist: Shariatpur-8020 Phone: 0601-59154, Fax: 0601-59169",1995-08-27,2020-08-27,2030-08-27,Shariatpur,Bangladesh,,Bangladesh NGO Affairs Bureau - Local NGO List (up to 19 August 2026)
Nari-O-Shisu Kallayan Sangstha (NSKS),2369,"New Bogra Road (In front of Circuit house), Sirajgonj-6700 Phone: 0751-64376",2008-06-15,2013-06-15,2018-06-15,Sirajganj,Bangladesh,,Bangladesh NGO Affairs Bureau - Local NGO List (up to 19 August 2026)
Naripokkho,0943,"Rangs Nilu Square (4th Fl.), House-75, Satmasjid Road, Dhanmondi, Dhaka-1209 Phone: 8111991, Fax: 8116148 www.naripokkho.com",1995-05-28,2020-05-28,2030-05-28,Dhaka,Bangladesh,,Bangladesh NGO Affairs Bureau - Local NGO List (up to 19 August 2026)
Nary Kallyan Sangstha,3145,"197, Central Basabo, Dhaka. 01778393118",2018-04-15,,2028-04-15,Dhaka,Bangladesh,,Bangladesh NGO Affairs Bureau - Local NGO List (up to 19 August 2026)
National Agency for Green Revolution (NAGR),0948,"32 Mallika Housing, Mirpur Section-7, Dhaka-1216 Phone:8001162, 01815-401030",1995-06-24,2025-06-24,2035-06-23,Dhaka,Bangladesh,,Bangladesh NGO Affairs Bureau - Local NGO List (up to 19 August 2026)
National Alliance of Disabled Peoples Organization (NADPO),3148,"House-24, Monipuripara, Sanshad Avenue, Dhaka, Phone: 01711595049",2018-05-08,,2028-05-08,Dhaka,Bangladesh,,Bangladesh NGO Affairs Bureau - Local NGO List (up to 19 August 2026)
National Anti Tuberrculosis Association of Bangladesh(NATAB),2579,"44/1, Bangabandhu Avenue, Dhaka-1000. Phone: 8833747 www.natab.org",2010-06-01,2018-06-01,2023-05-31,Dhaka,Bangladesh,,Bangladesh NGO Affairs Bureau - Local NGO List (up to 19 August 2026)
National Association of Sports for the Persons with Disability,2159,"House-534, Road-11, Baitul Aman Housing Society, Adabar, Shamoly, Dhaka-1207. Phone: 8151946",2006-11-12,,2011-11-12,Dhaka,Bangladesh,,Bangladesh NGO Affairs Bureau - Local NGO List (up to 19 August 2026)
National Council of Young Man's Christian Association of Bangladesh,0101,"1/1, Pioneer Road, Kakrail, Ramna, Dhaka Phone : 9350413, Fax: 9350225 www.bangladeshymca.org",1981-08-13,2020-05-15,2030-05-15,Dhaka,Bangladesh,,Bangladesh NGO Affairs Bureau - Local NGO List (up to 19 August 2026)
National Development Centre (NDC),1647,"Vill: Vangidangi, Post: Gendumollar Hat, PS: Faridpur Sadar, Dist: Faridpur Phone: 01978-964478",2001-06-18,2021-06-18,2031-06-17,Faridpur,Bangladesh,"Cancelled on 22/07/2010, Revived on 21/12/2016",Bangladesh NGO Affairs Bureau - Local NGO List (up to 19 August 2026)
National Development Council (NDC),0788,"NDC Campaus, Paharpur Road, Joypurhat. Phone: 01713-747706 www.ndcbd.org",1993-12-29,2018-12-29,2028-12-29,Joypurhat,Bangladesh,,Bangladesh NGO Affairs Bureau - Local NGO List (up to 19 August 2026)
National Development Initiative,2236,"Hometown Complex, 11th Floor, 87, New Eskaton Road, Dhaka-1000 Phone: 8322991, Fax: 9337139 www.nationaldevelopment.org",2007-05-27,2017-05-27,2027-05-27,Dhaka,Bangladesh,,Bangladesh NGO Affairs Bureau - Local NGO List (up to 19 August 2026)
National Development Organization(NADO),0441,"2 RK Mission Road, Motaleb Mention (4th Floor), Wari, Dhaka-1203 Phone: 01716-817461 www.nadobd.org",1991-02-11,2021-02-11,2031-02-10,Dhaka,Bangladesh,,Bangladesh NGO Affairs Bureau - Local NGO List (up to 19 August 2026)
National Development Programme (NDP),0880,"NDP Bhaban, Bagbari Shahid Nagar, Kamankhanda, Sirajganj. Phone: 0751-63870-1, Fax: 0751-63877 www.ndpbd.org",1995-01-02,2020-01-02,2030-01-02,Sirajganj,Bangladesh,,Bangladesh NGO Affairs Bureau - Local NGO List (up to 19 August 2026)
National Development Society (NDS),1512,"House-11/A, Road-08, Pallabi, Mirpur 11 1/2, Dhaka-1216. Phone: 9011976, 8061337, Fax: 9012199",2000-04-20,2010-04-20,2015-04-20,Dhaka,Bangladesh,,Bangladesh NGO Affairs Bureau - Local NGO List (up to 19 August 2026)
National Federation of the Blind Patuakhali District Branch,1643,"Zilaparisad Bhaban, College Road, Patuakhali",2001-05-22,,2006-05-22,Patuakhali,Bangladesh,,Bangladesh NGO Affairs Bureau - Local NGO List (up to 19 August 2026)
National Fellowship for the Advancement of Visually Handicapped (NFAVH),0437,"Holding-78, Syed Ali Munshi Road, Naogaon, Tongi, Gazipur. Phone: 01715-669562",1991-01-28,2021-01-28,2031-01-28,Dhaka,Bangladesh,,Bangladesh NGO Affairs Bureau - Local NGO List (up to 19 August 2026)
National Forum of the Organizations Working with the Disabled (NFOWD),0776,"H-8/9, Block-A, Lalmatia, Dhaka-1207 Phone : 9124487, 8120415 Fax: 9124487, 8120415 www.nfowd.com",1993-11-17,2018-11-17,2028-11-17,Dhaka,Bangladesh,,Bangladesh NGO Affairs Bureau - Local NGO List (up to 19 August 2026)
National Heart Foundation of Bangladesh,0412,"Plot # 7/2, Section # 2, Mirpur, Dhaka Phone : 8061314-6 Fax: 8066694 www.nhfbd.org",1990-11-26,2020-11-26,2030-11-26,Dhaka,Bangladesh,,Bangladesh NGO Affairs Bureau - Local NGO List (up to 19 August 2026)
Native Evangelical Christian Trust,3171,"21/B, Main Road, Niribili Gate, Mohammadi Housing Society, Mohammadpur, Dhaka. Mob: 01913103193",2018-11-14,,2028-11-14,Dhaka,Bangladesh,,Bangladesh NGO Affairs Bureau - Local NGO List (up to 19 August 2026)
Natore Zilla Protibondhi Songstha-Nandan,2958,"Nimagar, Balibari, Dinajpur Phone: 0531-51038",2015-08-17,,2020-08-17,Dinajpur,Bangladesh,,Bangladesh NGO Affairs Bureau - Local NGO List (up to 19 August 2026)
Natun Projonmo Uddakta Unnayan Foundation,3476,"159/Ka, PC Culture Housing Society, Shyamoliy, Dhaka-1207 Phone: 01778867046 email: natunprojonmo.foundatin@gmail.com",2025-06-03,,2035-06-02,Dhaka,Bangladesh,,Bangladesh NGO Affairs Bureau - Local NGO List (up to 19 August 2026)
Nature & Environment Preservation Orgaization (NEPO),2982,"Uttarpara, Talukkanpur, Gobindoganj, Gaibandha. Phone: 01721-422456",2015-11-10,,2020-11-10,Gaibandha,Bangladesh,,Bangladesh NGO Affairs Bureau - Local NGO List (up to 19 August 2026)
Nature Conservation Management (NACOM),0481,"8/12, Block-B, Lalmatia, Dhaka. Phone: 9121437",1991-06-08,2016-06-08,2026-06-08,Dhaka,Bangladesh,,Bangladesh NGO Affairs Bureau - Local NGO List (up to 19 August 2026)
Nayan,3410,"Road-1, Block-A, Ward-27, Kadamtoli, Police Station, Moglabazar, South Surma, Sylhet Phone: 01711340958 Email: nayan.sach@yahoo.com",2024-07-01,,2034-06-30,Sylhet,Bangladesh,,Bangladesh NGO Affairs Bureau - Local NGO List (up to 19 August 2026)
Nazir (Nutun Ziban Rochi),1398,"Airport Road, Lalmonirhat. Phone: 059161252",1999-07-07,2019-07-07,2029-07-07,Lalmonirhat,Bangladesh,,Bangladesh NGO Affairs Bureau - Local NGO List (up to 19 August 2026)
Nazrul Smriti Sangsad (NSS),1922,"Sweden Palace (1st Floor), Pallabi R/A, Amtoli, Barguna. Phone: 04452-56054 Fax: 0445256054",2004-04-19,2019-04-19,2029-04-18,Barguna,Bangladesh,"Cancelled on 25/07/2010, Revived on 07/11/2010",Bangladesh NGO Affairs Bureau - Local NGO List (up to 19 August 2026)
Neda Society,2946,"Digapatia, Natore Phone: 01711-446866",2015-07-30,2020-07-30,2030-07-30,Natore,Bangladesh,,Bangladesh NGO Affairs Bureau - Local NGO List (up to 19 August 2026)
Need for Life Society,2492,"18/Ka, PC Culture Housing Society (1st Fl.), Shamoli, Dhaka. Phone: 01711-625177",2009-10-13,2019-10-13,2029-10-13,Dhaka,Bangladesh,,Bangladesh NGO Affairs Bureau - Local NGO List (up to 19 August 2026)
Need Foundation,2727,"Tista Sadar, Lalmonirhat Phone: 01717-135400",2012-09-12,2017-09-12,2027-09-12,Lalmonirhat,Bangladesh,,Bangladesh NGO Affairs Bureau - Local NGO List (up to 19 August 2026)
Needy Industrious Welfar of Rural Association (NIRA),2927,"Mirzapur Sadar, Dinajpur Phone: 01557794012",2015-05-11,,2020-05-11,Dinajpur,Bangladesh,,Bangladesh NGO Affairs Bureau - Local NGO List (up to 19 August 2026)
Neer Seba Sangstha,3223,"101/H, Virob House, West Sultanganj, Rayer Bazar, Jigatola, Hazaribag, Dhaka",2019-10-29,,2029-10-29,Dhaka,Bangladesh,,Bangladesh NGO Affairs Bureau - Local NGO List (up to 19 August 2026)
Network for Elimination of Economic Disparity (NEED),2294,"17/6, Eskaton Garden (G. Floor), Dhaka. Phone: 9336022",2007-12-06,,2012-12-06,Dhaka,Bangladesh,,Bangladesh NGO Affairs Bureau - Local NGO List (up to 19 August 2026)
Network for Environment Opportunities & Training Initiatives-NEOTI,2070,"7/24a (1st floor), Pallabi, Mirpur, Dhaka-1216",2006-02-14,2011-02-14,2031-02-13,Dhaka,Bangladesh,Name Change on 06/01/26,Bangladesh NGO Affairs Bureau - Local NGO List (up to 19 August 2026)
"Network for Information, Response & Preparedness Activities on Disaster",2574,"Flat-2/A, 4/16, Humayun Road, Mohammadpur, Dhaka Phone: 8143729",2010-05-19,2020-05-19,2030-05-18,Dhaka,Bangladesh,,Bangladesh NGO Affairs Bureau - Local NGO List (up to 19 August 2026)
Network for Research and Training,1612,"57, Dhanmondi Road, 6A, Dhaka-1209",2001-01-17,2016-01-17,2026-01-17,Dhaka,Bangladesh,"Cancelled on 22/07/2010, Revived on 28/09/2011",Bangladesh NGO Affairs Bureau - Local NGO List (up to 19 August 2026)
Network for Universal Services and Rural Advancement,0987,"28, Metropolitan Housing Society, Babar Road, Block-F, Muhammadpur, Dhaka-1207. Phone: 9124264",1995-11-09,2015-11-09,2025-11-09,Dhaka,Bangladesh,,Bangladesh NGO Affairs Bureau - Local NGO List (up to 19 August 2026)
New Generation Humanitarian Organization,3007,"Ibrahinm Chember, 95 Motijheel, Dhaka Phone: 01612447777",2016-02-28,2021-02-28,2031-02-28,Dhaka,Bangladesh,,Bangladesh NGO Affairs Bureau - Local NGO List (up to 19 August 2026)
New Life Foundation of Bangladesh,0779,"Vill: Kurigram, PO: Ratanganj, Dist: Narail Phone: 0481-62933, Fax: 048162933",1993-12-02,2008-12-02,2013-12-02,Narail,Bangladesh,,Bangladesh NGO Affairs Bureau - Local NGO List (up to 19 August 2026)
News Network,0922,"House # 9, Road-5, Dhanmondi R/A, Dhaka-1205 Phone : 9660941, 9662012 www.newsnetwork-bd.org",1995-03-20,2020-05-20,2030-05-19,Dhaka,Bangladesh,,Bangladesh NGO Affairs Bureau - Local NGO List (up to 19 August 2026)
Newsun Economic Development & Organization.,2598,"Vill: Kalakandi, P.O: Abdullahpur, PS: Keraniganj, Dist: Dhaka. Phone: 01611-334664",2010-09-30,2020-09-30,2030-09-30,Dhaka,Bangladesh,,Bangladesh NGO Affairs Bureau - Local NGO List (up to 19 August 2026)
NGO Forum For Public Health,0476,"4/6, Block # E, Lalmatia, Dhaka-1207 Phone : 8154273, 8128258-9 www.ngof.org",1991-05-30,2021-05-30,2031-05-30,Dhaka,Bangladesh,,Bangladesh NGO Affairs Bureau - Local NGO List (up to 19 August 2026)
Nibedan Complex (NIC),3193,"Sreepur, Juktikhola Bazar, Sadar Dakkhin, Comilla, Mob: 01818612002",2019-03-05,,2029-03-05,Comilla,Bangladesh,,Bangladesh NGO Affairs Bureau - Local NGO List (up to 19 August 2026)
Nice Foundation,2407,"244, Keshoblal Road, South Pabla, Dowlatpur, Khulna. Phone: 01720-505701",2009-02-02,2019-02-02,2029-02-02,Khulna,Bangladesh,,Bangladesh NGO Affairs Bureau - Local NGO List (up to 19 August 2026)
Nice Social Welfare Organization (NSWO),2524,"Vill+P.O.- Badnikhali, Batagi, Barguna. Phone: 01719-830837",2009-12-27,2014-12-26,2019-12-27,Barguna,Bangladesh,,Bangladesh NGO Affairs Bureau - Local NGO List (up to 19 August 2026)
Niharika,2824,"Darus Salam (Gr. & 2nd Fl.), Easter Housing Project-1, Kallayanpur, Mirpur, Dhaka. Phone: 01737770775",2018-10-23,,2028-10-22,Dhaka,Bangladesh,,Bangladesh NGO Affairs Bureau - Local NGO List (up to 19 August 2026)
Nijera Kori,0066,"7/8, Block-C, Lalmatia, Dhaka-1207.\ Phone: 8114507, Fax: 9133476",1981-04-22,2020-05-15,2030-05-15,Dhaka,Bangladesh,,Bangladesh NGO Affairs Bureau - Local NGO List (up to 19 August 2026)
Nijera Shikhi,0755,"House-9/D, Road-1, Block-B, Pisciculture Housing Society, Sherkhertek, Adabar, Dhaka-1207 Phone: 9122010, Fax: 8117804 www.nijerashikhi.org.uk",1993-10-06,2018-10-06,2028-10-06,Dhaka,Bangladesh,,Bangladesh NGO Affairs Bureau - Local NGO List (up to 19 August 2026)
Nijpath,1660,"Pabna Road, Ishwardi, Pabna",2001-09-06,2006-09-06,2011-09-06,Pabna,Bangladesh,,Bangladesh NGO Affairs Bureau - Local NGO List (up to 19 August 2026)
Nikunja Basti Unnayan Shangstha,2712,"Alu Patty, Boalia Thana More, Ghoramara, Rajshahi 0721-771222",2012-06-21,2017-06-21,2027-06-21,Rajshahi,Bangladesh,,Bangladesh NGO Affairs Bureau - Local NGO List (up to 19 August 2026)
Nilfa Advancement Foundation,3033,"Vill+Post: Nilfa, Upazilla: Tungipara, Gopalganj Phone: 01819448348",2016-09-04,2021-09-04,2031-09-03,Gopalganj,Bangladesh,,Bangladesh NGO Affairs Bureau - Local NGO List (up to 19 August 2026)
Nilufa Old Care and Service,3156,"Shibganj, Chapainababganj Phone: 01712123012",2018-06-25,2018-06-25,2028-06-25,Chapainababgan j,Bangladesh,,Bangladesh NGO Affairs Bureau - Local NGO List (up to 19 August 2026)
Nirapad Sarak Chai,2978,"70, Kakrail, Dhaka Phone: 8316352",2015-11-01,2020-11-01,2030-11-01,Dhaka,Bangladesh,,Bangladesh NGO Affairs Bureau - Local NGO List (up to 19 August 2026)
Nirapoth Bangladesh Songstha,3067,"Vill: Sundarbon, Post: Ramdubihat, Sadar, Dinajpur Phone: 01726007343",2017-01-01,2022-01-01,2031-12-31,Dinajpur,Bangladesh,,Bangladesh NGO Affairs Bureau - Local NGO List (up to 19 August 2026)
Nirmol Foundation,2736,"33 Sadarghat Road, PS: Double Moring, Chattogram. Phone: 2852101",2012-10-14,,2017-10-14,Chattogram,Bangladesh,,Bangladesh NGO Affairs Bureau - Local NGO List (up to 19 August 2026)
Nishaw Shahayak Sangstha,2689,"Diganto-15, Electric Supply Road, Embershana, Sylhet Phone: 0821711255, 01912703813",2012-04-08,2017-04-08,2027-04-08,Sylhet,Bangladesh,,Bangladesh NGO Affairs Bureau - Local NGO List (up to 19 August 2026)
Nishkriti,0511,"129, Jamal Khan Bi-Lane, Chattogram, Phone : 636118",1991-08-03,2016-08-03,2026-08-03,Chattogram,Bangladesh,,Bangladesh NGO Affairs Bureau - Local NGO List (up to 19 August 2026)
Niskrity Dhaka,1939,"House-24, Road-11, Rajuk Project (DIT Jone), Merul Badda, Dhaka-1211. Phone: 9897321",2004-06-19,,2009-06-19,Dhaka,Bangladesh,,Bangladesh NGO Affairs Bureau - Local NGO List (up to 19 August 2026)
Niskrity Foundation,1040,"Padma R/A, Road-1, House-569, Rajshah-6207 Phone: 0721-861327",1996-05-26,2011-05-26,2016-05-26,Rajshahi,Bangladesh,,Bangladesh NGO Affairs Bureau - Local NGO List (up to 19 August 2026)
Nizam-Hasina Foundation,3456,"Ukil Para, Bhola Sadar, Bhola Phone: 01761836777 email: nhfh1234@gmail.com",2025-05-12,,2035-05-11,Bhola,Bangladesh,,Bangladesh NGO Affairs Bureau - Local NGO List (up to 19 August 2026)
Noagaon Human Rights Development Association (NHRDA),1372,"Ukilpara, Noagaon",1999-04-20,2004-04-20,2009-04-20,Naogaon,Bangladesh,,Bangladesh NGO Affairs Bureau - Local NGO List (up to 19 August 2026)
Noakhali Poribesh Unnyan Songstha (NEDS),3584,"Vill:goarpur,Post:BanderHat,PS: Sadar, Dist: Noakhali. Phone: 01948296411 email: nedsbd.org@gmail.com",2026-02-23,,2036-02-22,Noakhal,Bangladesh,,Bangladesh NGO Affairs Bureau - Local NGO List (up to 19 August 2026)
Noakhali Rural Action Society (N-RAS),0901,"House-10, Road-05, Maijdee Housing Estate, Nookhali-38000. Phone: 0321-81387",1995-02-14,2020-02-14,2030-02-14,Noakhali,Bangladesh,,Bangladesh NGO Affairs Bureau - Local NGO List (up to 19 August 2026)
Noakhali Rural Development Society (NRDS),1029,"House-01, Road-35, Maijdee Housing Estate, Noakhali-3800 Phone: 0321-61016, Fax: 0321-61829 www.nrdsbd.org",1996-04-18,2021-04-18,2031-04-18,Noakhali,Bangladesh,,Bangladesh NGO Affairs Bureau - Local NGO List (up to 19 August 2026)
Nobadiganta Mohila Sangsta,2010,"Jame Masjid Lane, Lohapatti, Jessore. Phone: 0421-64537",2005-02-16,2021-02-16,2031-02-15,Jessore,Bangladesh,,Bangladesh NGO Affairs Bureau - Local NGO List (up to 19 August 2026)
Nobo Diganta Sangstha,3468,"Mukundapur, Akhrakhola, Satkhira Sadar, Satkhira Phone: 01712871883 email: nobodiganta@gmail.com",2025-06-02,,2035-06-01,Khulna,Bangladesh,,Bangladesh NGO Affairs Bureau - Local NGO List (up to 19 August 2026)
Nobo Jibon,2365,"Nobo Jibon Centre, Polashpol, Sathkhira Phone: 0471-65065",2008-06-05,2018-06-05,2028-06-05,Sathkhira,Bangladesh,,Bangladesh NGO Affairs Bureau - Local NGO List (up to 19 August 2026)
Noboprobhaat Foundation,3591,"House: Nikontho Nibash (3rd Floor), Guptopara, PO: Rangpur Sadar, Dist: Rangpur-5400 Phone: 01717642646 email: contact@noboprobhaat.org",2026-04-05,,2036-04-04,Rangpur,Bangladesh,,Bangladesh NGO Affairs Bureau - Local NGO List (up to 19 August 2026)
Nokshi Bangla Foundation,3524,"1st Floor, Abdul Khalik Mansion, Mendibag Point, Sylhet Sadar, Sylhet-3100 Phone: 01714756642 email:",2025-11-10,,2035-11-09,Sylhet,Bangladesh,,Bangladesh NGO Affairs Bureau - Local NGO List (up to 19 August 2026)
Nomuna Nari & Sishu Kallan Foundation,3437,"oVfiflilc:e@Dunrogkasphuibr,aUnpgalazfiolluan:daStihoanr.schoa, Dist: Jessore Phone: 01927892394 email: nwacwf2016@gmail.com",2025-04-28,,2035-04-27,Jessore,Bangladesh,,Bangladesh NGO Affairs Bureau - Local NGO List (up to 19 August 2026)
Nongor,2803,"West Laherpara Nearest of Uttaran Housing Kalatoli by pass road, Coxbazar Phone: 01818-510651",2013-07-30,2018-07-30,2028-07-30,Cox'sBazar,Bangladesh,,Bangladesh NGO Affairs Bureau - Local NGO List (up to 19 August 2026)
North Bengal Rural Development Sangstha,1837,"Nagessari, PO- Nagessari, PS-Nagessari, Dist. Kurigram",2003-06-05,2008-06-05,2013-06-05,Kurigram,Bangladesh,,Bangladesh NGO Affairs Bureau - Local NGO List (up to 19 August 2026)
North Bengal Rural Development Society,2950,"Masterpara, Sugermill Road, Dist: Joypurhat Phone: 01712-569462",2015-07-30,,2020-07-30,Joypurhat,Bangladesh,,Bangladesh NGO Affairs Bureau - Local NGO List (up to 19 August 2026)
Northern Development Foundation,0329,"West Shibrampur, UZ: Sadar, PO Box-14, Dinajpur Phone: 0531-64729",1989-11-22,2019-11-22,2029-11-22,Dinajpur,Bangladesh,,Bangladesh NGO Affairs Bureau - Local NGO List (up to 19 August 2026)
Northern Development Society (NDS),2314,"Carghat Bazar, Carghat, Rajshahi. Phone: 01712-255072",2008-03-05,,2013-03-05,Rajshahi,Bangladesh,,Bangladesh NGO Affairs Bureau - Local NGO List (up to 19 August 2026)
Northern Rural Development Programme (NRDP),1652,"Village: Koikuri, P.O: Matinpur, Thana: Pirganj, Rangpur.",2001-07-05,,2006-07-05,Rangpur,Bangladesh,,Bangladesh NGO Affairs Bureau - Local NGO List (up to 19 August 2026)
Novel Institute for Rural Reforms,1874,"House-157, Road-2/1, Block-A, Section-12, Mirpur, Dhaka. Phone: 8018331, Fax: 9009124 www.nirrbd.org",2003-09-17,2013-09-17,2018-09-17,Dhaka,Bangladesh,,Bangladesh NGO Affairs Bureau - Local NGO List (up to 19 August 2026)
Nowabenki Gonomukhi Foundation,2450,"Nowabenki Shyamnagar, Satkhira Phone: 01711-218197",2009-06-02,2019-06-02,2029-06-02,Sathkhira,Bangladesh,,Bangladesh NGO Affairs Bureau - Local NGO List (up to 19 August 2026)
Nowzuwan,1742,"House-62, Road-03, Block-B, Chandgaon R/A, Chattogram. Phone: 671360, 01711-329805, 01713-194351 www.nowzuwan.org",2002-10-03,2017-10-03,2027-10-03,Chattogram,Bangladesh,,Bangladesh NGO Affairs Bureau - Local NGO List (up to 19 August 2026)
NRDA Foundation,3592,"Goberchapa Hat, Vill: Chakbeni, Post: Jabaripur Hat, UP: Badalgachi, Dist: Naogaon Phone: email:",2026-04-08,,2036-04-07,Naogaon,Bangladesh,,Bangladesh NGO Affairs Bureau - Local NGO List (up to 19 August 2026)
NURTURE,2490,"Nrnudratu1r2e3 Cfohuanrditaatbiolen @Digsmpeanils.caorym Road, Phool Chowdhury Para, Ward-26, North Halishar, Chattogram.",2009-10-08,2014-10-08,2019-10-08,Chattogram,Bangladesh,,Bangladesh NGO Affairs Bureau - Local NGO List (up to 19 August 2026)
Nurul Islam Jubo Unnyan Society (NIJUS),2430,"Station Road, South of Shahi Mosque, Rangpur. Phone: 0521-66080, 01716-288373",2009-04-28,2019-04-28,2029-04-27,Rangpur,Bangladesh,,Bangladesh NGO Affairs Bureau - Local NGO List (up to 19 August 2026)
Nutan Samaj Gari,1311,"Dariabad, Islampur, Jamalpur",1998-11-15,2018-11-15,2028-11-15,Jamalpur,Bangladesh,"Cancelled on 25/07/2010, Revived on 18/04/2013",Bangladesh NGO Affairs Bureau - Local NGO List (up to 19 August 2026)
Oasis for Posterity (OfP),3129,"Balagram, Jaldhaka, Nilphamari",2018-01-04,,2028-01-04,Nilphamari,Bangladesh,,Bangladesh NGO Affairs Bureau - Local NGO List (up to 19 August 2026)
Obat Helpers,2975,"House-32/4, Sher Shah Suri Road, Mohammadpur, Dhaka Phone: 01819-329146",2015-10-21,2020-10-21,2030-10-20,Dhaka,Bangladesh,,Bangladesh NGO Affairs Bureau - Local NGO List (up to 19 August 2026)
Obayab Human Development Center,2351,"Village: Ekarkuri, Post: Sandahar, Upazila+Dist.: Nowgaon.",2008-05-11,,2013-05-11,Naogaon,Bangladesh,,Bangladesh NGO Affairs Bureau - Local NGO List (up to 19 August 2026)
Obhizatrik Foundation,3301,"House-9, Road-S-1, Block-F, Mirpur-11.5, Eastern Housing, Pallabi-1st Porba, Dhaka. Phone: 01701666301, 01701666306",2022-07-04,,2032-07-03,Dhaka,Bangladesh,,Bangladesh NGO Affairs Bureau - Local NGO List (up to 19 August 2026)
Obhoyaronno Bangladesh Animal Welfare Foundation,3474,"DNCC Market, Mohakhali, Dhaka. Phone: 01718643497 email: obhoyaronnobangladesh@gmail.co m",2025-06-03,,2035-06-02,Dhaka,Bangladesh,,Bangladesh NGO Affairs Bureau - Local NGO List (up to 19 August 2026)
Ocab Society,2475,"Rokeya Mansion (9th Floor), 36, Purana Paltan Lane, Dhaka. Phone: 8363076 www.ocabsociety.org",2009-08-17,2019-08-17,2029-08-17,Dhaka,Bangladesh,,Bangladesh NGO Affairs Bureau - Local NGO List (up to 19 August 2026)
ODHIKAR,0924,"House # 35 (3rd Floor), Road-117, Gulshan, Dhaka-1212 Phone : 9888587 www.odhikar.org",1995-03-25,2015-03-25,2025-03-24,Dhaka,Bangladesh,,Bangladesh NGO Affairs Bureau - Local NGO List (up to 19 August 2026)
Oggro,3003,"House-60(2nd Floor), Gaosul Azam Avenue, Sector-13, Uttara, Dhaka. Phone: 01911777283",2016-02-08,2021-02-08,2031-02-07,Dhaka,Bangladesh,,Bangladesh NGO Affairs Bureau - Local NGO List (up to 19 August 2026)
One Degree Initiative Foundation,2938,"87/1, East Testuri Bazar, Tejgaon, Dhaka Phone: 9676375",2015-06-14,,2020-06-14,Dhaka,Bangladesh,,Bangladesh NGO Affairs Bureau - Local NGO List (up to 19 August 2026)
Onneyshan,2297,"House-18, Road-01, Block-B, Section-06, Mirpur, Dhaka-1216 Phone: 9553525",2007-12-30,2017-12-31,2027-12-31,Dhaka,Bangladesh,,Bangladesh NGO Affairs Bureau - Local NGO List (up to 19 August 2026)
OPAL Resources,1987,"Mehendipur Bazar, Bawful, Patuakhali. Phone: 01715-188650",2004-12-19,2019-12-19,2029-12-19,Patuakhali,Bangladesh,"Cancelled on 27/06/2010, Revived on 01/01/2013",Bangladesh NGO Affairs Bureau - Local NGO List (up to 19 August 2026)
OPCA (Organization for the Poor Community Advancement,1850,"Choytannar Hat, Mostan Nagar, Mirsharai, Chattogram Phone: 01819-617560 www.opcabd.org",2003-06-30,2018-06-30,2028-06-30,Chattogram,Bangladesh,,Bangladesh NGO Affairs Bureau - Local NGO List (up to 19 August 2026)
Operation Generation,1983,"House-12, Road-4, Sector-7, Uttara, Dhaka-1230. Phone: 8963430, 8920756",2004-11-09,2019-11-09,2029-11-09,Dhaka,Bangladesh,,Bangladesh NGO Affairs Bureau - Local NGO List (up to 19 August 2026)
ORG Foundation Bangladesh,2989,"3/1, Lalmatia, Block-F, Dhaka Phone: 01933-320000",2015-11-17,,2020-11-17,Dhaka,Bangladesh,,Bangladesh NGO Affairs Bureau - Local NGO List (up to 19 August 2026)
Organisation For Rural and Nature Oriented Bangladesh (ORNOB),1405,"House-13, Road-31, Sector-07, Uttara, Dhaka. Phone: 01711-561113 www.ornob.net",1999-08-04,2009-08-04,2014-08-04,Dhaka,Bangladesh,"Cancelled on 29/07/2010, Revived on 03/09/2012",Bangladesh NGO Affairs Bureau - Local NGO List (up to 19 August 2026)
Organisation for Social Advancement & Cultural Activities (OSACA),0935,"Chak Ramanondopur, gochhpara, Pabna-6600 Phone: 0173-65918",1995-05-25,2020-05-25,2030-05-25,Dhaka,Bangladesh,,Bangladesh NGO Affairs Bureau - Local NGO List (up to 19 August 2026)
Organisation for Social Development and Research (OSDER),0764,"9A Jahan Vila (2nd floor), Road-15(New), Dhanmondi R/A, Dhaka Phone : 9134258 www.osder.net",1993-11-04,2008-11-04,2013-11-04,Dhaka,Bangladesh,,Bangladesh NGO Affairs Bureau - Local NGO List (up to 19 August 2026)
Organisation for Women & Children Advancement (OWCA),1120,"Room # 29, B.S.Nahar Building, Strand Road, Chattogram. Phone: 01711-812096",1997-01-01,2013-01-01,2018-01-01,Chattogram,Bangladesh,,Bangladesh NGO Affairs Bureau - Local NGO List (up to 19 August 2026)
Organisation for Women Development in Bangladesh,1631,"Abdus Salam R/A, Salam Building, Shahid Para, Chandgaon, Chattogram. Phone: 01711171060 www.owdeb.org",2001-04-17,2021-04-17,2031-04-16,Chattogram,Bangladesh,,Bangladesh NGO Affairs Bureau - Local NGO List (up to 19 August 2026)
Organisation of Development Prog. for the Underprivileged (ODPUP),1626,"Cha-89/2/1, Thana Road, North Badda, Dhaka. Phone : 9883470",2001-04-04,2006-04-04,2011-04-04,Dhaka,Bangladesh,,Bangladesh NGO Affairs Bureau - Local NGO List (up to 19 August 2026)
"Organization for Agricultural, Social & Intellectual Salvation-Nilpahamri (Oasis Nilphamari)",3101,"Vill: Ambari, PO: Gomdghi, Domar, Nilpahmari Phone: 01720993153",2017-11-01,,2027-11-01,Nilphamari,Bangladesh,,Bangladesh NGO Affairs Bureau - Local NGO List (up to 19 August 2026)
Organization for Defending the Disable (DDO),2340,"Village: Chandni, Post: Vojesswar, Upazila: Naria, Dist.: Shariatpur. Phone: 01717-383433",2008-04-21,2018-04-21,2028-04-21,Shariatpur,Bangladesh,,Bangladesh NGO Affairs Bureau - Local NGO List (up to 19 August 2026)
Organization for Inclusive Development (OID),1547,"House-141, Road-10, South Bishil, Mirpur-1, Dhaka-1216",2000-07-11,2025-07-11,2035-07-10,Dhaka,Bangladesh,Name Change On 06.06.2021,Bangladesh NGO Affairs Bureau - Local NGO List (up to 19 August 2026)
Organization for Rural Advancment (ORA),0828,"Gaminee Textile Road, Gaital, Kishoreganj Phone: 9129410",1994-05-09,2014-05-09,2019-05-09,Kishorganj,Bangladesh,,Bangladesh NGO Affairs Bureau - Local NGO List (up to 19 August 2026)
Organization for Rural Community Development-ORCD,2956,"Vill & PO: Dariapur, Upazila & Dist: Narail Phone: 01912-626902",2015-08-09,2020-08-09,2030-08-09,Narail,Bangladesh,,Bangladesh NGO Affairs Bureau - Local NGO List (up to 19 August 2026)
Organization for Socio Economic Activities,2664,"10/A, 120/dh,Purbo Maniknagar, Dhaka-1203 Phone: 8615228",2011-11-17,2016-11-17,2026-11-16,Dhaka,Bangladesh,,Bangladesh NGO Affairs Bureau - Local NGO List (up to 19 August 2026)
Organization for Socio Economic Cooperation,3034,"West World Shopping City, Zindabazar, Sylhet. Phone: 01711399904",2016-09-20,,2021-09-20,Sylhet,Bangladesh,,Bangladesh NGO Affairs Bureau - Local NGO List (up to 19 August 2026)
Organization for Total Advancement of Society,2513,"Par Bogra, Bogra Sadar, Bogra. Phone: 051-51557",2009-11-05,2019-11-05,2029-11-05,Bogra,Bangladesh,,Bangladesh NGO Affairs Bureau - Local NGO List (up to 19 August 2026)
Organization of Development Services for Distressed (ODSD),3472,"Dhanghora, Polashbari Road, Gaibandha Sadar, Gaibandha Phone: 01718738461 email: chiefexcutive@odsdbd.org",2025-06-03,,2035-06-02,Rangpur,Bangladesh,,Bangladesh NGO Affairs Bureau - Local NGO List (up to 19 August 2026)
Organization of Social Action for Human Development (ORSAHD),2186,"House-176, Road-08, Block-B, Chandgaon R/A, Chattogram-4212 Phone: 031-2572205, Fax: 031-610375 www.orsahd.org",2007-01-15,2012-01-15,2017-01-15,Chattogram,Bangladesh,,Bangladesh NGO Affairs Bureau - Local NGO List (up to 19 August 2026)
Oriental Foundation,2669,"Munshi Bari, Kalishpur, Dist: Khulna. Phone: 01711-030955",2012-01-30,2017-01-30,2022-01-30,Khulna,Bangladesh,,Bangladesh NGO Affairs Bureau - Local NGO List (up to 19 August 2026)
Orthanaitik O Manabik Unnayan Sangstha (OMUS),1741,"Abakash Purbadhala Road, Chotogara, Netrakona-2400 Phone: 01716-346617",2002-10-01,2012-10-01,2017-10-01,Netrakona,Bangladesh,,Bangladesh NGO Affairs Bureau - Local NGO List (up to 19 August 2026)
OSIECA (Organization for Integrated Socio-economic Advancement),3126,"Vill: +PS:Alamdanga, Dist: Chuadanga Tel: 01749594484",2017-12-27,,2027-12-27,Chuadanga,Bangladesh,,Bangladesh NGO Affairs Bureau - Local NGO List (up to 19 August 2026)
Our Vission for Welfare Service,2812,"5/8 Nurjahan Road, Mohammadpur, Dhaka. Phone: 01711-564561",2013-08-29,2018-08-29,2028-08-29,Dhaka,Bangladesh,,Bangladesh NGO Affairs Bureau - Local NGO List (up to 19 August 2026)
Ovibashi Karmi Unnayan Program (OKUP),2343,"542 Miidha Plaza (2nd Fl.) South Dania, Dhaka. Phone: 01819-224308, 773300 Fax: 7553737 www.okup.org.bd",2008-04-24,2018-04-24,2028-04-24,Dhaka,Bangladesh,,Bangladesh NGO Affairs Bureau - Local NGO List (up to 19 August 2026)
Own Village Advancement(OVA),0192,"Khordasaptana Road, Lalmonirhat Sadar, Lalmonirhat Phone: 01716790084 email: mdabdulmjid998@gmail.com",1985-11-20,2020-11-20,2030-11-19,Lalmonirhat,Bangladesh,,Bangladesh NGO Affairs Bureau - Local NGO List (up to 19 August 2026)
Pabna Protishruti,0915,"House-A/5, Block-J, Radanagar, Pabna Phone: 0731-66199",1995-02-26,2020-02-26,2030-02-26,Pabna,Bangladesh,,Bangladesh NGO Affairs Bureau - Local NGO List (up to 19 August 2026)
Padakhep Manabik Unnayan Kendra,0731,"House-548, Road-10, Baitul Aman Housing Society, Adabor, Mohammadpur, Dhaka, Phone : 8151125-6 www.padakhep.org",1993-07-07,2018-07-07,2028-07-07,Dhaka,Bangladesh,,Bangladesh NGO Affairs Bureau - Local NGO List (up to 19 August 2026)
Padma Development Foundation,3093,"House-779, Bejpara Piary Mohon Road, Sadar, Jessore",2017-10-29,,2027-10-29,Jessore,Bangladesh,,Bangladesh NGO Affairs Bureau - Local NGO List (up to 19 August 2026)
Padua Development Foundation (PDF),2260,"House-51(1st Floor), Road-10A, Dhanmondi, Dhaka-1209",2007-08-08,,2012-08-08,Dhaka,Bangladesh,,Bangladesh NGO Affairs Bureau - Local NGO List (up to 19 August 2026)
Page Development Centre,3219,"67/58, Naha Plaza, Nazrul Avenue, Kandirpar, Comilla, Tel: 081-77093, 76323",2019-09-16,,2029-09-16,Comilla,Bangladesh,,Bangladesh NGO Affairs Bureau - Local NGO List (up to 19 August 2026)
Pairabond Adorsho Mohila Unnayan Samity,2821,"Village: Khorda Muradpur, PO: Begum Rokeya Smrity, PS: Mithapukur, Dist: Rangpur. Phone: 0390331545018",2013-10-03,2018-10-03,2028-10-03,Rangpur,Bangladesh,,Bangladesh NGO Affairs Bureau - Local NGO List (up to 19 August 2026)
Palashipara Samaj Kalyan Samity,0157,"Banshbaria, PO: Gangni, Upazilla: Gangni, Dist: Meherpur Phone: 07922-75046, Fax: 07922-75377 www.psks-gm.org",1984-04-18,2020-05-15,2030-05-15,Meherpur,Bangladesh,,Bangladesh NGO Affairs Bureau - Local NGO List (up to 19 August 2026)
Palbar Ling Center Shishu Sadan,3358,"Belichari Bazar, Belichari, Rangamati Phone: 01862040617 www.palbarbdgmail.com",2023-06-04,,2033-06-03,Rangamati,Bangladesh,,Bangladesh NGO Affairs Bureau - Local NGO List (up to 19 August 2026)
Palli Bandhu Unnayan Sangstha,2878,"Vill: Baliarpur, PO: Nagorkonda, Saver, Dhaka Phone: 01713-147379",2014-08-14,2019-08-14,2029-08-14,Dhaka,Bangladesh,,Bangladesh NGO Affairs Bureau - Local NGO List (up to 19 August 2026)
Palli Bangla Unnayan Shahjugita Sangstha,3019,"3/3B 1st Floor, Soleman Plaza, Purana Paltan, Dhaka Phone: 01672244555",2016-03-15,2021-03-15,2031-03-14,Dhaka,Bangladesh,,Bangladesh NGO Affairs Bureau - Local NGO List (up to 19 August 2026)
Palli Baoul Samaj Unnayan Sangstha,2060,"23/A, Dilu Road, New Eskaton, Moghbazar, Dhaka. Phone: 01711-316276 www.pallybaulfolk.org",2006-01-24,2016-01-24,2026-01-24,Dhaka,Bangladesh,,Bangladesh NGO Affairs Bureau - Local NGO List (up to 19 August 2026)
Palli Bikash Kendra (PBK),0544,"22/C Asad Avenue, Block # E, Mohammadpur, Dhaka Phone : 9132389, Fax: 9112336 www.pbk-bd.org",1991-10-23,2016-10-23,2026-10-23,Dhaka,Bangladesh,,Bangladesh NGO Affairs Bureau - Local NGO List (up to 19 August 2026)
Palli Chetana,2905,"Vill: Jordia, PO: Bangdah, Upazilla: Satkhira, Dist: Satkhira. Phone: 01711-3091148",2014-11-13,2019-11-13,2029-11-14,Sathkhira,Bangladesh,,Bangladesh NGO Affairs Bureau - Local NGO List (up to 19 August 2026)
Palli Gono Unnayan Kendra,0333,"Vill+P.O: Padrishibpur, Bakerganj, Barisal Phone: 09431-51118",1990-01-03,2020-01-03,2030-01-02,Barisal,Bangladesh,,Bangladesh NGO Affairs Bureau - Local NGO List (up to 19 August 2026)
Palli Kallayan Shikha Society (PKSS),2762,"Singra-6450, Natore",2013-01-21,2018-01-21,2028-01-21,Natore,Bangladesh,,Bangladesh NGO Affairs Bureau - Local NGO List (up to 19 August 2026)
Palli Mahila Unnayan Sangstha (PMUS),2317,"107, Abul Basar Road, Miapara, Gopalganj. Phone: 01717-232000",2008-03-11,2018-03-11,2028-03-11,Gopalganj,Bangladesh,,Bangladesh NGO Affairs Bureau - Local NGO List (up to 19 August 2026)
Palli Manab Kayllan Foundation,2353,"South Borahargi, Post.: Borahargi, Upazila: Mothbaria, Dist.: Pirojpur Phone: 01721-365737",2008-05-11,2018-05-11,2028-05-11,Pirojpur,Bangladesh,,Bangladesh NGO Affairs Bureau - Local NGO List (up to 19 August 2026)
Palli Mitali,1785,"Munjidpur, Satkhira",2003-01-12,,2008-01-12,Sathkhira,Bangladesh,,Bangladesh NGO Affairs Bureau - Local NGO List (up to 19 August 2026)
Palli Mongal Karmosuchi,0709,"Jirabo Asulia, Savar, Dhaka. Phone: 7791448, Fax: 7791448",1993-05-27,2018-05-27,2028-05-27,Dhaka,Bangladesh,,Bangladesh NGO Affairs Bureau - Local NGO List (up to 19 August 2026)
Palli Nari Unnayan Sangstha,2627,"Liton Lodge (1st Floor), Mollabari Sarak, Goalchamot, Faridpur Phone: 0631-66657",2011-03-14,2016-03-14,2021-03-14,Faridpur,Bangladesh,,Bangladesh NGO Affairs Bureau - Local NGO List (up to 19 August 2026)
Palli Progoti Shahayak Samity,0150,"Komarpur, Faridpur Phone: 0631-64304 www.ppssbd.org",1983-07-06,2018-08-10,2028-08-10,Faridpur,Bangladesh,,Bangladesh NGO Affairs Bureau - Local NGO List (up to 19 August 2026)
Palli Rakkha Sangstha (PARAS),0894,"Vill. & P.O. Anachaki, Thana: Belkuchi, Sirajganj-6700 Phone: 01711-887678",1995-02-08,2020-02-08,2030-02-07,Sirajganj,Bangladesh,,Bangladesh NGO Affairs Bureau - Local NGO List (up to 19 August 2026)
Palli Renesa Songstha,2074,"Vill: Beertola, Muradnagar Road, Eliotganj Bazar, Daudkandi, Comilla. Phone: 01817029526",2006-03-01,2021-03-01,2031-02-28,Comilla,Bangladesh,,Bangladesh NGO Affairs Bureau - Local NGO List (up to 19 August 2026)
Palli Samaj Unnayn Kendra,1427,"Vill: Nalta Town, P.O: Nalta Mobarok Nagar, Thana: Kaliganj, Satkhira. Phone: 0471-2172",1999-09-19,2014-09-19,2024-09-19,Sathkhira,Bangladesh,,Bangladesh NGO Affairs Bureau - Local NGO List (up to 19 August 2026)
Palli Sampad Samannaya Kendra,0714,"Vill: Khalisa Barajan (Sakuddighi), P.O. Duhuli, Thana Kaliganj, Lalmonirhat Phone: 01713-731289",1993-06-06,2013-06-06,2018-06-06,Lalmonirhat,Bangladesh,,Bangladesh NGO Affairs Bureau - Local NGO List (up to 19 August 2026)
Palli Seba Sangha (PSS),0899,"PO & UZ: Dumki, dist: Patuakhali",1995-02-09,2020-02-09,2030-02-08,Patuakhali,Bangladesh,,Bangladesh NGO Affairs Bureau - Local NGO List (up to 19 August 2026)
Palli Shahajogi Bishayak Sangstha (ARCO),1443,"Vill+Post: Boalia, Upazila+Dist.: Noagaon Phone: 0741-61318",1999-11-08,2019-11-08,2029-11-08,Naogaon,Bangladesh,,Bangladesh NGO Affairs Bureau - Local NGO List (up to 19 August 2026)
Palli Sheba Sangstha,2928,"Vill: Shambupur, PO: Khalerhat, PS: Tajamuddin, Dist: Bhola. Phone: 01713-460971",2015-05-11,2020-05-11,2030-05-11,Bhola,Bangladesh,,Bangladesh NGO Affairs Bureau - Local NGO List (up to 19 August 2026)
Palli Shishu Foundation,0011,"House # 6/A, Barabagh, Section # 2, Mirpur, Dhaka-1216 Phone : 8013628, Fax: 8033191 www.pallishu.org",1981-04-22,2024-07-08,2034-07-07,Dhaka,Bangladesh,"Cancelled on 26/05/2010, Revived on 31/07/2011",Bangladesh NGO Affairs Bureau - Local NGO List (up to 19 August 2026)
Palli Shomaj Sheba Proshikhon Kendra,3118,"63, Dayagonj, Jatrabari, Dhaka Tel: 01711232350",2017-12-14,,2027-12-14,Dhaka,Bangladesh,,Bangladesh NGO Affairs Bureau - Local NGO List (up to 19 August 2026)
Palli Sree,0469,"Vill. Balubari, P.O. Dinajpur, Dinajpur Phone : 0531-65917 www.pollisree.org",1991-05-18,2021-05-18,2031-05-18,Dinajpur,Bangladesh,,Bangladesh NGO Affairs Bureau - Local NGO List (up to 19 August 2026)
Palli Unnayan Andolon,0314,"Vill: Faridpangashi, PO: Sreefaltala, Shahzadpur, Sirajganj Phone: 01712-355617",1989-08-02,2019-08-02,2029-08-02,Sirajganj,Bangladesh,,Bangladesh NGO Affairs Bureau - Local NGO List (up to 19 August 2026)
Palli Unnayan Parishad (PUP),2387,"Vill+Post: Alisshar, Upazila: Comilla Sadar Dakkhin (Puratan Laksam), Dist.: Comilla Phone: 01711-867872",2008-09-10,2018-09-10,2028-09-10,Comilla,Bangladesh,,Bangladesh NGO Affairs Bureau - Local NGO List (up to 19 August 2026)
Palli Unnayan Samajseba Sangstha (PUSS),1977,"386/1, West Bramond, Upazila Parishad Road, Narisingdi Phone: 0628-93952",2004-10-27,2014-10-27,2019-10-27,Narsingdhi,Bangladesh,,Bangladesh NGO Affairs Bureau - Local NGO List (up to 19 August 2026)
Palli Unnayan Samity,0603,"Vill. Harinafulia, 20 No. Ward, Sadar, Barisal Phone: 01718-503005",1992-09-12,2017-03-12,2027-03-12,Barisal,Bangladesh,"Cancelled on 26/07/2010, Revived on 10/06/2012",Bangladesh NGO Affairs Bureau - Local NGO List (up to 19 August 2026)
Palli Unnayan Sangathan,2054,"Vill+Post: Chaktibari, Radhagong, Upazilla: Kotalipara, Dist. Gopalgong.",2006-01-01,,2011-01-01,Gopalganj,Bangladesh,,Bangladesh NGO Affairs Bureau - Local NGO List (up to 19 August 2026)
Palli Unnayan Sangha,0273,"Vill. Durgapur, Nimshar, Comilla",1988-11-15,2018-11-15,2028-11-15,Comilla,Bangladesh,,Bangladesh NGO Affairs Bureau - Local NGO List (up to 19 August 2026)
Pallibadhu Kallayan Sangtha (PBKS),2224,"Vill.: Khamarpirgacha, Post: Bishnapur, Dist.: Gaibandha. Phone: 01711-830689",2007-04-16,,2012-04-16,Gaibandha,Bangladesh,,Bangladesh NGO Affairs Bureau - Local NGO List (up to 19 August 2026)
Pally Advancement & Disaster Management Association (PADMA),2943,"Birgaon Bazar, Sunamganj Phone: 01712-330109",2015-07-28,2020-07-28,2030-07-27,Sunamganj,Bangladesh,,Bangladesh NGO Affairs Bureau - Local NGO List (up to 19 August 2026)
Pally Daridra Kallyan Sangstha,2846,"Village: Nurbagh, Post: Nawapara, Dist: Jessore Phone: 01711-350610",2014-01-30,2019-01-30,2029-01-30,Jessore,Bangladesh,,Bangladesh NGO Affairs Bureau - Local NGO List (up to 19 August 2026)
Pally Sahitya Sangstha (PASS),1944,"Vill- Pramanik Para, Post & Upazilla- Boda, Dist- Panchaghar. Phone: 01724-679724",2004-07-08,2014-07-08,2019-07-08,Panchagar,Bangladesh,"Cancelled on 26/05/2010, Revived on 26/08/2012",Bangladesh NGO Affairs Bureau - Local NGO List (up to 19 August 2026)
Pally Unnayan Kendra Gaibandha,2250,"Vill: Dariapur, Post: Dariapur, Upazilla+Dist.: Gaibandha",2007-07-04,,2012-07-04,Gaibandha,Bangladesh,,Bangladesh NGO Affairs Bureau - Local NGO List (up to 19 August 2026)
Palok,1653,"House-42, G.K. Compound, Thanapara, Kustia Phone: 071-62131 www.palokbangladesh.org",2001-07-03,2011-07-31,2016-07-31,Kustia,Bangladesh,,Bangladesh NGO Affairs Bureau - Local NGO List (up to 19 August 2026)
Paradise,1592,"Naldanga Road, PO: Naldanga-7350, UZ: Kaliganj, Dist: Jhenidah. Phone: 01711-156996",2000-12-06,2020-12-06,2030-12-06,Jhenaidah,Bangladesh,,Bangladesh NGO Affairs Bureau - Local NGO List (up to 19 August 2026)
Parbat Manab Unnayan O Shahajhakari Sangstha.,2190,"New Court Road, Post: Rangamati, Upazila: Kowtawali, Dist. Rangamati. Phone: 0351-63061 www.pahra_cht.org",2007-01-18,2012-01-18,2017-01-18,Rangamati,Bangladesh,,Bangladesh NGO Affairs Bureau - Local NGO List (up to 19 August 2026)
Parbattya Jumia Punarbashan O Paribesh Sangrakhan Sangstha,1587,"College para, Khagrachari Sadar, Khagrachari",2000-11-28,2010-11-28,2015-11-27,Khagrachari,Bangladesh,,Bangladesh NGO Affairs Bureau - Local NGO List (up to 19 August 2026)
Parbatya Bouddha Mission,0997,"Pilotpara, Kamalchari, Sadar, Khagrachari. Phone: 0371-61488, Fax: 0371-61841 www.chtpbm.org",1996-01-09,2016-01-09,2026-01-09,Khagrachari,Bangladesh,,Bangladesh NGO Affairs Bureau - Local NGO List (up to 19 August 2026)
Pari Development Trust,1797,"Elite House, 24 Bagmara Road, Block-A (4th Fl.), Mymensingh Phone: 091-67548",2003-02-18,2018-02-18,2028-02-18,Mymensingh,Bangladesh,,Bangladesh NGO Affairs Bureau - Local NGO List (up to 19 August 2026)
Paribar Kallyan Samity,1196,"Chanchra Dal Mill, Benapole Road, Jessore Phone: 0421-68665 www.pks-bd.org",1997-10-02,2017-10-02,2027-10-01,Jessore,Bangladesh,,Bangladesh NGO Affairs Bureau - Local NGO List (up to 19 August 2026)
Paribarik Aey Unnayan Mohila Sangstha,2729,"Vill: Taluk Barinagor (Bogra Para), PO: Mehernagor, Kaligonj, Lalmonirhat. Phone: 01720-660163",2012-09-12,2017-09-12,2027-09-12,Lalmonirhat,Bangladesh,,Bangladesh NGO Affairs Bureau - Local NGO List (up to 19 August 2026)
Paribartan,0798,"P.O. Tarash, P.S. Tarash, Dist. Sirajganj Phone: 01716-187392, 07528-56283",1994-01-25,2019-01-25,2029-01-25,Sirajganj,Bangladesh,,Bangladesh NGO Affairs Bureau - Local NGO List (up to 19 August 2026)
Pariber O Shishu Kallayan Kendra,0949,"Momenshahi Road, Natun Bazar, Modhupur, Dist:Tangail Phone :01713-560583",1995-06-26,2020-06-26,2030-06-25,Tangail,Bangladesh,,Bangladesh NGO Affairs Bureau - Local NGO List (up to 19 August 2026)
Paricharja,1169,"12/C, Asad Avenue, Mohammadpur, Dhaka. Phone : 8122194, 8122194,9134892 Fax: 8122194",1997-07-03,2017-07-03,2027-07-03,Dhaka,Bangladesh,,Bangladesh NGO Affairs Bureau - Local NGO List (up to 19 August 2026)
Paritran,1776,"Vwiwll:w L.paakkrihcahnaprjuar.,o Prg.O: Subashini, Thana: Tala, Dist: Satkhira Phone: 01720-587100 dalitbangladesh.wordpress.com",2002-12-22,2017-12-22,2027-12-22,Sathkhira,Bangladesh,,Bangladesh NGO Affairs Bureau - Local NGO List (up to 19 August 2026)
Participatory Advancement Social Service (PASS),2564,"New Town, Khalilganj, Kurigram-5600 Phone: 0521-67847",2010-04-22,2020-04-22,2030-04-21,Kurigram,Bangladesh,,Bangladesh NGO Affairs Bureau - Local NGO List (up to 19 August 2026)
Participatory Development Action Programme (PDAP),1117,"Section-6, Block-C, Road # 9, Plot-8, Mirpur, Dhaka. Phone : 9004094",1997-01-02,2022-01-02,2032-01-01,Dhaka,Bangladesh,,Bangladesh NGO Affairs Bureau - Local NGO List (up to 19 August 2026)
Participatory Development Organization (PDO),2081,"Vill.+Post: Nowhata, Upazilla: Paba, Dist.: Rajshahi-6213 Phone: 0721-800190",2006-03-07,2016-03-07,2021-03-07,Rajshahi,Bangladesh,,Bangladesh NGO Affairs Bureau - Local NGO List (up to 19 August 2026)
Participatory Research & Actin Network,3387,"House-187,Road-10,NewHousing Estate, Maijdee Court, Noakhali Phone: 01919231722 email: pranbd@gmail.com",2023-11-01,,2033-10-31,Noakhali,Bangladesh,,Bangladesh NGO Affairs Bureau - Local NGO List (up to 19 August 2026)
Partner,0808,"Baya, Post: Baya, Sagarpara, P.O: Ghoramara, Rajshahi Phone : 01711-811188 www.partnerbd.org",1994-02-13,2019-02-13,2029-02-13,Rajshahi,Bangladesh,,Bangladesh NGO Affairs Bureau - Local NGO List (up to 19 August 2026)
Partners in Development,2862,"Sammilani Tower (3rd Floor), Adjecet to Sadar Hospital, Magura Phone: 01716-584415",2014-05-29,,2019-05-29,Magura,Bangladesh,,Bangladesh NGO Affairs Bureau - Local NGO List (up to 19 August 2026)
Partners in Health and Development (PHD),2567,"House-SWD-12/A (5th Floor), Road-08, Gulshan-01, Dhaka-1212. Phone: 9891328, 9883005",2010-04-29,2020-04-29,2030-04-29,Dhaka,Bangladesh,,Bangladesh NGO Affairs Bureau - Local NGO List (up to 19 August 2026)
PASA (Peoples Advancement Social Association),2857,"26 Alea Monjil, Joira College Road, Manikganj phone: 01911-593762",2014-05-15,2019-05-15,2029-05-15,Manikganj,Bangladesh,,Bangladesh NGO Affairs Bureau - Local NGO List (up to 19 August 2026)
Pasashik Parsad (Palli Samonnaya O Shikha Kalyan Parisad),0944,"Boali Madrasha road, Tangail-1900 Phone: 092161782, Fax: 62234",1995-06-05,2020-06-04,2030-06-03,Tangail,Bangladesh,,Bangladesh NGO Affairs Bureau - Local NGO List (up to 19 August 2026)
Patakuri Society,2106,"Daxbangla Pukurpar, Shrimongal, Moulvibazar. Phone: 08626-71087",2006-06-27,2016-06-27,2026-06-27,MoulaviBazar,Bangladesh,,Bangladesh NGO Affairs Bureau - Local NGO List (up to 19 August 2026)
Path,3044,"Chanchra Bazar, Kotwali, Jessore Phone: 01719506544",2016-10-16,,2021-10-16,Jessore,Bangladesh,,Bangladesh NGO Affairs Bureau - Local NGO List (up to 19 August 2026)
Path Hara Kallyan Sangstha,1838,"Kowshik Villa, House-180, Road-1/2, Chalk Bazar, Ashratpur, Rangpur",2003-06-05,2018-06-05,2028-06-05,Rangpur,Bangladesh,,Bangladesh NGO Affairs Bureau - Local NGO List (up to 19 August 2026)
Pathikrit,2716,"101, Islampur Road, Dawla Khola, Khulna.",2012-07-10,,2017-07-10,Khulna,Bangladesh,,Bangladesh NGO Affairs Bureau - Local NGO List (up to 19 August 2026)
Pathshala-South Asian Institute of Photography (PSAIP),2368,"16 Sukrabad, Panthopath, Dhaka-1207 Phone: 0129847",2008-06-15,,2013-06-15,Dhaka,Bangladesh,,Bangladesh NGO Affairs Bureau - Local NGO List (up to 19 August 2026)
Pathway,0778,"House: 01, Road-02, Block-B, Section-6, Mirpur, Dhaka-1216. Phone: 01777-162619 Email:shahin@pathwaybd.org www.pathwaybd.com",1993-11-28,2018-11-28,2028-11-28,Dhaka,Bangladesh,,Bangladesh NGO Affairs Bureau - Local NGO List (up to 19 August 2026)
Patilapara Palli Bangladesh (PPB),2280,"Vill.: Patilapara, Post+Upazila: Saturia, Minikgonj. Phone: 01819-402683",2007-10-11,2017-10-11,2027-10-11,Manikganj,Bangladesh,,Bangladesh NGO Affairs Bureau - Local NGO List (up to 19 August 2026)
Patra Somproday Kollayan Parishad,2685,"Dalaipara Khadimnagaore, Sylhet Phone: 01733-691993",2012-03-12,2022-03-12,2032-03-11,Sylhet,Bangladesh,,Bangladesh NGO Affairs Bureau - Local NGO List (up to 19 August 2026)
Patuakhali Mohila Unnayan Samity,0863,"Moazzem Manzil, Government Girls School Road, Patuakhali. Phone: 0441-64292",1994-10-08,2019-10-08,2029-10-07,Patuakhali,Bangladesh,,Bangladesh NGO Affairs Bureau - Local NGO List (up to 19 August 2026)
PDO (Peace and Development Organization),0800,"Nowmala, Bauphal, Patuakhali Phone: .0441-65289, 01710-351434",1994-01-26,2019-01-26,2029-01-26,Patuakhali,Bangladesh,,Bangladesh NGO Affairs Bureau - Local NGO List (up to 19 August 2026)
PEACE (Probity Expansive Assist Committee Economic ) Foundation,3235,"House-44(4th Floor), Probal Housing, Ring Road, Adabar, Mohammadpur, Dhaka-1207 Mob: 01727100100",2020-02-23,,2030-02-23,Dhaka,Bangladesh,,Bangladesh NGO Affairs Bureau - Local NGO List (up to 19 August 2026)
PEDO (Polli Economic Development Organization),2693,"Rupdia Bazar, Dist: Jessore. Phone: 24712677",2012-05-14,,2017-05-14,Jessore,Bangladesh,,Bangladesh NGO Affairs Bureau - Local NGO List (up to 19 August 2026)
People Development Community (PDC),2358,"R.S Bhaban, 120/A, Motijheel C/A, Dhaka. Phoen: 7176159",2008-05-15,2018-05-15,2028-05-15,Dhaka,Bangladesh,,Bangladesh NGO Affairs Bureau - Local NGO List (up to 19 August 2026)
People Development Institute (PDI),2237,"Paura Bhaban, Upazilla: Dowlatkhan, Dist.: Bhola Phone: 01712-305589",2007-05-27,2017-05-27,2027-05-27,Bhola,Bangladesh,,Bangladesh NGO Affairs Bureau - Local NGO List (up to 19 August 2026)
People's Association for Social Development,1465,"75, Shamibagh Road, Dhaka-1100. Phone: 9559989, Fax: 9558333",1999-12-29,2009-12-29,2014-12-29,Dhaka,Bangladesh,,Bangladesh NGO Affairs Bureau - Local NGO List (up to 19 August 2026)
Peoples Development Organization (PDO),2315,"70/A/3, Indira Road, Dhaka-1215. Phone: 01711-106774",2008-03-10,2013-03-10,2018-03-10,Dhaka,Bangladesh,,Bangladesh NGO Affairs Bureau - Local NGO List (up to 19 August 2026)
Peoples Education Heatlh and Development Foundation,3369,"30 Abdul Aziz Lane (6th Floor), Lalbag, Dhaka. Phone: 01300463832 email: rokaiya.rowshon.bba@ulab.edu.bd",2023-07-24,,2033-07-23,Dhaka,Bangladesh,,Bangladesh NGO Affairs Bureau - Local NGO List (up to 19 August 2026)
Peoples General Information Center,3107,"House-9, Road-18/A, Block-B, Upashahor, Sylhet, Mob: 01678123120",2017-11-08,,2027-11-08,Sylhet,Bangladesh,,Bangladesh NGO Affairs Bureau - Local NGO List (up to 19 August 2026)
People's Integer Progressive Association for Social Activities,0427,"41/30, Dadapur Road, Mngalbaria, Kustia. Phone: 071-61692 www.pipasabd.org",1990-12-31,2015-12-31,2020-12-31,Kustia,Bangladesh,"Cancelled on 03/06/2010, Revived on 10/04/2011",Bangladesh NGO Affairs Bureau - Local NGO List (up to 19 August 2026)
Peoples Life Upliftment Society,1588,"1163, Bhuiyan Mansion (2nd Floor), Boro Mosjid Road, Feni Sadar, Feni",2000-11-29,2020-11-29,2030-11-28,Feni,Bangladesh,,Bangladesh NGO Affairs Bureau - Local NGO List (up to 19 August 2026)
Peoples Movement for Environment & Social Development,1975,"Vill: Bag Masud Ali, Post: Munshigonj, P.S.+Dist.: Munshigonj.",2004-10-27,,2009-10-27,Munshiganj,Bangladesh,,Bangladesh NGO Affairs Bureau - Local NGO List (up to 19 August 2026)
Peoples Oriented Programme Implementation (POPI),0507,"5/11, Block-E, Lamatia, Dhaka. Phone: 9121049, Fax: 9130014",1991-07-30,2021-07-30,2031-07-29,Kishorganj,Bangladesh,,Bangladesh NGO Affairs Bureau - Local NGO List (up to 19 August 2026)
Peoples Resource Oriented Voluntary Association,1761,"102/2, Upashahar Housing Estate, PO: Cantonment, Boalia, Rajshahi-6202 Phone: 0721-770512",2002-11-16,2017-11-16,2027-11-16,Rajshahi,Bangladesh,"Cancelled on 26/05/2010, Revived on 14/11/2010",Bangladesh NGO Affairs Bureau - Local NGO List (up to 19 August 2026)
Peoples Union of the Marginalization Development Organization (PUMDO),2107,"Vill.: Uchai, Post: Atapur, Upazilla: Panchbibi, Dist.: Joypurhat. Phone: 0571-75244",2006-06-28,2016-06-28,2026-06-27,Joypurhat,Bangladesh,,Bangladesh NGO Affairs Bureau - Local NGO List (up to 19 August 2026)
PFDA-Vocational Training Center Trust(PFDA-VTC),3299,"House-291,Road-19/B,NewDOHS Mohakhali, Dhaka Phone: 01751778308 email: autismbangladesh@gmail.com",2022-06-21,,2032-06-20,Dhaka,Bangladesh,,Bangladesh NGO Affairs Bureau - Local NGO List (up to 19 August 2026)
Phulki,0465,"Plot-264, Road-4A, Block-F, Bashudhara R/A, Dhaka-1229. Phone: 8845093, Fax: 8401302 www.phulkibd.org.",1991-04-28,2021-04-28,2031-04-28,Dhaka,Bangladesh,,Bangladesh NGO Affairs Bureau - Local NGO List (up to 19 August 2026)
Pidim Foundation,0923,"29/1 (New), Senpara Parbata, Section-10, Mirpur, Dhaka-1216 Phone: 9011808",1995-03-18,2020-03-18,2030-03-17,Dhaka,Bangladesh,,Bangladesh NGO Affairs Bureau - Local NGO List (up to 19 August 2026)
Platform of Women Empowerment and Rights (POWFR),1682,"Shaheed Abu Taleb Road, South Maltinagar, Bogra Sadar, Dist: Bogra Phone: 01718469601",2001-09-27,2016-09-27,2021-09-27,Bogra,Bangladesh,,Bangladesh NGO Affairs Bureau - Local NGO List (up to 19 August 2026)
PLEAD (Partner in Legal Education and Assistance for Development),1910,"20, K.C.C. Super Market, 170, KD Ghosg Road, Khulna. Phone: 01712-562507",2004-02-19,2024-02-19,2034-02-18,Khulna,Bangladesh,,Bangladesh NGO Affairs Bureau - Local NGO List (up to 19 August 2026)
Pollee Unnyon Prokolpo,2096,"Khanik Niloy, Chak Lokman, Bogra-5800 Phone: 051-5703 www.pupbd.org",2006-05-21,2021-05-21,2031-05-20,Bogra,Bangladesh,,Bangladesh NGO Affairs Bureau - Local NGO List (up to 19 August 2026)
Polli Samaj Kallan Songstha (PSS),2471,"House-811( 1st floor), Road-11, Avenue-6, Mirpur DOHS, Phone: 7253423, Mob: 01711-173318, email: info@pss.bd.org, web:www.pss.bd.org",2009-08-03,,2014-08-03,Comilla,Bangladesh,,Bangladesh NGO Affairs Bureau - Local NGO List (up to 19 August 2026)
Pollibir Unnayan Sangstha,2483,"P.O. Thakurgaon Road, Thakurgaon. Phone: 01817380906 www.pollibir.org",2009-09-29,2019-09-29,2029-09-29,Thakurgaon,Bangladesh,,Bangladesh NGO Affairs Bureau - Local NGO List (up to 19 August 2026)
Polly Akota Unnayan Sangstha (RUDO),3302,"Sondaho Joyrgasha, Santhia, Pabna. Phone: 01312616318 email: rudo.santhia_pabna@yahoo.com",2022-07-04,,2032-07-06,Rajshahi,Bangladesh,,Bangladesh NGO Affairs Bureau - Local NGO List (up to 19 August 2026)
Polly Dalit Sangstha (PDS),3395,"Dhakhin Salua, Ramchandrpru, Paikgacha, Khulna Phone: 01720593799 email: pallydalit1978.pds@gmail.com",2023-12-18,,2033-12-17,Khulna,Bangladesh,,Bangladesh NGO Affairs Bureau - Local NGO List (up to 19 August 2026)
Polly Pragati Sahayak Sangstha,2721,"vill-Bakai, PO: Hazipur, PS: Laksam, Dist: Comilla Phone: 01718-087343",2012-07-31,2017-07-31,2027-07-31,Comilla,Bangladesh,,Bangladesh NGO Affairs Bureau - Local NGO List (up to 19 August 2026)
Polly Seba Bohumukhi Sangstha,2556,"Torkey Bandar, Gouranadi, Barisal. Phone: 04322-56315 www.psbs.ch",2010-03-30,2020-03-30,2030-03-29,Barisal,Bangladesh,,Bangladesh NGO Affairs Bureau - Local NGO List (up to 19 August 2026)
Population and Polution Movement in Bangladesh,1481,"159, Uttar Goran, Dhaka",2000-01-26,2005-01-26,2010-01-26,Dhaka,Bangladesh,,Bangladesh NGO Affairs Bureau - Local NGO List (up to 19 August 2026)
Population Crisis Control & Mass Education Committee,0384,"House # 180, Road # 12, Sonadanga R.A., Khulna",1991-01-29,2021-01-29,2031-01-29,Khulna,Bangladesh,,Bangladesh NGO Affairs Bureau - Local NGO List (up to 19 August 2026)
Population Development Organization (PDO),2412,"1, Lalon Shah Sarak, Bananipara, Jhenaidah. 0451-61216",2009-02-25,2019-02-25,2029-02-25,Jhenaidah,Bangladesh,,Bangladesh NGO Affairs Bureau - Local NGO List (up to 19 August 2026)
Population Health Research and Training Society,3473,"New Model Town, Araihazar, Sadar, Araihazar, Narayanganj Phone: 01760378256",2025-06-03,,2035-06-02,Narayanganj,Bangladesh,,Bangladesh NGO Affairs Bureau - Local NGO List (up to 19 August 2026)
Population Services and Training Centre (PSTC),1102,"93/3, Level-4-6, Road-8, Block-C, Niketon, Gulshan, Dhaka-1212. Phone: +88 02 9853386, 9884402, Fax: +88 02 9857268 www.pstc-bgd.org",1996-11-28,2021-11-28,2031-11-28,Dhaka,Bangladesh,,Bangladesh NGO Affairs Bureau - Local NGO List (up to 19 August 2026)
Pora Lekha,2568,"Hamzarbagh, P.O.: Amin Jute Maills, P.S.: Panchalaish, Chattogram. Phone: 031-2581360, 01819-243486",2010-05-02,2020-05-02,2030-05-02,Chattogram,Bangladesh,,Bangladesh NGO Affairs Bureau - Local NGO List (up to 19 August 2026)
Poribar Unnyan Songstha,1076,"Adarshapara, 6 no. Ward, Post. Charfassion, Upazilla: Charfassion, Dist: Bhola Phone: 0492374511",1996-09-28,2021-09-28,2031-09-27,Bhola,Bangladesh,,Bangladesh NGO Affairs Bureau - Local NGO List (up to 19 August 2026)
Porshi,2082,"Vill: Cutulia (Cutuliar More), Jhenaidah Sadar, Jhenaidah Phone: 0451-61033",2006-03-07,2021-03-07,2031-03-06,Jhenaidah,Bangladesh,,Bangladesh NGO Affairs Bureau - Local NGO List (up to 19 August 2026)
Potal Samaj Unnayan Sangstha (P.S.U.S.),2361,"Potal Songacha, Post: Char Songacha, Sirajgonj Sadar, Dist.: Sirajgonj.",2008-05-21,,2013-05-21,Sirajganj,Bangladesh,,Bangladesh NGO Affairs Bureau - Local NGO List (up to 19 August 2026)
Pother Dishari Society,1993,"1/1, Dinnath Shen Road, Gendaria, Dhaka-1204",2005-01-04,,2010-01-04,Dhaka,Bangladesh,,Bangladesh NGO Affairs Bureau - Local NGO List (up to 19 August 2026)
Pous Foundation,3200,"Guzia, Shibganj, Bogura Mob: 01718838684",2019-06-13,,2029-06-13,Bogra,Bangladesh,,Bangladesh NGO Affairs Bureau - Local NGO List (up to 19 August 2026)
Poverty Aliviation Drive-PAD,1831,"Shirbari Link Road, Paradise Para, Tangail. Phone: 53048, 01711-669600 Fax: 0921-55555",2003-05-18,2018-05-18,2028-05-18,Tangail,Bangladesh,,Bangladesh NGO Affairs Bureau - Local NGO List (up to 19 August 2026)
Poverty Alleviation and Social Development Organization (PAASDO),2050,"Thana Road, Ali Kadam, Dist. Bandarban",2005-12-21,2010-12-21,2015-12-21,Bandarban,Bangladesh,,Bangladesh NGO Affairs Bureau - Local NGO List (up to 19 August 2026)
Poverty Alleviation through Participatory Rural Initiative (PAPRI),1424,"P.O: Narayanpur, Thana: Balabo, Narsingdi Phone : 01711--533610 www.papri.org",1999-09-16,2019-09-16,2029-09-16,Narsingdhi,Bangladesh,,Bangladesh NGO Affairs Bureau - Local NGO List (up to 19 August 2026)
Poverty Elimination and Community Education Foundation,2408,"House-06, Road-18, Block-C, Section-10, Mirpur, Dhaka. Phone: 8035120, Fax: 8013074 www.peace-fund.org",2009-02-02,2019-02-02,2029-02-02,Dhaka,Bangladesh,,Bangladesh NGO Affairs Bureau - Local NGO List (up to 19 August 2026)
Poverty Eradication Program (PEP),0257,"House-D 35, Block-E, Zakir Hossain Road, Mohammadpur, Dhaka-1207 Phone : 9132546, 8117435 www.iird.interconnection.org",1988-01-27,2018-01-27,2028-01-27,Dhaka,Bangladesh,,Bangladesh NGO Affairs Bureau - Local NGO List (up to 19 August 2026)
Poverty Removed and Economic Development Organization (PREDO),2058,"Vawar Viti, Post: Abdullapur, Upazilla: Keranigong, Dist.: Dhaka.",2006-01-05,,2011-01-05,Dhaka,Bangladesh,,Bangladesh NGO Affairs Bureau - Local NGO List (up to 19 August 2026)
Power and Participation Research Centre (PPRC),1113,"House-77/A, Road-12/A, Dhanmondi, Dhaka. Phone: 8119207, Fax: 8144379 www.pprc.org.bd",1996-12-26,2016-12-26,2026-12-25,Dhaka,Bangladesh,"Cancelled on 27/07/2010, Revived on 01/01/2013",Bangladesh NGO Affairs Bureau - Local NGO List (up to 19 August 2026)
Praise International Bangladesh,2942,"Plot-25, Road-113, Khalishpur Houseing Estate Ltd., Khulna Phone: 0610439202954",2015-07-26,,2020-07-26,Khulna,Bangladesh,,Bangladesh NGO Affairs Bureau - Local NGO List (up to 19 August 2026)
Prantic Unnayan Society,1773,"House-228, Goli-2, Fakirapool, Motijheel, Dhaka Phone: 9340542",2002-12-02,2017-12-02,2027-12-02,Dhaka,Bangladesh,,Bangladesh NGO Affairs Bureau - Local NGO List (up to 19 August 2026)
Pratibandhi Secchasebi Society,1737,"75, Uttar Nawdapara (Aam Chattar), Sapura, Rajshahi",2002-09-12,2012-09-12,2017-09-12,Rajshahi,Bangladesh,,Bangladesh NGO Affairs Bureau - Local NGO List (up to 19 August 2026)
Pratibandi Kallayan Samittee,2751,"Station Road, PO & PS, Lalmonirhat Phone: 01727-971177",2012-12-10,2017-12-10,2027-12-10,Lalmonirhat,Bangladesh,,Bangladesh NGO Affairs Bureau - Local NGO List (up to 19 August 2026)
Pratichi (Bangladesh) Trust,1657,"House 40/C, Road 11(New) Dhanmondi R/A, Dhaka. Phone: 8124770, Fax: 8130951",2001-08-19,2006-08-19,2011-08-19,Dhaka,Bangladesh,"Cancelled on 09/08/2010, Revived on 25/11/2010",Bangladesh NGO Affairs Bureau - Local NGO List (up to 19 August 2026)
Prativa Shamaj Kalyan Shamity,1008,"House-21, Road-03, Block-Kha, PC Culture Housing Society, Shekertek, Dhaka-1207 Phone: 01711-015514, 01552-386323",1996-02-05,2021-02-05,2031-02-04,Dhaka,Bangladesh,,Bangladesh NGO Affairs Bureau - Local NGO List (up to 19 August 2026)
Prattasha Samazik Unnayan Sangstha (PSUS),1955,"MuktiPara V.J. School Road, Chuadangha-7200 Phone: 0761-63810",2004-09-09,2019-09-09,2029-09-09,Chuadanga,Bangladesh,,Bangladesh NGO Affairs Bureau - Local NGO List (up to 19 August 2026)
Prayash Unnayan Sangstha,2723,"Vill: Nagor bath gram, PO: Atgari, Mirzapur, Tangail Phone: 01711-594220",2002-08-06,,2007-08-06,Tangail,Bangladesh,,Bangladesh NGO Affairs Bureau - Local NGO List (up to 19 August 2026)
Prerona,3311,"Kaliganj, Sathkhira Phone: 01720360767 email: preronahrd@gmail.com",2022-08-21,,2032-08-20,Sathkhira,Bangladesh,,Bangladesh NGO Affairs Bureau - Local NGO List (up to 19 August 2026)
Pride (Peoples Resources in Developmental Enterprise),1971,"Pride Bhaban, 152/A Benapole Road, Railgate, Chachara, Jessore Phone:0444-3347014",2004-10-10,2024-10-10,2034-10-09,Khulna,Bangladesh,,Bangladesh NGO Affairs Bureau - Local NGO List (up to 19 August 2026)
Prime Social Organization (PSO),3058,"Amir Plaza(2nd Floor), Tower Road, Mothbaria, Pirojpur Phone: 01718857163",2016-12-14,2021-12-14,2031-12-14,Pirojpur,Bangladesh,,Bangladesh NGO Affairs Bureau - Local NGO List (up to 19 August 2026)
Prip Trust,1051,"67/A, Indira Road, West Rajabazar, Sher-E-Bangla Nagar, Dhaka-1215 Phone: 8119111, 81107689 www.priptrust.org",1996-07-28,2021-07-27,2031-07-26,Dhaka,Bangladesh,,Bangladesh NGO Affairs Bureau - Local NGO List (up to 19 August 2026)
PRISM-Bangladesh Foundation,0483,"Fan Kasana, Flat-3AB, House-41, Road-6, Block-C, Banani, Dhaka-1213 Phone : 9663533, Fax: 8611170 www.prism.bd.org",1991-06-08,2016-06-08,2026-06-07,Dhaka,Bangladesh,,Bangladesh NGO Affairs Bureau - Local NGO List (up to 19 August 2026)
Prisons Care in Bangladesh,2487,"House-10/A,Senpara Parbata (4th Floor), Mirpur-10, Dhaka Phone: 9021739",2009-10-04,2014-10-04,2019-10-04,Dhaka,Bangladesh,,Bangladesh NGO Affairs Bureau - Local NGO List (up to 19 August 2026)
Probaity Gram Unnayan Foundation,3113,"Ramchandrapur, Ramchandrahat, Sadar, Chapainababganj.",2017-11-19,,2027-11-19,Chapainababg anj,Bangladesh,,Bangladesh NGO Affairs Bureau - Local NGO List (up to 19 August 2026)
Probandhi Shishu Shikkha O Paricharja Samity,1730,"Kacharipara, College Road, UZ: Islampur, Dist: Jamalpur Phone: 01199-108466",2002-08-14,2017-08-14,2027-08-14,Jamalpur,Bangladesh,,Bangladesh NGO Affairs Bureau - Local NGO List (up to 19 August 2026)
Probartak Sangha,0090,"O.R. Nizam Road, Panchlaish, PO Box No. 636, Chattogram Phone: 031-653047",1981-04-22,2010-05-15,2015-05-15,Chattogram,Bangladesh,"Cancelled on 26/07/2010, Revived on 21/06/2011",Bangladesh NGO Affairs Bureau - Local NGO List (up to 19 August 2026)
Probin Kallayan Sangstha,2844,"20 Garib E Newayez avenue, Sector-11, Uttara, Dhaka Phone: 01743-246511",2013-12-17,,2018-12-17,Dhaka,Bangladesh,,Bangladesh NGO Affairs Bureau - Local NGO List (up to 19 August 2026)
Prochesta,2223,"Vill.+Post: Prithimpasha, Upazilla: Kulowra, Dist.: MoulaviBazar. Phone: 01713-807617",2007-11-04,2017-04-11,2027-04-11,MoulaviBazar,Bangladesh,,Bangladesh NGO Affairs Bureau - Local NGO List (up to 19 August 2026)
Prochesta Kalyan Sangstha (PKS),2428,"2 No. World, Baroikhali Moreelgong Pouro Savha, Morrelgonj, Bagerhat. Phone? 01715-413973, 01718-666880",2009-04-28,,2014-04-28,Bagerhat,Bangladesh,,Bangladesh NGO Affairs Bureau - Local NGO List (up to 19 August 2026)
Prodip Sangstha,3120,"Vill: Batiabhanga, Durgahatta, Gabtali, Dist: Bogra, Tel: 01713958089",2017-12-18,,2027-12-18,Bogra,Bangladesh,,Bangladesh NGO Affairs Bureau - Local NGO List (up to 19 August 2026)
PRODIPAN,0290,"Shaheb Bari Road, Moheswarpara, Daulatpur, Khulna Phone: 2870008, Fax: 774777 www.prodipan.bd.org",1989-04-08,2019-04-08,2029-04-08,Dhaka,Bangladesh,,Bangladesh NGO Affairs Bureau - Local NGO List (up to 19 August 2026)
Prodipto Manab Kallyan Sangstha,2869,"43 Shalbagan, Shupura, Rajshai Phone: 01711-020854",2014-06-24,2019-06-24,2029-06-24,Rajshahi,Bangladesh,,Bangladesh NGO Affairs Bureau - Local NGO List (up to 19 August 2026)
Prof. MA Matin Memorial BNSB Base Eye Hospital,0265,"Old Jail Khana Road, Kalibari, Sirajganj. Phone: 0751-62044",1988-04-24,2018-04-24,2028-04-24,Sirajganj,Bangladesh,,Bangladesh NGO Affairs Bureau - Local NGO List (up to 19 August 2026)
Profit Foundation,3443,"Village: Kamarpara (Ziberhat),Post: Dalogram,UPRoad,Upazila:Kaliganj, District: Lamonirhat-5520 Phone: 01714626670, 01828150525 email: pfoundationlal@gmail.com",2025-04-22,,2035-04-21,Lalmonirhat,Bangladesh,,Bangladesh NGO Affairs Bureau - Local NGO List (up to 19 August 2026)
Progati Samaj Unnayan Sangstha,1621,"wShwawk.ipr fMouonhdaamtiomn.aodrg R.bodad, PO & PS, Chunarughat, Dist: Habiganj. Phone: 01915-548818",2001-02-18,2021-02-18,2031-02-17,Habiganj,Bangladesh,,Bangladesh NGO Affairs Bureau - Local NGO List (up to 19 August 2026)
Progati Sangstha,1639,"Vill.+P.O: Barni, Thana: Tungipara, Dist: Gopalganj Phone: 01712-047069, 0668-55090",2001-05-17,2016-05-17,2021-05-17,Gopalganj,Bangladesh,,Bangladesh NGO Affairs Bureau - Local NGO List (up to 19 August 2026)
Progga,3313,"House-6, Main Road-3, Block-A, Section-11, Mirpur, Dhaka Phone: 01714171911",2022-09-04,,2032-09-03,Dhaka,Bangladesh,,Bangladesh NGO Affairs Bureau - Local NGO List (up to 19 August 2026)
Progoti (Peoples Research on Grassroots Ownership & Traditional Initiative,2665,"Nakipur Shaamnagor, Satkhira.",2011-11-22,2016-11-22,2026-11-22,Sathkhira,Bangladesh,,Bangladesh NGO Affairs Bureau - Local NGO List (up to 19 August 2026)
Progoti Kendro,1936,"Damrai, Post +Upazilla- Damrai, Dist.- Dhaka-1350 Phone: 7730579",2004-06-03,2019-06-03,2029-06-03,Dhaka,Bangladesh,,Bangladesh NGO Affairs Bureau - Local NGO List (up to 19 August 2026)
Progoti Samaj Kalyan Protisthan & Paribar Parikalpona Sangstha,0307,"Kha-30/1, Nikunja-2, Khilkhet, Dhaka",1989-07-12,2019-07-11,2029-07-11,Dhaka,Bangladesh,,Bangladesh NGO Affairs Bureau - Local NGO List (up to 19 August 2026)
Progotir Path,1846,"Vill.- Atua (Bajitpur Road), P.S.+Dist.- Pabna",2003-06-22,,2008-06-22,Pabna,Bangladesh,,Bangladesh NGO Affairs Bureau - Local NGO List (up to 19 August 2026)
Program for Echo Social Development (PESD),2662,"Katnarpara, Behind Karnesion School, Bilkis Tower, Groud Floor, Bogra-5800",2011-11-03,2021-11-03,2031-11-02,Bogra,Bangladesh,,Bangladesh NGO Affairs Bureau - Local NGO List (up to 19 August 2026)
Program for Women Development,3365,"Amlapara, Sirajganj-6700 Phone: 01711046917 email: pwdnishad@yahoo.com",2023-07-17,,2033-07-16,Sirajganj,Bangladesh,,Bangladesh NGO Affairs Bureau - Local NGO List (up to 19 August 2026)
Programm for the Introduction & Adaptation of Contraceptive Technology,0118,"49/1, Babar Road, Block-B, Mohammadpur, Dhaka-1207 www.piactbangladesh.org",1982-01-18,2020-05-18,2030-05-18,Dhaka,Bangladesh,,Bangladesh NGO Affairs Bureau - Local NGO List (up to 19 August 2026)
Programme for Community Development,0872,"Vill: Chalkatholy (Dargah para), P.O. Chatmohar Railbazar, Chatmohar, Pabna Phone: 01716-535081",1994-12-04,2019-12-04,2029-12-04,Pabna,Bangladesh,,Bangladesh NGO Affairs Bureau - Local NGO List (up to 19 August 2026)
Programme for Helpless and Lagged Society (PHALS),1428,"Bypass Road, Jhilanza,, Cox's Bazar Phone :0341-62090",1999-09-20,2019-09-20,2029-09-20,Cox'sBazar,Bangladesh,,Bangladesh NGO Affairs Bureau - Local NGO List (up to 19 August 2026)
Programme for Peoples Development,0193,"Shaktipur, Shahzadpur, Sirajganj-6770 Phone: 07527-64352",1985-11-21,2015-11-21,2020-11-21,Sirajganj,Bangladesh,,Bangladesh NGO Affairs Bureau - Local NGO List (up to 19 August 2026)
Programme for Sustainable Development,2562,"3/A, Greenway, Baro Maghbazar, Dhaka-1217 Phone: 9335857, Fax: 9335857",2010-04-22,2020-04-22,2030-04-22,Dhaka,Bangladesh,,Bangladesh NGO Affairs Bureau - Local NGO List (up to 19 August 2026)
Programme on Agriculture Nutrition and Environmental Conservation (PRANTEC),1585,"Outpara College Road, Chandana, Gazipur Phone : 9146267",2000-11-21,2010-11-21,2015-11-20,Gazipur,Bangladesh,,Bangladesh NGO Affairs Bureau - Local NGO List (up to 19 August 2026)
Progressive,3195,"SK Building, Banorupa, Rangamati Mob: 01553317472",2019-03-06,,2024-03-06,Rangamati,Bangladesh,,Bangladesh NGO Affairs Bureau - Local NGO List (up to 19 August 2026)
Progressive Sheba Kendra,2967,"Hospital Road, PO & PS: Sharishabari, Dist: Jamalpur Phone: 01716-855249",2015-09-15,2020-09-15,2030-09-14,Jamalpur,Bangladesh,,Bangladesh NGO Affairs Bureau - Local NGO List (up to 19 August 2026)
Progressive Society of Bangladesh (PSB),2403,"House-2, Road-6/A, Sector-4, Uttara, Dhaka. Phone: 892-2352",2009-01-18,2019-01-18,2029-01-18,Dhaka,Bangladesh,,Bangladesh NGO Affairs Bureau - Local NGO List (up to 19 August 2026)
Progroshor Shamajik Unnayn and Progoti Kendro,3378,"House-40, Road-6/A, Dhanmondi, Dhaka Phone: email: prggraoshar14@gmail.com",2023-09-10,,2033-09-09,Dhaka,Bangladesh,,Bangladesh NGO Affairs Bureau - Local NGO List (up to 19 August 2026)
Projahnmo Research Foundation,3102,"Abonti, Apt-5, House-37, Road-27, Block-A, Banani, Dhaka, Tel: 02-55035439",2017-11-05,,2027-11-05,Dhaka,Bangladesh,,Bangladesh NGO Affairs Bureau - Local NGO List (up to 19 August 2026)
Projukti Peeth,2221,"Barua, Fatkamuri, Amratoli Barura, Comilla. Phone: 9312842-3, Fax: 8314946",2007-04-04,2017-04-04,2027-04-04,Dhaka,Bangladesh,,Bangladesh NGO Affairs Bureau - Local NGO List (up to 19 August 2026)
Prokas (Proshikkan Karma-Sangthan O Artha Samajic Unnayan Sangstha,1902,"Vill: Barat, PO: Madhaia Bazar, Dist: Comilla-3511 Phone: 9136173, Fax: 7121174",2004-01-21,2019-01-21,2029-01-21,Comilla,Bangladesh,,Bangladesh NGO Affairs Bureau - Local NGO List (up to 19 August 2026)
Prokriti O Jibon Foundation,3149,"Evergreen Plaza, 260/B, Tejgaon Industrial Area, Dhaka-1208, Phone: 01711520553",2018-05-15,,2028-05-15,Dhaka,Bangladesh,,Bangladesh NGO Affairs Bureau - Local NGO List (up to 19 August 2026)
Prokriti Songrokkhon & Unnoyon Songstha,3290,"Ka-42/1, Progati Sharoni Nadda Bus Stand, Vatara, Dhaka email: emial@prokriti.net Phone: 01715982030",2022-04-26,,2032-04-25,Dhaka,Bangladesh,,Bangladesh NGO Affairs Bureau - Local NGO List (up to 19 August 2026)
Promoting Alternative Resources for Active Society,2618,"Fayzun Villa, 453/1 West Burulia, Dist: Gazipur. Phone: 9205720 www: paras.com.bd",2011-01-02,2021-01-02,2031-01-01,Gazipur,Bangladesh,,Bangladesh NGO Affairs Bureau - Local NGO List (up to 19 August 2026)
Promoting Human Rights and Education in Bangladesh,2406,"House-A/13 (3rd Floor), Road-01, Block-A, Chandgaon R/A, Chattogram Phone: 0713-124372",2009-01-29,2014-01-29,2019-01-29,Chattogram,Bangladesh,,Bangladesh NGO Affairs Bureau - Local NGO List (up to 19 August 2026)
Promotion of Livelihood Education for Development and Grassroot Empowerment,1133,"106, Lake Circus, Kalabagan, Dhaka. Phone : 8121861",1997-02-12,2007-02-12,2012-02-12,Dhaka,Bangladesh,,Bangladesh NGO Affairs Bureau - Local NGO List (up to 19 August 2026)
Promotional Research Advocacy Training Action Yard,0835,"121/Ka, Pisciculture Society, Shaymoli, Dhaka Phone : 9133767",1994-06-05,2019-06-05,2029-06-05,Dhaka,Bangladesh,,Bangladesh NGO Affairs Bureau - Local NGO List (up to 19 August 2026)
Proshanti Noakhali,0479,"Maijdi Court Bus Stand, Noakhali Phone : 032161443",1991-06-01,2016-06-01,2026-06-01,Noakhali,Bangladesh,,Bangladesh NGO Affairs Bureau - Local NGO List (up to 19 August 2026)
Proshika Manobik Unnyan Kendra,0149,"1/1GA, Section-2, Mirpur-2, Dhaka-1216 Phone : 9004006, Fax: 8015811",1983-07-06,2025-05-14,2035-05-13,Dhaka,Bangladesh,,Bangladesh NGO Affairs Bureau - Local NGO List (up to 19 August 2026)
Protect Environment From Adverse Climate Change,2999,"Al-Haz Kutir Vill: West Shafipur, Upazilla: Bamna, Barguna Phone: 01718-310962",2016-01-27,2021-01-27,2031-01-27,Barguna,Bangladesh,,Bangladesh NGO Affairs Bureau - Local NGO List (up to 19 August 2026)
Prothibondi Community Center,2349,"45, K,C, Ray Road, Kachijuli, Upazila: Mymensing, Dist.: Mymensing Phone: 091-66779",2008-05-11,2018-05-11,2028-05-11,Mymensingh,Bangladesh,,Bangladesh NGO Affairs Bureau - Local NGO List (up to 19 August 2026)
Protibandi Unnayan Sangstha,2637,"Halima Building Complex, 15 Station Road, Jhalokhati-8400 Phone: 0498-63167",2011-04-20,2021-04-20,2031-04-19,Jhalokathi,Bangladesh,,Bangladesh NGO Affairs Bureau - Local NGO List (up to 19 August 2026)
Protibashi Mohila Sangstha,2600,"Vill+PO: Nitanandapur, PS: Gangni, Dist.: Meherpur Phone: 01730-165485",2010-10-03,2015-10-03,2020-10-03,Meherpur,Bangladesh,,Bangladesh NGO Affairs Bureau - Local NGO List (up to 19 August 2026)
Protibasi Prosikhon Kandro & Kutirshilpa Unnayan Sangstha,2801,"Section-6, Block-Ta, House-2, Road-38, Mirpur, Dhaka Phone: 01711-945620",2013-07-22,2018-07-22,2028-07-22,Dhaka,Bangladesh,,Bangladesh NGO Affairs Bureau - Local NGO List (up to 19 August 2026)
Protibondhi Narider Jation Parishad,3008,"Plot-B(1) 5th Floor, Gate-8, Arambagh, Rupnagar, Mirpur, Dhaka",2016-02-29,2021-02-28,2031-02-28,Dhaka,Bangladesh,,Bangladesh NGO Affairs Bureau - Local NGO List (up to 19 August 2026)
Protibondhi Sheshu Shekha O Seba Songstha (Prosesses),2431,"Hazi Eskandar Ali Khan Sarak, UZ: Sadar, Madaripur. Phone: 01552-319839, 01711-320578",2009-04-30,2014-04-30,2019-04-30,Madaripur,Bangladesh,,Bangladesh NGO Affairs Bureau - Local NGO List (up to 19 August 2026)
Protigga Foundation,3163,"46/1, Kakrail Road, Kakrail, Dhaka-1000 Mob: 01713018878",2018-08-29,,2028-08-29,Dhaka,Bangladesh,,Bangladesh NGO Affairs Bureau - Local NGO List (up to 19 August 2026)
Protigga Parishad,1138,"Beltali Bazar, Elahipur, P.S. Kotwali, Dist: Comilla. Phone: 01819-248504",1997-02-25,2017-02-25,2027-02-24,Comilla,Bangladesh,,Bangladesh NGO Affairs Bureau - Local NGO List (up to 19 August 2026)
Protik Progati Sangha,2745,"Village: Kismat, PO: Aditmari, Dist: Lalmonirhat",2012-11-14,2017-11-14,2027-11-13,Lalmonirhat,Bangladesh,,Bangladesh NGO Affairs Bureau - Local NGO List (up to 19 August 2026)
Protishruti-Jessore,2127,"Mohonpur,Thana: Monirampur, Dist.: Jessore Phone: 01718208892, 04227-78158",2006-08-22,2021-08-22,2031-08-21,Jessore,Bangladesh,,Bangladesh NGO Affairs Bureau - Local NGO List (up to 19 August 2026)
Protiva Sangstha,1375,"Village: Kalagachi, P.O: Arua, Thana: Keshobpur, Jessore Phone: 01715-914597",1999-04-28,2019-04-28,2029-04-27,Jessore,Bangladesh,,Bangladesh NGO Affairs Bureau - Local NGO List (up to 19 August 2026)
Protobandi Seba Sangstha,2656,"Pusphaloy-11/20, Boyra Jongshon Cross Road, Boykali, Khalishpur, Khulna-9000 Phone: 01712-979889",2011-09-14,2016-09-14,2026-09-14,Khulna,Bangladesh,,Bangladesh NGO Affairs Bureau - Local NGO List (up to 19 August 2026)
Prottasha,2203,"Santinagor (Behind Law College), Rupkatha Road, Pabna-6600 Phone: 0731-515991",2007-03-08,2017-03-08,2027-03-07,Pabna,Bangladesh,,Bangladesh NGO Affairs Bureau - Local NGO List (up to 19 August 2026)
Prottasha Bangladesh,2759,"Baluadanga Sadar, Dinajpur. Phone: 01912-798120",2013-01-03,2018-01-03,2028-01-03,Dinajpur,Bangladesh,,Bangladesh NGO Affairs Bureau - Local NGO List (up to 19 August 2026)
Prottasha Daridro Bimochon Unnayan Sangstha,3122,"Bangabondhu Road, Saha Patti, Sadar, Barguna, Tel: 01700949595",2017-12-18,,2027-12-18,Barguna,Bangladesh,,Bangladesh NGO Affairs Bureau - Local NGO List (up to 19 August 2026)
Prottasha Foundation,1676,"12, Gonga Das Guha Road, (Fire Service Songlogna), Mymensingh. Phone: 091-51787",2001-09-26,2016-09-26,2026-09-26,Mymensingh,Bangladesh,"Cancelled on 11/07/2010, Revived on 02/12/2014",Bangladesh NGO Affairs Bureau - Local NGO List (up to 19 August 2026)
Prottasha Lalmonirhat Samaj Kallyan Sangstha,2545,"Nababerhat (Khochalbari), P.O & Upalzila: Lalmonirhat, Dist.: Lalmonirhat. Phone: 0591-61382",2010-03-01,2015-03-01,2025-02-28,Lalmonirhat,Bangladesh,,Bangladesh NGO Affairs Bureau - Local NGO List (up to 19 August 2026)
Prottoy Unnayan Sangstha,2988,"Dellony Road-1, Old Chowdhury Para, Comilla Phone: 01711-379056",2015-11-16,2020-11-16,2030-11-16,Comilla,Bangladesh,,Bangladesh NGO Affairs Bureau - Local NGO List (up to 19 August 2026)
Prottyashi,0628,"Sayed Bari, 903/A, Omar Ali Matobbar Road, Chandgaon, Chattogram. Phone: 031-658222 www.prottyashi.org",1992-06-01,2017-06-01,2027-06-01,Chattogram,Bangladesh,,Bangladesh NGO Affairs Bureau - Local NGO List (up to 19 August 2026)
Prova Society,2474,"House-91, Road-5/Kha, Kabi Sukanta Sarak, Jhenaidah Phone: 0451-61498",2009-08-06,2019-08-06,2029-08-06,Jhenaidah,Bangladesh,,Bangladesh NGO Affairs Bureau - Local NGO List (up to 19 August 2026)
Provati Bangladesh,2030,"Jahanara Bhaban (1st Floor), Bandar Tila, Dist: Chattogram Phone: 0611-3094295",2005-04-17,2010-04-17,2015-04-17,Chattogram,Bangladesh,,Bangladesh NGO Affairs Bureau - Local NGO List (up to 19 August 2026)
Provati Palli Unnayan O Seba Shongstha,1661,"33/107, Justice Murshid Road, Kushtia Phone : 01716-710963",2001-09-10,2016-09-10,2021-09-10,Kustia,Bangladesh,,Bangladesh NGO Affairs Bureau - Local NGO List (up to 19 August 2026)
Provati Samaj Kallyan O Shasthya Parishad,1927,"House-18, Road-04, Block-H, Banasri, Khilgaon, Dhaka-1219",2004-05-08,2024-05-08,2034-05-07,Dhaka,Bangladesh,,Bangladesh NGO Affairs Bureau - Local NGO List (up to 19 August 2026)
Provati Samaj Kalyan Sangstha,0438,"Vill. South Kacharipara, New College Road, Jamalpur Phone: 0981-63151, 0981-63151",1991-01-29,2011-01-29,2016-01-29,Jamalpur,Bangladesh,,Bangladesh NGO Affairs Bureau - Local NGO List (up to 19 August 2026)
Proyas Manobik Unnayan Society,1923,"BelePukur, Chapainobabganj-6300 Phone: 0781-52075, Fax: 0781-51501 www.proyashbd.org",2004-04-20,2019-04-20,2029-04-20,Chapainababg anj,Bangladesh,,Bangladesh NGO Affairs Bureau - Local NGO List (up to 19 August 2026)
PSS (Paikgacha Swanirvar Sanstha),2391,"Vill+Post+Upazila: Paikgacha, Dist.: Khulna.",2008-11-11,,2013-11-11,Khulna,Bangladesh,,Bangladesh NGO Affairs Bureau - Local NGO List (up to 19 August 2026)
PULSE Bangladesh-Society,0836,"Jhilonjha (Oppsite to BGS Camp Mosque), Cox'sBazar Phone: 0341-64412, 01822913356",1994-06-06,2019-06-06,2029-06-06,Cox'sBazar,Bangladesh,Name change on 18/06/2020,Bangladesh NGO Affairs Bureau - Local NGO List (up to 19 August 2026)
Purbasa,2298,"Vill.+Post: Alfadanga, Upazilla: Alfadanga, Dist.: Faridpur",2008-01-02,,2013-01-02,Faridpur,Bangladesh,,Bangladesh NGO Affairs Bureau - Local NGO List (up to 19 August 2026)
Purnima,1762,"House-161, Road-11, Nirala R/A, Khulna. Mob: 01922105006 email:purnimangobd@gmail.com",2002-11-16,2017-11-16,2027-11-15,Khulna,Bangladesh,"Cancelled on 11/07/2010, Revived on 12/5/2016",Bangladesh NGO Affairs Bureau - Local NGO List (up to 19 August 2026)
Puspo,1786,"100/1/A, Khilgaon Tilpapara, Dhaka Phone: 7214779, 7215145",2003-01-12,2008-01-12,2013-01-12,Dhaka,Bangladesh,,Bangladesh NGO Affairs Bureau - Local NGO List (up to 19 August 2026)
PUSPO Bangladesh,2468,"Post Office Road, Mithapukur, Rangpur Phone: 01716-752610",2009-07-09,2019-07-09,2029-07-08,Rangpur,Bangladesh,,Bangladesh NGO Affairs Bureau - Local NGO List (up to 19 August 2026)
Q K Ahmad Foundation,3221,"4/C, Eskaton Garden, Dhaka-1000, Mob:",2019-10-20,,2029-10-20,Dhaka,Bangladesh,,Bangladesh NGO Affairs Bureau - Local NGO List (up to 19 August 2026)
Quality Education Foundation,2126,"63. New Eskaton Road, Dhaka.",2006-08-21,,2011-08-21,Dhaka,Bangladesh,,Bangladesh NGO Affairs Bureau - Local NGO List (up to 19 August 2026)
Quasem Foundation,0842,"Alamin Aikon Centre, Plot-57/4, Progoti Sarani, North Baridhara, Dhaka-1212 Phone :8836806-9, Fax: 8836320 www.quasemfoundation.com",1994-07-16,2025-07-16,2035-07-15,Dhaka,Bangladesh,,Bangladesh NGO Affairs Bureau - Local NGO List (up to 19 August 2026)
Racine,1339,"165/1, New Godaon Road, Middle Alipur, Faridpur-7800 Phone: 0631-65642",1999-01-18,2019-01-23,2029-01-22,Faridpur,Bangladesh,,Bangladesh NGO Affairs Bureau - Local NGO List (up to 19 August 2026)
Radda MCH-FP Centre,0958,"Plot # 324, Road # 6, Block - B, Section-10, Mirpur, Dhaka Phone : 9000284, 8011303",1995-07-09,2020-07-09,2030-07-09,Dhaka,Bangladesh,,Bangladesh NGO Affairs Bureau - Local NGO List (up to 19 August 2026)
Rahmatunnessa Shikha Unnayan Foundation (RSUF),3142,"Village: Paturia, Post: Gee Comla, Kalukhali, Rajbari",2018-03-14,,2028-03-14,Rajbari,Bangladesh,,Bangladesh NGO Affairs Bureau - Local NGO List (up to 19 August 2026)
Rainbow Bridge Foundation,2259,"74, Senpara Parbata, Mirpur-10, Dhaka-1216 Phone: 9001027",2007-08-08,2012-08-08,2017-08-08,Dhaka,Bangladesh,,Bangladesh NGO Affairs Bureau - Local NGO List (up to 19 August 2026)
Rainbow Nari O Shishu Kallyan Foundation,2304,"34/3, M.C. Ray Lane, Dhaka-1211 Phone: 8628908 www.newsletter.com.bd",2008-02-05,2013-02-05,2018-02-05,Dhaka,Bangladesh,,Bangladesh NGO Affairs Bureau - Local NGO List (up to 19 August 2026)
Rajshahi Christians and Friendship Committee,2713,"Shampur Mashkata Dighi, Rajshahi Phone: 0721-751289",2012-06-26,2017-06-26,2027-06-26,Rajshahi,Bangladesh,,Bangladesh NGO Affairs Bureau - Local NGO List (up to 19 August 2026)
Rajshahi Social Development Program (RSDP),2788,"Vill: Bidirpur, PO: Bashanta Kader, Mohonpur, Rajshahi Phone: 01726-376367",2013-05-20,2018-05-20,2028-05-20,Rajshahi,Bangladesh,,Bangladesh NGO Affairs Bureau - Local NGO List (up to 19 August 2026)
Rajush Shechchasebi Shangstha,3051,"Shehala, Doulatpur, Kustia Phone: 01743992600",2016-11-01,,2021-11-01,Kustia,Bangladesh,,Bangladesh NGO Affairs Bureau - Local NGO List (up to 19 August 2026)
Rakhaine Development Foundation (RDF),0874,"2 C/9, Pallabi, Dhaka-1216 Phone: 9000993",1994-12-24,2014-12-24,2019-12-24,Dhaka,Bangladesh,,Bangladesh NGO Affairs Bureau - Local NGO List (up to 19 August 2026)
Ramnathpur Bahumukhi Nabayan Sangha,1151,"Vill. Ramkrishnapur, P.O:Ramnathpur, P.S:Badarganj, Dist: Rangpur. Phone: 01713-721225",1997-03-27,2017-03-27,2027-03-26,Rangpur,Bangladesh,,Bangladesh NGO Affairs Bureau - Local NGO List (up to 19 August 2026)
Ran Development Society,3238,"Village-Kayapara, Post: Dhanbari, Dhanbari, Tangail, Mob: 01752283784",2020-03-24,,2030-03-24,Tangail,Bangladesh,,Bangladesh NGO Affairs Bureau - Local NGO List (up to 19 August 2026)
Rangdhanu Society,2017,"56, Old Paltan, Shak Shaping Centre (9th Floor), Dhaka-1000",2005-03-17,,2010-03-17,Dhaka,Bangladesh,,Bangladesh NGO Affairs Bureau - Local NGO List (up to 19 August 2026)
Rangpur Begum Rokeya Memorial Foundation,3268,"Ashratpur, Post: Cadet College, Rangpur",2021-03-09,,2031-03-09,Rangpur,Bangladesh,,Bangladesh NGO Affairs Bureau - Local NGO List (up to 19 August 2026)
Rangpur Dinajpur Rural Service (RDRS),0003,"House-43, Road-10, Sector-06, Uttara Model Town, Dhaka-1230 Phone :8954384-86, 8959383 fax: 8954391 www.rdrsbangla.net",1981-04-22,2020-05-15,2030-05-15,Dhaka,Bangladesh,,Bangladesh NGO Affairs Bureau - Local NGO List (up to 19 August 2026)
Rangpur Health & Blind Care Foundation,2540,"House-54, Road-02, RK Road, Rangpur. Phone: 0521-63996",2010-02-07,2015-02-07,2020-02-07,Rangpur,Bangladesh,,Bangladesh NGO Affairs Bureau - Local NGO List (up to 19 August 2026)
Rangpur Prothibondhi Foundation,3237,"Press Club Complex, Room-15, Sadar Upazila, Rangpur. Mob: 01190331614",2020-03-23,,2030-03-23,Rangpur,Bangladesh,,Bangladesh NGO Affairs Bureau - Local NGO List (up to 19 August 2026)
Rangpur Unnayan Samajik Sangstha,0264,"G.L Ray Road, Dohiganj, Mahiganj, Rangpur. Phone: 0521-64415",1988-04-17,2018-04-17,2028-04-17,Rangpur,Bangladesh,,Bangladesh NGO Affairs Bureau - Local NGO List (up to 19 August 2026)
Rashmi Human Development organization (RHDO),3298,"House-543,Adarshapara,Ward-08, Bhola-8300 Phone: +8802479966242 email: info@rhdo.org.bd www.rhdo.org.bd",2022-06-19,,2032-06-18,Bhola,Bangladesh,,Bangladesh NGO Affairs Bureau - Local NGO List (up to 19 August 2026)
Rays of Hope Bangladesh,2130,"9/12, Bank Town, Savar, Dhaka. Phone: 01710-814151 www.raysofhopebd.org",2006-08-24,2016-08-23,2021-08-23,Dhaka,Bangladesh,,Bangladesh NGO Affairs Bureau - Local NGO List (up to 19 August 2026)
Razia Idris Jano Kalyan Foundation,3543,"4, Central Basabo, Sabujbagh, Dhaka-1214 Phone: 01312881073, 01675252823 email: mizan.rahman@gmail.com",2025-12-08,,2035-12-07,Dhaka,Bangladesh,,Bangladesh NGO Affairs Bureau - Local NGO List (up to 19 August 2026)
Reach to Unreached (RUN),2558,"Rajapur Lodge (GF), Oxford Mission Road, Barisal-8200 Phone: 01712-029336",2010-04-08,2020-04-08,2030-04-07,Barisal,Bangladesh,,Bangladesh NGO Affairs Bureau - Local NGO List (up to 19 August 2026)
Reaching People in Need (RPN),2420,"44/2 (1st Floor), Modda Bashabo, Sabuzbag, Dhaka-1214. Phone: 01191766509, 01920757014",2009-03-04,2019-03-04,2029-03-04,Dhaka,Bangladesh,,Bangladesh NGO Affairs Bureau - Local NGO List (up to 19 August 2026)
READI (Research Evaluation and Development Initiative),1867,"House-22, Road-7/C, Sector-9, Uttara, Dhaka.",2003-08-14,2023-08-14,2033-08-13,Gopalganj,Bangladesh,Name Changed on 14-08-2018,Bangladesh NGO Affairs Bureau - Local NGO List (up to 19 August 2026)
Redeem for Wisdom Education Development and Manner (RWEDM),1614,"House-71, Road-06, Section-C, Sabalia, Tangail Phone: 01735-0505353",2001-01-25,2021-01-25,2031-01-24,Tangail,Bangladesh,,Bangladesh NGO Affairs Bureau - Local NGO List (up to 19 August 2026)
Refugee and Migratory Movement Research Unit,1726,"Sattar Bhaban (4th Floor), 3/3-E, Bijoynagar, Dhaka. Phone: 9360338, Fax: 8362441 www.rmmru.org",2002-07-23,2017-07-23,2027-07-23,Dhaka,Bangladesh,,Bangladesh NGO Affairs Bureau - Local NGO List (up to 19 August 2026)
Regenerative Action for Kelaidoskapik Human Activities and Learning (RAKHAL),1984,"Road-7/B, House-59, Block-H, Banani, Dhaka. Phone: 987860 www.ptabd.com",2004-11-17,2009-11-17,2014-11-17,Dhaka,Bangladesh,,Bangladesh NGO Affairs Bureau - Local NGO List (up to 19 August 2026)
Regional Development Organization (RDO),3485,"Malshapara, Sirajganj Sadar, Sirajganj Phone: 01716668149 email: rdo.sirajganj@gmail.com",2025-07-08,,2035-07-07,Sirajganj,Bangladesh,,Bangladesh NGO Affairs Bureau - Local NGO List (up to 19 August 2026)
Rehabilitation Centre for Prostitutes and Rootless Children (PARC),1940,"88, Shah Mohammad Ali Lane, Chakbazar, Kotwali, Chattogram. Phone: 031-612821, 031-610089 www.parcbd.org",2004-06-24,2019-06-24,2029-06-24,Chattogram,Bangladesh,,Bangladesh NGO Affairs Bureau - Local NGO List (up to 19 August 2026)
Rehabilitation Emplopyment & Development For the Youth (READY),3222,"Mollikerber, Rampal, Bagerhat. Mob: 01937589165",2019-10-27,,2029-10-27,Bagerhat,Bangladesh,,Bangladesh NGO Affairs Bureau - Local NGO List (up to 19 August 2026)
Rehabilitation of Development People (RDP),1064,"34, Nawab Mansion (2nd Floor), Green Road, Dhaka-1205",1996-08-25,2021-08-26,2031-08-25,Dhaka,Bangladesh,"Cancelled on 27/07/2010, Revived on 23/02/2014",Bangladesh NGO Affairs Bureau - Local NGO List (up to 19 August 2026)
Reliant Women Development Organization (RWDO),1896,"Nahar Villa, 14 # Rongdhunu, Lakreepara, Shibgonj, Syleht-3100 Phone: 761562",2003-12-27,2018-12-27,2028-12-27,Sylhet,Bangladesh,,Bangladesh NGO Affairs Bureau - Local NGO List (up to 19 August 2026)
Reproductive Health Services Training and Education Programme (RH-STEP),0430,"House-1041, Road-45 (Old), Avenue-9, Mirpur DOHS, Dhaka-1216 Phone: 9011195 Fax: 88-02-9013872",1991-01-09,2021-01-09,2031-01-09,Dhaka,Bangladesh,,Bangladesh NGO Affairs Bureau - Local NGO List (up to 19 August 2026)
Research & Development Collective,2763,"Mamtaz Plaza, House-07, Road-04, Dhanmondi, Dhaka. Phone: 01912-819255",2013-01-22,,2018-01-22,Dhaka,Bangladesh,,Bangladesh NGO Affairs Bureau - Local NGO List (up to 19 August 2026)
Research and Empowerment Organization,3247,"House-05, Road-11, Sector-01, Uttara Model Town, Dhaka, Mob: 01717314333",2020-10-05,,2030-10-05,Dhaka,Bangladesh,,Bangladesh NGO Affairs Bureau - Local NGO List (up to 19 August 2026)
Research and Rehabilitation Program for the Disabled (RRD),1929,"House-90/2, Dori Magura, Al Amin Para, Post Box: 08, Magura-7600 Phone: 0488-63180",2004-07-05,2009-05-10,2014-05-10,Magura,Bangladesh,,Bangladesh NGO Affairs Bureau - Local NGO List (up to 19 August 2026)
Research Initives Bangladesh (RIB),1709,"House-104, Road-25, Block-A, Banani Dhaka. Phone: 8860830-1, Fax: 8811962 www.rib-bangladesh.org",2002-02-07,2017-02-07,2027-02-07,Dhaka,Bangladesh,,Bangladesh NGO Affairs Bureau - Local NGO List (up to 19 August 2026)
Research On Old Towns and Subarbs (ROOTS),1125,"House # 40, Road 14A, Dhanmondi R/A, Dhaka.",1997-01-26,2007-01-26,2012-01-26,Dhaka,Bangladesh,,Bangladesh NGO Affairs Bureau - Local NGO List (up to 19 August 2026)
Resorce Development Foundation (RDF),1069,"RDF Tower, Police Line Sarak, Tatali, Thana: Amtali, Barguna Phone : 9134541 www.rdfbd.com",1996-08-31,2026-08-01,2036-07-31,Barguna,Bangladesh,,Bangladesh NGO Affairs Bureau - Local NGO List (up to 19 August 2026)
Resource Integration and Social Development Association Bangladesh(RISDA),1095,"House-46 (1st Floor), Lane-03, Block-A, Section-06, Mirpur, Dhaka-1216. Phone: 9008133, Fax: 8034545 www.risda.org.bd",1996-11-03,2016-11-03,2026-11-03,Dhaka,Bangladesh,,Bangladesh NGO Affairs Bureau - Local NGO List (up to 19 August 2026)
Resource Integration Centre (RIC),0177,"House-20 (New), Road-11 (Old-32), Dhanmondi R/A, Dhaka-1209 Phone: 811475, 8114034",1984-11-26,2020-05-15,2030-05-15,Dhaka,Bangladesh,,Bangladesh NGO Affairs Bureau - Local NGO List (up to 19 August 2026)
Resource Mobilization for Development,1079,"Uzzalpur, Maijdee Court, Main Road, Noakhali. Phone: 0321-62785",1996-10-02,2006-10-02,2011-10-02,Noakhali,Bangladesh,,Bangladesh NGO Affairs Bureau - Local NGO List (up to 19 August 2026)
Rights and Empowerment for Disabled (RED),2055,"eHmouasile: -07, Road-19, Rupnagar R/A, Pallabi, Dhaka. Phone: 8012314",2006-01-03,,2011-01-03,Dhaka,Bangladesh,,Bangladesh NGO Affairs Bureau - Local NGO List (up to 19 August 2026)
Rights and Sight for Children (RSC),1014,"House-167, Road-3, Mohammadpur Housing Ltd. Mohammadpur, Dhaka-1207 Phone :9135122 www.rscbd.org",1996-03-06,2021-03-06,2031-03-06,Dhaka,Bangladesh,,Bangladesh NGO Affairs Bureau - Local NGO List (up to 19 August 2026)
Rights Jessore,1303,"RS Bhaban (2nd Floor), Jail Road, Jessore. Phone: 0421-64243",1998-10-26,2018-10-26,2028-10-26,Jessore,Bangladesh,,Bangladesh NGO Affairs Bureau - Local NGO List (up to 19 August 2026)
Rishilpi Foundation,3435,"Gopinathpur, Binerpota, Satkhira Phone: 01774976585 email: rishilpifoundation@gmail.com www.rishilpibd.org",2025-03-24,,2035-03-23,Satkhira,Bangladesh,,Bangladesh NGO Affairs Bureau - Local NGO List (up to 19 August 2026)
Rising Popular Optional Foundation (RPO),3056,"107, Sher-E-Bangla road, Khulna Phone: 01718404021",2016-12-11,2021-12-11,2031-12-10,Khulna,Bangladesh,,Bangladesh NGO Affairs Bureau - Local NGO List (up to 19 August 2026)
Rokeya Foundation,2611,"Haji Siddique Shawodagar Bari, Vill+Post: Dengapara, Patiya-4370, Chattogram Phone: 01316798043, 01316798041",2010-11-22,2020-11-22,2030-11-22,Chattogram,Bangladesh,,Bangladesh NGO Affairs Bureau - Local NGO List (up to 19 August 2026)
Rokeya Health & Educatin Foundation,2962,"House-9/3, Block-B, Lane-1, Section-6, Mirpur, Dhaka-1216 Phone: 9511914",2015-08-30,,2020-08-30,Dhaka,Bangladesh,,Bangladesh NGO Affairs Bureau - Local NGO List (up to 19 August 2026)
Roots Bangladesh,2367,"41, Hemendra Das Road, Sutrapur, Dhaka.",2008-06-15,,2013-06-15,Dhaka,Bangladesh,,Bangladesh NGO Affairs Bureau - Local NGO List (up to 19 August 2026)
Roots Social Development Programme,1068,"Batikamara, Kumarkhali, Kustia Phone: 07025-76359",1996-08-31,2001-08-31,2006-08-31,Kustia,Bangladesh,"Cancelled on 29/06/2010, Revived on 21/04/2011",Bangladesh NGO Affairs Bureau - Local NGO List (up to 19 August 2026)
Ropali Halth Care Foundation,3080,"House-43/45, Road-6, Block-F, Sector-1, Islam City, Aftab Nagar, Badda, Dhaka Phone: 01734084083",2017-01-09,,2022-01-09,Dhaka,Bangladesh,,Bangladesh NGO Affairs Bureau - Local NGO List (up to 19 August 2026)
ROVA Foundation,0635,"Vill. Horishpur, P.O. Narkelbaria, Thana Shalikha, Magura Phone: 01711-807352",1992-07-04,2017-07-04,2027-07-04,Magura,Bangladesh,,Bangladesh NGO Affairs Bureau - Local NGO List (up to 19 August 2026)
Rupali,0753,"Vill. Kishmot Ghona, P.O. Sujanshahi, Thana Tala, Satkhira",1993-09-18,2018-09-18,2028-09-18,Sathkhira,Bangladesh,,Bangladesh NGO Affairs Bureau - Local NGO List (up to 19 August 2026)
Rupali Mohila Unnayan Songstha,3503,"Chotogar, Purbodhola Road, Netrakona Phone: 01725249137 email: rupalimus.org@gmail.com",2025-09-28,,2035-09-27,Netrakona,Bangladesh,,Bangladesh NGO Affairs Bureau - Local NGO List (up to 19 August 2026)
Rupali Setu Bandhan Samaj Kallayan Sangstha,2912,"171/1/G(3rd Floor), Ekatoa Housing, Shyamoly, Road-2, Sher E Bangla Nagar, Dhaka Phone: 01716-572620",2015-01-15,2020-01-15,2030-01-15,Dhaka,Bangladesh,,Bangladesh NGO Affairs Bureau - Local NGO List (up to 19 August 2026)
Rupantar,1170,"19 Akbarbad State, Shirashnagar, Khulna-9100 Phone: 041-731876, Fax: 041-810747 info@rupantar.org",1997-07-10,2017-07-10,2027-07-10,Khulna,Bangladesh,,Bangladesh NGO Affairs Bureau - Local NGO List (up to 19 August 2026)
Rupashi Bangla Unnayan Sangstha (RBUS),3507,"wSawdwa.rruRpoaandtorIn.odrugrkani,Vill:&Post: Indurkani, UZ: Indurkani, Dist: Pirojpur Phone: 01722310486 email:",2025-10-16,,2035-10-15,Pirojpur,Bangladesh,,Bangladesh NGO Affairs Bureau - Local NGO List (up to 19 August 2026)
RUPSA-Rural & Urban Poors Partner for Social Advancement,2460,"rBuapssuhpibaaran gNlao2rt0h1 K0h@agl mBaanilk.c Romoad, 52, Solaiman Nagar, Khulna. Phone: 041-811666, Fax: 041-811666",2009-06-17,2019-06-17,2029-06-16,Khulna,Bangladesh,,Bangladesh NGO Affairs Bureau - Local NGO List (up to 19 August 2026)
Rural Advancement Committee for Bangladesh-RAC-Bangladesh,2489,"Nandina, Bajitpur, Kishoreganj Phone: 0942364281",2009-10-07,2019-10-07,2029-10-07,Kishorganj,Bangladesh,,Bangladesh NGO Affairs Bureau - Local NGO List (up to 19 August 2026)
Rural Advancement Council (RAC),1986,"Vill. Badsha, Post: Joy Parbatipur, Dist. Joypurhat. Phone: 01774812416",2004-11-28,2014-11-28,2019-11-28,Joypurhat,Bangladesh,,Bangladesh NGO Affairs Bureau - Local NGO List (up to 19 August 2026)
Rural Agricultural Social Development (RASDE),1331,"Ashekpur, Tangail Phone: 0921-54079",1999-01-06,2019-01-06,2029-01-06,Tangail,Bangladesh,"Cancelled on 23/12/2010, Revived on 01/06/2011",Bangladesh NGO Affairs Bureau - Local NGO List (up to 19 August 2026)
Rural and Urban Dev. and Impro. of Socio Econ. Facilities (RUDISEF),1364,"House-260, Lane-19, Lake Road, New DOHS, Mohakhali, Dhaka. Phone: 9880515 www.rudisof.org",1999-04-06,2009-04-06,2014-04-06,Dhaka,Bangladesh,,Bangladesh NGO Affairs Bureau - Local NGO List (up to 19 August 2026)
Rural Association for Development,1861,"House-116, Road-29, Adarshapara, Jhenaidah-7300 Phone: 01924-401757",2003-07-22,2018-07-22,2028-07-21,Jhenaidah,Bangladesh,,Bangladesh NGO Affairs Bureau - Local NGO List (up to 19 August 2026)
Rural Association for Nutrition Improvement (RANI),3346,"Majedavila, Masterpara, Sadar, Naogaon Phone: 01711451800",2023-03-23,,2033-03-22,Naogaon,Bangladesh,,Bangladesh NGO Affairs Bureau - Local NGO List (up to 19 August 2026)
Rural Association for Social Advancement (RASA),3342,"Satpatki, Burirbazar, Mohendranagar, Sadar, Lalmonirhat. Phone: 01793886944, 01991126801 email: rasanazmul2014@gmail.com www.rasabd.org",2023-03-07,,2033-03-06,Lalmonirhat,Bangladesh,,Bangladesh NGO Affairs Bureau - Local NGO List (up to 19 August 2026)
Rural Conscionesness Unit (RCU),2335,"Monirampur, Jessore-7440 Phone: 04227-78304",2008-04-17,2013-04-17,2018-04-17,Jessore,Bangladesh,,Bangladesh NGO Affairs Bureau - Local NGO List (up to 19 August 2026)
Rural Development & Educational Organization,2626,"College Road, Jiban Nagar, Chuadanga. Phone: 0762475506",2011-03-14,2016-03-14,2026-03-14,Chuadanga,Bangladesh,,Bangladesh NGO Affairs Bureau - Local NGO List (up to 19 August 2026)
Rural Development & Health Centre Foundation,0069,"Shatrumardon, Pagla Bazar, South Sunamganj, Sunamganj Phone: 901732-370445 www.rdhcf.org",1981-04-22,2015-05-15,2020-05-15,Dhaka,Bangladesh,,Bangladesh NGO Affairs Bureau - Local NGO List (up to 19 August 2026)
Rural Development Associate,1632,"271, Bagan Bari, P.O: Vairob bazar, Kishorganj Phone: 09424-71887",2001-04-18,2016-04-18,2026-04-18,Kishorganj,Bangladesh,,Bangladesh NGO Affairs Bureau - Local NGO List (up to 19 August 2026)
Rural Development Concern,2809,"Road-03, House-07, Siddikia Road, College Para, Magura. Phone: 01712-279378",2013-08-19,2018-08-19,2028-08-19,Magura,Bangladesh,,Bangladesh NGO Affairs Bureau - Local NGO List (up to 19 August 2026)
Rural Development Foundation (RDF),0380,"Mataincourt, Post: Alisshar, Upazilla: Sadar Dakkin, Comilla. Phone: 01799-424272",1990-05-07,2020-05-07,2030-05-06,Comilla,Bangladesh,"Cancelled on 23/12/2010, Revived on 25/5/2016",Bangladesh NGO Affairs Bureau - Local NGO List (up to 19 August 2026)
Rural Development Sangstha (RDS),2789,"49, Gerinda, Narayanpur, Sherpur. Phone: 01711-186703",2013-05-30,2018-05-30,2028-05-30,Sherpur,Bangladesh,,Bangladesh NGO Affairs Bureau - Local NGO List (up to 19 August 2026)
Rural Development Society (RDS),2318,"Tokyo Tower, Wapda Road, Jikorgacha Busstand, Tokeyo Tower, Post+Upazila: Jikorgacha, Dist. Jessore Phone: 01734-473987",2008-03-12,2023-03-13,2033-03-12,Jessore,Bangladesh,,Bangladesh NGO Affairs Bureau - Local NGO List (up to 19 August 2026)
Rural Development Society (RDS),0879,"Vill. & P.O. Bandhabari, Thana Kotalipara, Gopalganj Phone: 01740-906147 www.rdsbd.org",1994-12-24,2019-12-24,2029-12-23,Gopalganj,Bangladesh,,Bangladesh NGO Affairs Bureau - Local NGO List (up to 19 August 2026)
Rural Economic and Agricultural Development Organization of Bangladesh (READOB),1886,"House-20, Road-08, Block-A, Shahjalal Upa-Shahar, Sylhet-3100 Phone: 0821-2860709",2003-11-11,2018-11-11,2028-11-11,Sylhet,Bangladesh,,Bangladesh NGO Affairs Bureau - Local NGO List (up to 19 August 2026)
Rural Economic and Social Welfare Organisation (RESWO),1574,"SP Office Lane, Chuadanga-7200 Phone: 0761-63309",2000-10-15,2020-10-15,2030-10-15,Chuadanga,Bangladesh,,Bangladesh NGO Affairs Bureau - Local NGO List (up to 19 August 2026)
Rural Economic Development Association (REDA),1387,"23/D, Gulkibari Road, Mymensingh Phone: 091-52035",1999-05-30,2014-05-30,2019-05-30,Mymensingh,Bangladesh,"Cancelled on 29/07/2010, Revived on 14/01/2015",Bangladesh NGO Affairs Bureau - Local NGO List (up to 19 August 2026)
Rural Economical Development Organisation (REDO),1308,"Vill+PO: Alenga, UZ: Kalihati, Tangail Phone: 01720-513526",1998-11-12,2018-11-12,2028-11-12,Tangail,Bangladesh,,Bangladesh NGO Affairs Bureau - Local NGO List (up to 19 August 2026)
Rural Effective Social Development Organisation (RESDO),1781,"Ukilpara, Arabpur, Jhenaidah Phone: 0451-3640",2002-12-31,2017-12-31,2027-12-31,Jhenaidah,Bangladesh,,Bangladesh NGO Affairs Bureau - Local NGO List (up to 19 August 2026)
Rural Energy and Development Initiative (REDI),2170,"House-04 (2nd Floor), Road-06, Block-C, Banani, Dhaka-1213 Phone: 9852944, Fax: 9880501",2006-12-03,2021-12-03,2031-12-03,Dhaka,Bangladesh,,Bangladesh NGO Affairs Bureau - Local NGO List (up to 19 August 2026)
Rural Establishment Organization (REO),2164,"Vill.: Karbala (Dreamland House-1st Floor), PO: Jessore-7400, PS: Kotwali, Diat: Jessore. Phone: 0421-62139, 01716236498",2006-11-23,2021-11-23,2031-11-23,Jessore,Bangladesh,,Bangladesh NGO Affairs Bureau - Local NGO List (up to 19 August 2026)
Rural Health and Development Society,0674,"16/A-5 (2nd Fl.), Ring Road, Block-F, Mohammadpur, Dhaka-1207 Phone: 9128565, 9560536",1992-12-20,2012-12-20,2017-12-20,Dhaka,Bangladesh,,Bangladesh NGO Affairs Bureau - Local NGO List (up to 19 August 2026)
Rural Health Education & Credit Organisation (RHECO),2742,"Kabi Sukanta Sarak, Adarsha Para, Jhenaidah.",2012-11-12,2017-11-12,2027-11-12,Jhenaidah,Bangladesh,,Bangladesh NGO Affairs Bureau - Local NGO List (up to 19 August 2026)
Rural Investment Multipurpose Society (RIMS),2146,"Vill.: South Denayetpur, Post+Upazilla: Raypur, Dist.: Laxipur.",2006-10-16,,2011-10-16,Laxmipur,Bangladesh,,Bangladesh NGO Affairs Bureau - Local NGO List (up to 19 August 2026)
Rural People Development Songstha,2395,"Dewanpara, Goalanda, Rajbari Phone: 06423-56261",2008-12-03,,2013-12-03,Rajbari,Bangladesh,,Bangladesh NGO Affairs Bureau - Local NGO List (up to 19 August 2026)
Rural Planning & Development Organization (RPDO),2199,"Vill.: Ghagowa, Post: Tarapur, Upazilla: Sundargonj, Dist.: Gaibandha. Phone: 01716-285242",2007-03-01,2017-03-01,2027-03-01,Gaibandha,Bangladesh,,Bangladesh NGO Affairs Bureau - Local NGO List (up to 19 August 2026)
Rural Poor Development Organization (RPDO),3549,"House-13, Block-E, Purbo Adalot Para, Green Road, Tangail-1900 Phone: 01712229704 email: rpdobd@yahoo.com",2025-12-28,,2035-12-27,Tangail,Bangladesh,,Bangladesh NGO Affairs Bureau - Local NGO List (up to 19 August 2026)
Rural Poverty Alleviation Association (RUPAA),1760,"Bhangoora Bazar, P.O: Bhangoora, Dist: Pabna. Phone: 01718-241607",2002-11-15,2007-11-14,2012-11-14,Pabna,Bangladesh,,Bangladesh NGO Affairs Bureau - Local NGO List (up to 19 August 2026)
Rural Reconstruction Foundation(RRF),0284,"RRF Bhaban, C&B Road, Karbala, Jessore Phone : 0421-66906, 01733-075095 www.rrf.bd.org",1989-02-13,2019-02-13,2029-02-13,Jessore,Bangladesh,,Bangladesh NGO Affairs Bureau - Local NGO List (up to 19 August 2026)
Rural Society Development Association (RSDA),1251,"Dakkhin Tapurchar, P.O. Tapurchar, Roumari, Kurigram. Phone: 01744-298301",1998-03-11,2018-03-11,2028-03-11,Kurigram,Bangladesh,,Bangladesh NGO Affairs Bureau - Local NGO List (up to 19 August 2026)
Rural Society Development Program (RSDP),1827,"Dath Bhangga, Rowmari, Kurigram",2003-05-07,2018-05-07,2028-05-07,Kurigram,Bangladesh,,Bangladesh NGO Affairs Bureau - Local NGO List (up to 19 August 2026)
Rural Underprivileged and Landless Farmer's Organisation,0235,"Khajura, PO: Janarddanbati (Via Madhnagore), Dist: Rajshahi. Phone 0721-775027",1987-08-30,2017-08-30,2027-08-30,Natore,Bangladesh,,Bangladesh NGO Affairs Bureau - Local NGO List (up to 19 August 2026)
Rural Vision,1299,"Baro Boira, Rayer Mahal, School Road, Khulna Phone: 01711-273418",1998-10-22,2013-10-22,2018-10-22,Khulna,Bangladesh,,Bangladesh NGO Affairs Bureau - Local NGO List (up to 19 August 2026)
Rural Women Development Association (RWDA),2322,"Matiagachi, Barat, Rajbari Phone: 0189-382981",2008-03-23,2013-03-23,2018-03-23,Rajbari,Bangladesh,,Bangladesh NGO Affairs Bureau - Local NGO List (up to 19 August 2026)
Rurowa Laue Tathang (RLT),1830,"Vill.- Pankhaya Thana, PO+PS+Dist.- Khangrachari",2003-05-17,,2008-05-17,Khagrachari,Bangladesh,,Bangladesh NGO Affairs Bureau - Local NGO List (up to 19 August 2026)
RUSA (Rural Unity & Social Advancement),3535,"Rasulpur, Satkhira-9400 Phone: 01728389302, 01712316095 email: rusa.ngo.bd@gmail.com",2025-12-01,,2035-11-30,Satkhira,Bangladesh,,Bangladesh NGO Affairs Bureau - Local NGO List (up to 19 August 2026)
Rustic,1949,"House-11, Road-06, Sonadanga R/A, Khulna-9100 Phone: 01-729421",2004-07-25,2019-07-25,2029-07-25,Khulna,Bangladesh,,Bangladesh NGO Affairs Bureau - Local NGO List (up to 19 August 2026)
RW Welfare Society,3338,"889/NurAhmedRoad,JamalKhan, Chattogram. Email:rowwsbd@gmail.com",2022-12-20,,2032-12-19,Chattogram,Bangladesh,,Bangladesh NGO Affairs Bureau - Local NGO List (up to 19 August 2026)
S. Ahmed Foundation,2178,"78, Dilkusha C/A, Dhaka.",2006-12-24,,2011-12-24,Dhaka,Bangladesh,,Bangladesh NGO Affairs Bureau - Local NGO List (up to 19 August 2026)
Saadat Smriti Sadan,1640,"555, Noyatola, Bara Maghbazar, Dhaka.",2001-05-17,2006-05-17,2011-05-17,Dhaka,Bangladesh,,Bangladesh NGO Affairs Bureau - Local NGO List (up to 19 August 2026)
Sabalamby Unnayan Samity,0392,"Shibganj Road, P.O. & Dist. Netrokona Phone : 0951-61566 Fax: 0951-61766 www.sablamby.org",1990-10-21,2020-10-21,2030-10-21,Netrakona,Bangladesh,,Bangladesh NGO Affairs Bureau - Local NGO List (up to 19 August 2026)
Sabuj Kallyan Sangstha(SKS),1480,"Kabirpur, P.O.+Thana: Shailakupa, Jhenidah. Phone: 01937-870669",2000-01-26,2020-01-26,2030-01-26,Jhenaidah,Bangladesh,Name Change 22/02/2023,Bangladesh NGO Affairs Bureau - Local NGO List (up to 19 August 2026)
Sabujer Ovizan Foundation,2718,"House-425, Road-03, Adabor Shamoli, Dhaka. Phone: 01726-851785",2012-07-18,2017-07-18,2027-07-18,Dhaka,Bangladesh,,Bangladesh NGO Affairs Bureau - Local NGO List (up to 19 August 2026)
Sachatan Shahajja Sangstha,1999,"Kulsum Apt. Flate-3-B (3rd Floor), 40-41, Siddeshwari Circular Road, Shantinagar, Dhaka-1217 Phone: 01711-612752 www.sssdhakabd.org",2005-01-13,2020-01-13,2030-01-13,Dhaka,Bangladesh,,Bangladesh NGO Affairs Bureau - Local NGO List (up to 19 August 2026)
Sachetan,1136,"House-573, Ramchandrapur, Natore Road, Rajshahi-6100. Phone: 0721-771602, Fax: 0721-812560",1997-02-17,2017-02-17,2027-02-17,Rajshahi,Bangladesh,,Bangladesh NGO Affairs Bureau - Local NGO List (up to 19 August 2026)
Sachetan Karma Sahayak Sangstha,2948,"Vill: Chakrampur, Upazila Sadar, Natore Phone: 01558-795646",2015-07-30,2020-07-30,2030-07-30,Natore,Bangladesh,,Bangladesh NGO Affairs Bureau - Local NGO List (up to 19 August 2026)
SAD Bangladesh,2586,"Kamlpur (Amlapara), Uzilla: Bhairab, Distl: Kishorganj. Phone: 01714-090232",2010-07-13,2020-07-13,2030-07-12,Kishorganj,Bangladesh,,Bangladesh NGO Affairs Bureau - Local NGO List (up to 19 August 2026)
SAFE (Social Activities for Environment),2875,"Nur Villa, Khan a Sabur Road, Khulna Phone: 88041813181",2014-08-12,,2019-08-12,Khulna,Bangladesh,,Bangladesh NGO Affairs Bureau - Local NGO List (up to 19 August 2026)
Safe Foundation,2415,"Baramagura (Noyapara), B/Kanchdah, Nawabgonj, Dinajpur. Phone: 01748-951390",2009-02-26,2019-02-26,2029-02-25,Dinajpur,Bangladesh,,Bangladesh NGO Affairs Bureau - Local NGO List (up to 19 August 2026)
Safe Green Foundation,3561,"Mollahat, Bagerhat, Khulna, Bagerhat Phone: 01790000011 email: safegreenfoundation@gmail.com",2026-01-19,,2036-01-18,Bagerhat,Bangladesh,,Bangladesh NGO Affairs Bureau - Local NGO List (up to 19 August 2026)
Safety & Rights Society,2659,"14/23 Babor Road (4th Floor), Block-B, Mohammadpur, Dhaka-1207. Phone: 01193200207, 01191797414",2011-09-29,2021-09-29,2031-09-29,Dhaka,Bangladesh,,Bangladesh NGO Affairs Bureau - Local NGO List (up to 19 August 2026)
Safollow Shastho O Shikkha Unnayan Foundation,2810,"wLawhwe.rspaufre, tByaanrgdorirgiah,t s.org Chapainababganj. Phone: 01733-111515",2013-08-22,2018-08-22,2028-08-22,Chapainababg anj,Bangladesh,,Bangladesh NGO Affairs Bureau - Local NGO List (up to 19 August 2026)
Sagarika Samaj Unnayan Sangstha,0343,"Vill. & P.O. Charbata, Noakhali Sadar, Noakhali Phone: 01711-380864 www.sagarika-bd.org",1990-01-28,2020-01-28,2030-01-27,Noakhali,Bangladesh,,Bangladesh NGO Affairs Bureau - Local NGO List (up to 19 August 2026)
Saint Bangladesh,2064,"Akter Mansion, C & B Road, Barisal Phone: 0431-2176016",2006-01-25,2021-01-25,2031-01-25,Barisal,Bangladesh,,Bangladesh NGO Affairs Bureau - Local NGO List (up to 19 August 2026)
SAJ (Samaj Gathon Mulak Protishthan),3137,"31, PTI Road, Shastitala Para, Jessore",2018-01-22,,2028-01-22,Jessore,Bangladesh,,Bangladesh NGO Affairs Bureau - Local NGO List (up to 19 August 2026)
Sajida Foundation,0984,"House-28, Road-07, Block-C, Niketon Housing Society, Gulshan-1, Dhaka-1212 Phone: 9890513, Fax: 9863165 www.sajidafoundation.org",1995-10-31,2020-10-31,2030-10-31,Dhaka,Bangladesh,,Bangladesh NGO Affairs Bureau - Local NGO List (up to 19 August 2026)
Sa-Karma Samaj Seba Sangstha,1759,"House-39/39, Vill: Upar Vadra, P.O: Kajla, Thana: Boalia, Rajshai.",2002-11-14,,2007-11-14,Rajshahi,Bangladesh,,Bangladesh NGO Affairs Bureau - Local NGO List (up to 19 August 2026)
SAKO (Social Advancement of Kinetic Organization),2148,"Vill.: Horiasa, Post+Upazilla: Jajira, Dist.: Shariatpur.",2006-10-17,,2011-10-17,Shariatpur,Bangladesh,,Bangladesh NGO Affairs Bureau - Local NGO List (up to 19 August 2026)
Saleh Family Foundation,2546,"Crystal Plaza, 53, Sir Najim Uddin Road, Dhaka-1000 Phone: 7301889, 01556-459669",2010-03-02,2025-03-02,2035-03-01,Dhaka,Bangladesh,,Bangladesh NGO Affairs Bureau - Local NGO List (up to 19 August 2026)
Saleha Abdul Rahman Samaj Kallayan Parishad,3169,"Village: Chowala, Narsingdi Sadar, Narsingdi. Mob: 01722233572",2018-11-11,,2028-11-11,Narsingdhi,Bangladesh,,Bangladesh NGO Affairs Bureau - Local NGO List (up to 19 August 2026)
Salenka Katt Shilpa Sramik Kalyan Samity,0242,"Vill. Salenka, Tangail",1987-11-03,2007-12-03,2012-12-03,Tangail,Bangladesh,,Bangladesh NGO Affairs Bureau - Local NGO List (up to 19 August 2026)
Salma Foundation,2995,"Katia, Against Katia Govt. Staff Quarter, Sathkhira. Phone: 01785-758559",2016-01-21,,2021-01-21,Sathkhira,Bangladesh,,Bangladesh NGO Affairs Bureau - Local NGO List (up to 19 August 2026)
Salman Shah Manab Kallyan Sangstha,1494,"Flat-C, JJ Tower, Kalabagan, Dhaka.",2000-03-06,2005-03-06,2010-03-06,Dhaka,Bangladesh,,Bangladesh NGO Affairs Bureau - Local NGO List (up to 19 August 2026)
SALMANS,1028,"Vill. Lakhoonpur, P.O. Suvashoni, Satkhira",1996-04-13,2011-04-13,2021-04-13,Sathkhira,Bangladesh,,Bangladesh NGO Affairs Bureau - Local NGO List (up to 19 August 2026)
Salpobitto Paribar Unnayan Kendra,1629,"H-724, Road-10, Baitul Aman Housing Society, Adabar, Shyamoly, Dhaka. Phone : 8116042",2001-04-09,2016-04-09,2026-04-09,Dhaka,Bangladesh,,Bangladesh NGO Affairs Bureau - Local NGO List (up to 19 August 2026)
Salvation for the Deserving (SFD),2108,"Vill.: Tum Dakhin, Post: Dalai Bazar, Upazilla: Singair, Dist.: Manikgong.",2006-07-06,,2011-07-06,Manikganj,Bangladesh,,Bangladesh NGO Affairs Bureau - Local NGO List (up to 19 August 2026)
Salvation of women Local Association (SAWLA),2150,"7/A/1, I/A, Dhaka-1208 Phone: 8154051, 8144200",2006-11-02,2011-11-02,2016-11-02,Dhaka,Bangladesh,,Bangladesh NGO Affairs Bureau - Local NGO List (up to 19 August 2026)
Samadhan,1155,"Keshobpur Bazar, P.O. & Thana: Keshobpur, Jessore. Phone: 04226-56549",1997-05-11,2017-05-10,2027-05-10,Jessore,Bangladesh,,Bangladesh NGO Affairs Bureau - Local NGO List (up to 19 August 2026)
Samahar-Multi Dicipliminary Research and Development Foundation,2310,"House-817 (3rd Fl.), Road-04, Baitul Aman Housing Society, Adabar, Dhaka-1207 Phone: 9115530, Fax: 9113867",2008-02-26,2018-02-26,2028-02-26,Lalmonirhat,Bangladesh,,Bangladesh NGO Affairs Bureau - Local NGO List (up to 19 August 2026)
Samaj Jagoran O Unnayan Kendra,2452,"Professor Colony, College Road, Gaibandah-5700 Phone: 01712-532003",2009-06-02,2024-06-02,2034-06-01,Gaibandha,Bangladesh,,Bangladesh NGO Affairs Bureau - Local NGO List (up to 19 August 2026)
Samaj Kallan Bahumukhi Unnayan Sangstha,2241,"House-39 (1st Fl.), Road-14, Rajuk Project, Merul Badda, Dhaka. Phone: 8819022",2007-06-10,2017-06-10,2027-06-10,Dhaka,Bangladesh,,Bangladesh NGO Affairs Bureau - Local NGO List (up to 19 August 2026)
Samaj Kalyan O Palli Unnayan Sangstha,0472,"Vill & P.O. Rupsha, Thana Shibalay, Manikganj Phone: 01712-570434",1991-05-22,2011-05-22,2016-05-22,Manikganj,Bangladesh,,Bangladesh NGO Affairs Bureau - Local NGO List (up to 19 August 2026)
Samaj Kalyan O Unnayan Shangstha (SKUS),2061,"110, Shantinagar, Nilpar Building (1st Floor), Dhaka. Phone: 9338519, Fax: 9338519",2006-01-25,2021-01-25,2031-01-25,Dhaka,Bangladesh,,Bangladesh NGO Affairs Bureau - Local NGO List (up to 19 August 2026)
Samaj Kalyan Parishad,0140,"House-22(3rd Floor), Road-15, (Rabindra Sarani), Sector-07, Uttara, Dhaka Phone: 01715-801977",1983-04-10,2018-04-18,2028-04-18,Kustia,Bangladesh,,Bangladesh NGO Affairs Bureau - Local NGO List (up to 19 August 2026)
Samaj O Jati Gathan (SOJAG),0453,"Vill&PO: Shalan, UZ: Dhamrai. Dist: Dhaka. Phone: 01730-038501 www.sojag.org",1991-03-25,2016-03-25,2021-03-25,Dhaka,Bangladesh,"Cancelled on 27/06/2010, Revived on 10/05/2011",Bangladesh NGO Affairs Bureau - Local NGO List (up to 19 August 2026)
Samaj Paribartan Kendra-SPK,0722,"40/42, Taherbag, Nawabpur, PS: Wari, Dhaka-1100 Phone: 7125156, Fax: 9565304",1993-06-30,2013-06-30,2018-06-30,Dhaka,Bangladesh,,Bangladesh NGO Affairs Bureau - Local NGO List (up to 19 August 2026)
Samaj Progoti Sangstha,0783,"Razia Niloy, Sarderpara, New College Road, Post Code # 2000, Dist. Jamalpur Phone : 0981-2101",1993-11-11,2008-11-11,2013-11-11,Jamalpur,Bangladesh,,Bangladesh NGO Affairs Bureau - Local NGO List (up to 19 August 2026)
Samaj Seba Sangstha,2057,"House-225, Road-15, New DOHS, Mohakhali, Dhaka-1206",2006-01-05,2021-01-05,2031-01-05,Dhaka,Bangladesh,,Bangladesh NGO Affairs Bureau - Local NGO List (up to 19 August 2026)
Samaj Unnayan Kendra (SUK),1359,"13--A/3-A, Block-B, Babor Road, Mohammadpur, Dhaka-1207 Phone : 8126913",1999-03-22,2019-03-22,2029-03-22,Dhaka,Bangladesh,,Bangladesh NGO Affairs Bureau - Local NGO List (up to 19 August 2026)
Samaj Unnayan Palli Sangstha,2900,"Taz Plaza, Krishi Market, Kacha Bazar, Mohammedpur, Dhaka Phone: 01728-580991",2014-10-20,2019-10-20,2029-10-20,Dhaka,Bangladesh,,Bangladesh NGO Affairs Bureau - Local NGO List (up to 19 August 2026)
Samaj Unnayan Proshikhan Kendra,0154,"Kalitola, Dinajpur-5200 Phone: 0531-64654",1983-12-08,2015-05-15,2020-05-15,Dinajpur,Bangladesh,,Bangladesh NGO Affairs Bureau - Local NGO List (up to 19 August 2026)
Samaj Unnayan Proyash,1230,"House-10, Road-28, Sector-07, Uttara, Dhaka. Phone: 8922174",1998-01-14,2013-01-14,2023-01-14,Jessore,Bangladesh,,Bangladesh NGO Affairs Bureau - Local NGO List (up to 19 August 2026)
Samaj Unnayan Samity,0251,"Tikapara, Thakurgaon Phone: 01715-614626 www.gadalliance.net/tnc-cds.htm",1988-01-04,2018-01-04,2028-01-04,Thakurgaon,Bangladesh,,Bangladesh NGO Affairs Bureau - Local NGO List (up to 19 August 2026)
Samaj Unnayan Sangstha (Dhaka),0509,"413, Gulbagh Road, Malibagh, Dhaka. Phone : 9356051",1991-07-03,2016-07-31,2026-07-31,Dhaka,Bangladesh,,Bangladesh NGO Affairs Bureau - Local NGO List (up to 19 August 2026)
Samaj Unnayan Sangstha Comilla,2504,"Uralchail, Iqbal Nagar, Nagolkot, Comilla. Phone: 01819-074407",2009-10-28,2014-10-28,2019-10-28,Comilla,Bangladesh,,Bangladesh NGO Affairs Bureau - Local NGO List (up to 19 August 2026)
Samaj Unnayan Sangstha-Khulna,2587,"Nazmin Mansion, 7/1, Soultan Ahmed Road, Moulvipara, Khulna Sadar, Khulna-9100. Phone: 810752, Fax: 2830472",2010-07-13,,2015-07-13,Khulna,Bangladesh,,Bangladesh NGO Affairs Bureau - Local NGO List (up to 19 August 2026)
Samaj Unnayan-O-Paribar Porikalpana Sangstha,0575,"Ibrahimpur Road, (Court Road), P.O: Sreemangal (3210), Dist: Maulavibazar Phone :08626-71451",1991-12-15,2017-12-15,2027-12-15,MoulaviBazar,Bangladesh,,Bangladesh NGO Affairs Bureau - Local NGO List (up to 19 August 2026)
Samajic Kallyan Sangstha,1327,"Salandar, Thakurgaon Phone: 05641-52641",1998-12-27,2018-12-27,2028-12-27,Thakurgaon,Bangladesh,,Bangladesh NGO Affairs Bureau - Local NGO List (up to 19 August 2026)
Samajik Sheba Shonghothon,2124,"Vill+Post: Pathrail, Thana: Delduwar, Dist.: Tangail. Phone: 01716-401569, Fax: 0921-53388",2006-08-20,2021-08-20,2031-08-19,Tangail,Bangladesh,,Bangladesh NGO Affairs Bureau - Local NGO List (up to 19 August 2026)
Samajik Unnayan Sangstha,0498,"Dapdapia, Thana: Nalchiti, Jhalokhati. Phone: 01712-557833 www.susbd.net",1991-07-18,2016-07-17,2026-07-16,Jhalokathi,Bangladesh,,Bangladesh NGO Affairs Bureau - Local NGO List (up to 19 August 2026)
Samakal Samaj Unnayan Sangstha,0640,"Vill. & P.O: Jahangirabad, Via: Sadullapur, Pirganj, Rangpur Phone: 05227-56022",1992-07-28,2017-07-28,2027-07-28,Rangpur,Bangladesh,,Bangladesh NGO Affairs Bureau - Local NGO List (up to 19 August 2026)
Samannita Attonirvorsheel Samaj Unnyon Sangstha (SISDA),3097,"Vill: Majihat, PO: Halsha, Mirpur, Kustia Phone: 01715020343",2017-10-31,,2027-10-31,Kustia,Bangladesh,,Bangladesh NGO Affairs Bureau - Local NGO List (up to 19 August 2026)
Samannita Jono Kalyan Kendra,1089,"19/4, City Lane, Savar, Dhaka. Phone: 9137439",1996-10-27,2016-10-27,2026-10-27,Dhaka,Bangladesh,,Bangladesh NGO Affairs Bureau - Local NGO List (up to 19 August 2026)
Samannita Palli O Krishi Unnayan Kendra,1721,"Biswas Betka, Dhaka Road, Tangail, Phone: 01711-987113",2002-06-10,2017-06-10,2027-06-10,Tangail,Bangladesh,"Cancelled on 23/12/2010, Revived on 30/05/2011",Bangladesh NGO Affairs Bureau - Local NGO List (up to 19 August 2026)
Samannita Unnayan Sangstha,1411,"Seven Sara Tower (2nd Floor), 974,East Nasirabad, Chattogram. Phone: 031-2550011",1999-08-17,2014-08-17,2019-08-17,Chattogram,Bangladesh,,Bangladesh NGO Affairs Bureau - Local NGO List (up to 19 August 2026)
Samannito Unnayan Seba Sangathan,1178,"Sathi Cinema Road, Modhupur, Tangail Phone: 0922888127",1997-08-10,2017-08-10,2027-08-10,Tangail,Bangladesh,,Bangladesh NGO Affairs Bureau - Local NGO List (up to 19 August 2026)
Samata,0180,"9/5, Iqbal Road, Block-A, Mohammadpur, Dhaka Phone : 9131058",1985-04-28,2005-03-24,2010-03-24,Dhaka,Bangladesh,,Bangladesh NGO Affairs Bureau - Local NGO List (up to 19 August 2026)
Samata Nari Kalyan Sangstha,1727,"Village+P.O: Monigram, Thana: Bagha, Rajshahi Phone: 01714-049469",2002-08-01,2017-08-01,2027-08-01,Rajshahi,Bangladesh,,Bangladesh NGO Affairs Bureau - Local NGO List (up to 19 August 2026)
Samata Unnayan Sangstha,3024,"Vill:; Gunergati, Post: Sirajganj, UZ: Sadar, Dist: Sirajganj Phone: 01711-467636",2016-05-25,2021-05-25,2031-05-24,Sirajganj,Bangladesh,,Bangladesh NGO Affairs Bureau - Local NGO List (up to 19 August 2026)
Samdani Art Foundation,3227,"Shanta Western Tower, Level-5, 501-502 Plot, 186 Gulshan, Tejgaon Link Road, Tejgaon I-A, Dhaka. Tel: 028-878784-7",2019-11-24,,2029-11-24,Dhaka,Bangladesh,,Bangladesh NGO Affairs Bureau - Local NGO List (up to 19 August 2026)
Sammya Mohila Unnayan Sangstha,1976,"Vill: Salemanpur (Shekhpara), Post+P.S.: Coatchandpur, Dist. Jhenidaha.",2004-10-27,,2009-10-27,Jhenaidah,Bangladesh,,Bangladesh NGO Affairs Bureau - Local NGO List (up to 19 August 2026)
Samprity Aid Foundation,3343,"Gopinathpur, Binerpota, Satkhira Phone: 01911123315 email: samprityaid@gmail.com",2023-03-15,,2033-03-14,Sathkhira,Bangladesh,,Bangladesh NGO Affairs Bureau - Local NGO List (up to 19 August 2026)
Sanchito Sapno Mohila Sangstha,3202,"West Amtharpar, Batthaarpar, Sadar, Barguna, Mob: 01818323116",2019-06-23,,2029-06-23,Barguna,Bangladesh,,Bangladesh NGO Affairs Bureau - Local NGO List (up to 19 August 2026)
Sancred Welfare Foundation(SWF),2171,"Suravi Residential Area, Hasonnagor, Sunamganj-3000 Phone: 0871-61540, 55846 www.swfbangladesh.org",2006-12-04,2021-12-04,2031-12-03,Sunamganj,Bangladesh,,Bangladesh NGO Affairs Bureau - Local NGO List (up to 19 August 2026)
Sandhan,0888,"Chowdhury Para, Khaliganj, Kurigram Phone: 01718-836835",1995-01-18,2020-01-18,2030-01-18,Kurigram,Bangladesh,,Bangladesh NGO Affairs Bureau - Local NGO List (up to 19 August 2026)
Sandhani Nari Unnayan Sanghasta (SNUS),3203,"Vill: Kukrail, Eterpool, Madaripur, Mob: 019912285843",2019-06-25,,2029-06-25,Madaripur,Bangladesh,,Bangladesh NGO Affairs Bureau - Local NGO List (up to 19 August 2026)
Sangjog,0767,"Baharain Vila, House-554/5, Basain, Narshingdi. Phone: 9451624",1993-11-03,2008-11-03,2013-11-03,Dhaka,Bangladesh,,Bangladesh NGO Affairs Bureau - Local NGO List (up to 19 August 2026)
Sangkalpa Trust,0262,"Zaki Mansion, House-259, College Road, Barguna-8700 Phone: 04455-75122 www.sangkalpa. Org",1988-03-27,2018-03-27,2028-03-27,Barguna,Bangladesh,,Bangladesh NGO Affairs Bureau - Local NGO List (up to 19 August 2026)
Sangkalpo Samaj Kallyan Sangoton,3596,"Mallikpur-84, PO: Sunamganj, UP: Sunamganj, Dist: Sunamganj Phone: 01718116905",2026-06-02,,2036-06-01,Sunamganj,Bangladesh,,Bangladesh NGO Affairs Bureau - Local NGO List (up to 19 August 2026)
Sangoti Samaj Kallyan Sanggstha,3368,"House-20/1, Flat-02, Uttar Adabor, Adabor Kacha Bazar, Mohammadpur, Dhaka. Phone: 01905044964 email: ssks2001bd@gmail.com",2023-07-24,,2033-07-23,Dhaka,Bangladesh,,Bangladesh NGO Affairs Bureau - Local NGO List (up to 19 August 2026)
Sangram (Sangathita Gram Unnayan Karmasuchi),0454,"Shahid Sritee Sarak, Barguna-8700 Phone : 0448-62828, Fax: 0448-63454",1991-03-25,2021-03-25,2031-03-24,Barguna,Bangladesh,,Bangladesh NGO Affairs Bureau - Local NGO List (up to 19 August 2026)
Sangskar,2289,"Mowsak Tower, 83/B, New Circular Road, Malibag, Dhaka.",2007-11-14,,2012-11-14,Dhaka,Bangladesh,,Bangladesh NGO Affairs Bureau - Local NGO List (up to 19 August 2026)
Sanjivani Manabik Unnayan Sangstha,2874,"Road-13, House-12/Ka, North Bishil, Mirpur, Dhaka Phone: 01817-081467",2014-08-12,,2019-08-12,Dhaka,Bangladesh,,Bangladesh NGO Affairs Bureau - Local NGO List (up to 19 August 2026)
Sanjog Bangladesh,2639,"Flat-5/A, House-02, Road-04, Banani, Djhaka. Phone: 0149348313, 8616558",2011-05-04,2021-05-04,2031-05-03,Dhaka,Bangladesh,,Bangladesh NGO Affairs Bureau - Local NGO List (up to 19 August 2026)
Saptadinga,1219,"House-51/12 (Gr, flr), R-12, Pisciculture HS, Mohammadpur, Dhaka Phone : 9132693",1997-11-27,2002-11-27,2007-11-27,Dhaka,Bangladesh,,Bangladesh NGO Affairs Bureau - Local NGO List (up to 19 August 2026)
Saptagram Nari Swanirvar Parishad,0064,"House-4/2/35, North Kalibari Road, Jheeltuli, Faridpur-7800 Phone: 0631-65502, 01676-281290",1981-04-22,2016-11-29,2026-11-29,Dhaka,Bangladesh,,Bangladesh NGO Affairs Bureau - Local NGO List (up to 19 August 2026)
Saraswatipur Academy,1504,"Saraswatipur Mission, Saraswatipur, Mohadevpur, Naogaon.",2000-04-19,2020-04-19,2030-04-19,Naogaon,Bangladesh,,Bangladesh NGO Affairs Bureau - Local NGO List (up to 19 August 2026)
Sardar Sultan Mahmood Welfare Foundation,2151,"Vill:. Narayelpara, Post+Thana+Dist.: Pirojpur",2006-11-02,,2011-11-02,Pirojpur,Bangladesh,,Bangladesh NGO Affairs Bureau - Local NGO List (up to 19 August 2026)
Sa-Riday Foundation,2573,"15 No. Mughal Nagar Road, matuail Dakhin Para, Demra, Dhaka. Phone: 9125578",2010-05-18,,2015-05-18,Dhaka,Bangladesh,,Bangladesh NGO Affairs Bureau - Local NGO List (up to 19 August 2026)
Sarkar Pasa Welfare Trust,2143,"Jamalpur Road, Aramnagar, Post: Sarisha Bari, Dist.: Jamalpur. Phone: 09827-56159, 01834100200 www.spwt.workwithus.org",2006-10-08,2016-10-08,2021-10-08,Jamalpur,Bangladesh,,Bangladesh NGO Affairs Bureau - Local NGO List (up to 19 August 2026)
Sarnali Mohila Samity (SMS),1746,"Banolata, Sayestha Khan Road, South Raghobpur, Pabna-6600 Phone: 0731-66706",2002-10-07,2017-10-07,2027-10-07,Pabna,Bangladesh,,Bangladesh NGO Affairs Bureau - Local NGO List (up to 19 August 2026)
Satata Development Society,3154,"Village: Uttar Rupatoli, Post: Rupatoli Housing, Sadar, Barisal.",2018-06-11,2018-06-11,2028-06-11,Barisal,Bangladesh,,Bangladesh NGO Affairs Bureau - Local NGO List (up to 19 August 2026)
Satata Sangstha,2629,"Vill & PO: Tapurchar, Rowmari, Dist: Kurigram. Phone: 01791-360006",2011-03-20,2021-03-20,2029-03-19,Kurigram,Bangladesh,,Bangladesh NGO Affairs Bureau - Local NGO List (up to 19 August 2026)
Satata Unnayan Sangstha,1572,"Vill: Shafipur, Post: Shafipur, UZ: Kaliakoir, Dist: Gazipur Phone: 01687-811576",2000-10-10,2020-10-10,2030-10-09,Gazipur,Bangladesh,"Cancelled on 15/06/2010, Revived on 26/06/2013",Bangladesh NGO Affairs Bureau - Local NGO List (up to 19 August 2026)
SATHI,3009,"Bargacha, Half Rasta, Natore Phone: 01712243760",2016-02-29,2022-02-28,2032-02-28,Natore,Bangladesh,,Bangladesh NGO Affairs Bureau - Local NGO List (up to 19 August 2026)
Sathi Samaj Kallyan Samiti,1602,"House-36, Road-02, Banani (Amtoli), Dhaka-1216. Phone: 8831068",2000-12-18,2020-12-18,2030-12-18,Dhaka,Bangladesh,,Bangladesh NGO Affairs Bureau - Local NGO List (up to 19 August 2026)
Satkhira Shisu Hospital,0618,"P.O. Rasulpur, Satkhira",1992-05-03,2002-05-03,2007-05-03,Sathkhira,Bangladesh,,Bangladesh NGO Affairs Bureau - Local NGO List (up to 19 August 2026)
Satkhira Unnayan Sangstha,0460,"P.O. & UZ: Tala, Dist: Satkhira Phone : 04727-56252",1991-04-10,2021-04-10,2031-04-09,Sathkhira,Bangladesh,,Bangladesh NGO Affairs Bureau - Local NGO List (up to 19 August 2026)
Satsango Palli Kalyan Samity,0599,"Hemayetpur, Pabna Sadar, Pabna Phone: 0731-64139",1992-03-07,2017-03-07,2027-03-06,Pabna,Bangladesh,,Bangladesh NGO Affairs Bureau - Local NGO List (up to 19 August 2026)
SAVE (Society for Agriculture Vegetation and Education) Bangladesh,3213,"Shahorail, Singair, Manikganj, Mob: 0186504011-2",2019-07-29,,2029-07-29,Manikganj,Bangladesh,,Bangladesh NGO Affairs Bureau - Local NGO List (up to 19 August 2026)
Save Our Life (SOL),1025,"445, Mirhazir Bagh, Dhaka.",1996-03-27,2001-03-27,2006-03-27,Dhaka,Bangladesh,,Bangladesh NGO Affairs Bureau - Local NGO List (up to 19 August 2026)
Save Society,3127,"House-303, Block-C, New Town, Upashahar, Jessore, Tel: 01712622835",2017-12-27,,2027-12-27,Jessore,Bangladesh,,Bangladesh NGO Affairs Bureau - Local NGO List (up to 19 August 2026)
Save the Country,2797,"17, Ali Naki Dawri (Nazim Uddin Road), Dhaka. Phone: 01819-270208",2013-07-03,2018-07-03,2028-07-03,Dhaka,Bangladesh,,Bangladesh NGO Affairs Bureau - Local NGO List (up to 19 August 2026)
Save the Farmers,1644,"92, Motijheel C/A, Dhaka Phone : 9561233",2001-05-24,,2006-05-24,Dhaka,Bangladesh,"Cancelled on 29/07/2010, Revived on 03/09/2012",Bangladesh NGO Affairs Bureau - Local NGO List (up to 19 August 2026)
Save the Planet and Disability (SPD),1404,"SPD Complex, Post: Mujibnagar, Dist.: Meherpur. Phone : 8313488",1999-07-28,2004-07-28,2009-07-28,Dhaka,Bangladesh,,Bangladesh NGO Affairs Bureau - Local NGO List (up to 19 August 2026)
Save the Women and Children (SWC),2114,"Stadium Gate, West site( Bishwa Road Songlogna), Magura Sadar, Magura Phone: 01718-248494",2006-07-24,2021-07-24,2031-07-23,Magura,Bangladesh,,Bangladesh NGO Affairs Bureau - Local NGO List (up to 19 August 2026)
Save Urban and Rural Poor (SURP),1063,"1410/A, Khilgaon Chowrastha, Dhaka-1219 Phone : 7211050",1996-08-26,2015-08-26,2020-05-25,Dhaka,Bangladesh,,Bangladesh NGO Affairs Bureau - Local NGO List (up to 19 August 2026)
Saviour,1816,"36, Rail Road, Jessore. Phone: 666220421",2003-04-20,2008-04-20,2013-04-20,Jessore,Bangladesh,,Bangladesh NGO Affairs Bureau - Local NGO List (up to 19 August 2026)
Sayapath,2879,"Tushbander, Kaliganj, Lalmonirhat",2014-08-18,2019-08-18,2029-08-17,Lalmonirhat,Bangladesh,,Bangladesh NGO Affairs Bureau - Local NGO List (up to 19 August 2026)
Sayed Nur Uddin Ahmed Development Foundation,2757,"House-78/E, Road-12, Banani, Dhaka. Phone: 01819-532578",2012-12-27,2017-12-27,2027-12-27,Dhaka,Bangladesh,,Bangladesh NGO Affairs Bureau - Local NGO List (up to 19 August 2026)
Scope,3389,"88, North Khal Bak Road, Basupara, Khulna Phone: 01716096033 email: scope2010@yahoo.com",2023-11-12,,2033-11-11,Khulna,Bangladesh,,Bangladesh NGO Affairs Bureau - Local NGO List (up to 19 August 2026)
SDS (Shariatpur Development Society),0794,"Sadar Road, Shariatpur. Phone: 0601-61654, 61534 www.sdsbd.org",1993-12-29,2018-12-29,2028-12-29,Shariatpur,Bangladesh,Name Change on 18/03/2021,Bangladesh NGO Affairs Bureau - Local NGO List (up to 19 August 2026)
Seba Artha Samajik Unnayan Sangstha,1150,"Vill.+P.O.+P.S: Delduar, Dist: Tangail.",1997-03-29,2017-03-29,2027-03-29,Tangail,Bangladesh,,Bangladesh NGO Affairs Bureau - Local NGO List (up to 19 August 2026)
Seba Manabik Unnayan Kendra,0357,"Uttar Rampur, Poddar Bazar Highway, P.O: Ahmadnagar, Comilla. Phone : 08168386, 01711-329493, 01711-329492",1990-01-30,2010-01-30,2015-01-30,Comilla,Bangladesh,,Bangladesh NGO Affairs Bureau - Local NGO List (up to 19 August 2026)
Seba Manob Kallyan Kendra,1362,"Dushani, Bagerhat Sadar, Dist.:Bagerhat Phone: 0468-62692, Fax: 0468-62915 www.smkk.org",1999-04-06,2019-04-06,2029-04-06,Dhaka,Bangladesh,,Bangladesh NGO Affairs Bureau - Local NGO List (up to 19 August 2026)
Seba Nari O Shishu Kallyan Kendra,0970,"26 (Azimbag) East Tejturi Bazar, Tejgaon, Dhaka Phone : 9114497 www.shevabd.org",1995-09-25,2020-09-25,2030-09-24,Dhaka,Bangladesh,,Bangladesh NGO Affairs Bureau - Local NGO List (up to 19 August 2026)
Seba Sangha,0056,"164, Ashraf Ali Road, Patharghata, P.O. Box: 657, Chattogram Phone : 630287",1981-04-22,2015-05-15,2020-05-15,Chattogram,Bangladesh,,Bangladesh NGO Affairs Bureau - Local NGO List (up to 19 August 2026)
Sebika Songstha,2249,"House-246/1/C/3/2, West Agargaon, Mohammadpur, Dhaka-1207 Phone: 8153944",2007-06-24,2017-06-24,2027-06-24,Dhaka,Bangladesh,,Bangladesh NGO Affairs Bureau - Local NGO List (up to 19 August 2026)
Sechashebi Bahumukhi Mohila Samaj Kalyan Samity,0202,"F-753, Miapara, Ghoramara, Rajshahi Phone :0721-774118",1986-01-23,2021-01-21,2031-01-21,Rajshahi,Bangladesh,,Bangladesh NGO Affairs Bureau - Local NGO List (up to 19 August 2026)
SEDAEPO,3333,"House-31, Road-100 Fit, Madani Avenue (Near of 40 No. Ward Commissioner office) Vatara, Dhaka-1212 Phone: 01715180191",2022-11-15,,2032-11-14,Dhaka,Bangladesh,,Bangladesh NGO Affairs Bureau - Local NGO List (up to 19 August 2026)
Seeds of Bleesing,2234,"House-04, Road-33, Sector-07, Uttara, Dhaka-1230 email: sobbangladesh@gmail.com Phone: +02-4895889, 01715-484178",2007-05-23,2017-05-23,2027-05-22,Dhaka,Bangladesh,,Bangladesh NGO Affairs Bureau - Local NGO List (up to 19 August 2026)
SEID (Society for Education and Inclusion of the Disabled),2110,"House-6/5, (3rd Floor), Block-B, Humayun Road, Mohammadpur, Dhaka Phone; 9141694, Fax: 8125524 www.seidtrust.bd.org",2006-07-12,2021-07-12,2031-07-11,Dhaka,Bangladesh,,Bangladesh NGO Affairs Bureau - Local NGO List (up to 19 August 2026)
Sejuti Health & Education Development Foundation (SHEDF),2311,"241/D, 1st Colony, Lalkuthi, Mirpur, Dhaka-1216 Phoen: 01712-240941",2008-02-28,2018-02-28,2028-02-28,Dhaka,Bangladesh,,Bangladesh NGO Affairs Bureau - Local NGO List (up to 19 August 2026)
Self Development,2616,"Easter Circuit, 3/601, Circuti house Road, Dhaka-1000",2010-12-05,2020-12-05,2030-12-04,Dhaka,Bangladesh,,Bangladesh NGO Affairs Bureau - Local NGO List (up to 19 August 2026)
Self Development Initiative (SDI),2094,"Vill+Post: Panail Pukur, Upazilla: Kishorgonj, Dist.: Nilfahamari.",2006-05-09,2021-05-09,2031-05-09,Nilphamari,Bangladesh,,Bangladesh NGO Affairs Bureau - Local NGO List (up to 19 August 2026)
Self Help Association for Rural People Through Education and Entre- preneurship (SHAREE),1595,"41/23/4- Zigatala New Road, Dhanmondi, Dhaka. Phone: 8130480, Fax: 9113152 www.sharee.org.bd",2000-12-10,2020-12-10,2030-12-09,Dhaka,Bangladesh,,Bangladesh NGO Affairs Bureau - Local NGO List (up to 19 August 2026)
Self-Help and Rehabilitation Programme (SHARP),2309,"New Babupara, Soyedpur, Nilpamari Phone: 05526-73136, Fax: 05526-73136",2008-02-26,2018-02-26,2028-02-26,Nilphamari,Bangladesh,,Bangladesh NGO Affairs Bureau - Local NGO List (up to 19 August 2026)
Senior Citizen Service Welfare Organization,3546,"House-24, Apartment: A/@, Road-10,Sector-06,UttaraModel Town, Dhaka-1230 Phone: +8802224470394 email: info@scswo.org",2025-12-21,,2035-12-20,Dhaka,Bangladesh,,Bangladesh NGO Affairs Bureau - Local NGO List (up to 19 August 2026)
Serac Bangladesh,2966,"Cw-w4w, H.socuswseo-.1o4rg0/141, Road-08, Block-B, Mirpur-12, Dhaka-1216 Phone: 01937-151312",2015-09-14,2020-09-14,2030-09-14,Dhaka,Bangladesh,,Bangladesh NGO Affairs Bureau - Local NGO List (up to 19 August 2026)
Serve the People,2741,"16/1, B, Tollabagh, Sobhanbagh, Dhaka. Phone: 8128737",2012-11-11,2017-11-11,2027-11-11,Dhaka,Bangladesh,,Bangladesh NGO Affairs Bureau - Local NGO List (up to 19 August 2026)
Service and Assistance to Helps the Initiators,1810,"Adarsha College Road, Khetri Para, Dinajpur. Phone: 0531-61669",2003-04-03,2008-04-03,2013-04-03,Dinajpur,Bangladesh,,Bangladesh NGO Affairs Bureau - Local NGO List (up to 19 August 2026)
Service and Vision for Edify (SAVE),0959,"Masterpara, Arappur, Jhenaidhak Phone: 01720-094267",1995-07-16,2020-07-16,2030-07-15,Jhenaidah,Bangladesh,,Bangladesh NGO Affairs Bureau - Local NGO List (up to 19 August 2026)
Service Emergency For Rural People (SERP),0497,"Shahid Noresh Chowhan Road, Jamidarpara, Thakurgaon-5100 Phone : 0561-52572",1991-07-16,2021-07-16,2031-07-15,Thakurgaon,Bangladesh,,Bangladesh NGO Affairs Bureau - Local NGO List (up to 19 August 2026)
Service for Equity and Economic Development (SEED),0743,"Village+P.O: Digirpar Bazar, Thana: Monirampur, Jessore",1993-09-02,2018-09-02,2028-09-02,Jessore,Bangladesh,,Bangladesh NGO Affairs Bureau - Local NGO List (up to 19 August 2026)
SERWTCI (Self Employment for Rural Destitute Women through Cottage Industries),2937,"Malek Mention *9th Floor), 128, Motijheel C/A, Dhaka Phone: 9565531",2015-06-04,,2020-06-04,Dhaka,Bangladesh,,Bangladesh NGO Affairs Bureau - Local NGO List (up to 19 August 2026)
SETU,0240,"T&T Colony Road, Courtpara, .PO. Box: 10, Kushtia Phone: 071-61610, Fax: 071-73256 www.setubd.org",1987-10-05,2017-10-05,2027-10-05,Kustia,Bangladesh,Name (SETU-Kushtia) corrected as SETU on 7/8/2012 as per note,Bangladesh NGO Affairs Bureau - Local NGO List (up to 19 August 2026)
Setu Bondhan Mohila Unnayan Sangstha,3491,"Vill: Uttar Ramna, Post: South Ramna, Upazila: Bamna, Dist: Barguna-8700 Phone: 01719939039",2025-08-18,,2035-08-17,Barguna,Bangladesh,,Bangladesh NGO Affairs Bureau - Local NGO List (up to 19 August 2026)
Seva Prodan Songstha,3095,"75/1 Chandpur, Ward-6, Comilla City Corporation, Kotwali, Adarsha Sadar, Comilla Phone: 0932591181",2017-10-30,,2027-10-30,Comilla,Bangladesh,,Bangladesh NGO Affairs Bureau - Local NGO List (up to 19 August 2026)
Shabujer Jattra,3082,"617, Rajapukur Lane, Momin Road, Kotowali, Chattogram Phone: 01818785047",2017-01-11,2022-01-11,2032-01-10,Chattogram,Bangladesh,,Bangladesh NGO Affairs Bureau - Local NGO List (up to 19 August 2026)
Shadhin Bangla Jubo Samaj Unnayan Songstha,3482,"Vill: Shampur, Post: Dholvanga, PS: Palashbari, Dist: Gaibandha Phone: 01743578312 email: shadhinbangla@gmail.com",2025-06-26,,2035-06-25,Rangpur,Bangladesh,,Bangladesh NGO Affairs Bureau - Local NGO List (up to 19 August 2026)
Shah Waliullah Islamic Centre-Bangladesh,1249,"122, West Agargan, Mohammadpur, Dhaka. Phone : 9131962, Fax: 9119253",1998-03-09,2018-03-09,2028-03-09,Dhaka,Bangladesh,,Bangladesh NGO Affairs Bureau - Local NGO List (up to 19 August 2026)
Shahbag Jamea Madania Qusimul Ulum Orphanage,3052,"PO: Shahbag, Thana: Zakiganj, Sylhet. Phone: 01716602167",2016-11-01,2021-11-01,2031-10-31,Sylhet,Bangladesh,,Bangladesh NGO Affairs Bureau - Local NGO List (up to 19 August 2026)
Shaheed Dr. Milon Manab Kollyan Proishad,3480,"Bangladesh Eye Hospital (5th Floor), 78 Satmasjit Road (Road-27), Dhanmondi, Dhaka-1205 Phone: 01711430530, 01720308182 email: milonmanabkollyanporishad@gmail.com",2025-06-23,,2035-06-22,Dhaka,Bangladesh,,Bangladesh NGO Affairs Bureau - Local NGO List (up to 19 August 2026)
Shahid Abu Sayed Foundation,3554,"Babonpur, Jafarpara Bazar, Rangpur Phone: 01736171876",2026-01-04,,2036-01-03,Rangpur,Bangladesh,,Bangladesh NGO Affairs Bureau - Local NGO List (up to 19 August 2026)
Shahid Dr. Fazla Rabbi Foundation,2649,"House-26 (G. Floor), Road-07, P.C. Culture Housing Society, Shakhertak, Mohammadpur, Dhaka-1207.",2011-06-26,2016-06-26,2026-06-26,Dhaka,Bangladesh,,Bangladesh NGO Affairs Bureau - Local NGO List (up to 19 August 2026)
Shahjira Mohila & Shishu Unnayan Sangstha,0416,"Vill+P.O: Shahjira Via-Batajore, UZ: Agailjhara, Dist: Barisal",1990-12-10,2020-12-10,2030-12-10,Barisal,Bangladesh,,Bangladesh NGO Affairs Bureau - Local NGO List (up to 19 August 2026)
Shakaler Janna Kalyan,0742,"Vill. Sankarpasa, P.O. Parerhat, Dist: Pirojpur Phone: 01718-449632",1993-09-02,2018-09-02,2028-09-02,Pirojpur,Bangladesh,,Bangladesh NGO Affairs Bureau - Local NGO List (up to 19 August 2026)
Shakkhor Enviroment & Education Development Society,2808,"Road-11(New), House-34/1, Dhanmondi R/A,Dhaka. Phone: 8128538",2013-08-19,2013-08-19,2018-08-19,Dhaka,Bangladesh,,Bangladesh NGO Affairs Bureau - Local NGO List (up to 19 August 2026)
Shakti Foundation for the Disadvantaged Women,0626,"House-04, Road-27, Block-J, Banani, Dhaka-1213 Phone: 8810700 www.sfdw.org",1992-06-01,2017-06-01,2027-06-01,Dhaka,Bangladesh,,Bangladesh NGO Affairs Bureau - Local NGO List (up to 19 August 2026)
SHALOM,0155,"Sent Thomas Kathidral, 54, Janshon Road, Dhaka-1100 Phone: +880-2-8020876 Fax: +880-2-8053729 Mobile: 01731-802332",1983-03-04,2020-05-15,2030-05-14,Dhaka,Bangladesh,,Bangladesh NGO Affairs Bureau - Local NGO List (up to 19 August 2026)
Shamaj Gram O Shahar Unnayan Sangstha,2945,"Jaman Chamber (3rd Floor), 47, Dilkusha C/A, Dhaka Phone: 01714-445553",2015-07-29,2020-07-29,2030-07-28,Dhaka,Bangladesh,,Bangladesh NGO Affairs Bureau - Local NGO List (up to 19 August 2026)
Shamali Samaj Kalyan Samity (SSKS),2188,"Madrasa Vaban (4th Floor), Nirapad Yousing Society, Yunus Road, West Bakalia, Chattogram. Phone: 01715022548",2007-01-17,2017-01-17,2022-01-17,Chattogram,Bangladesh,,Bangladesh NGO Affairs Bureau - Local NGO List (up to 19 August 2026)
Shamsuddin Golezan Welfare Foundation,3242,"DC's Bazar, Medhakandor, Birol, Dist: Dinajpur, Mob: 01715027292",2020-08-27,,2030-08-27,Dinajpur,Bangladesh,,Bangladesh NGO Affairs Bureau - Local NGO List (up to 19 August 2026)
Shamsuddin-Nahar-Trust,2442,"Vill: Baitpur (Chitoly), PO: Baitpur, UZ: Sadar, Bagerhat Phone: 01920-732512",2009-05-26,2019-05-26,2029-05-26,Bagerhat,Bangladesh,,Bangladesh NGO Affairs Bureau - Local NGO List (up to 19 August 2026)
Shamunnay,2631,"Happy Rahman Plaza (4th Floor), 25-27 Kazi Nazrul Islam Avenue, Banglamotor, Dhaka-1000 Phone: 8610332, Fax: 8622320",2011-03-22,2021-03-22,2031-03-22,Dhaka,Bangladesh,,Bangladesh NGO Affairs Bureau - Local NGO List (up to 19 August 2026)
Shandhanee Sangstha,0796,"Vill. Bohulpara, Karamdi, P.O. Karamdi, Thana Gangni, Dist-Meherpur. Shandhani.org Phone: 07922-75373",1993-12-29,2018-12-29,2028-12-29,Meherpur,Bangladesh,,Bangladesh NGO Affairs Bureau - Local NGO List (up to 19 August 2026)
Shantakali Samaj Kallyan Samity,1968,"wTawtwtib.sahria (nPdraonfei.sosrgor Para), Savar Senanibas, Ashulia, Savar, Dhaka-1344 Phone: 7708693",2004-10-06,2025-10-06,2035-10-05,Dhaka,Bangladesh,"Cancelled on 27/06/2010, Revived on 10/04/2012",Bangladesh NGO Affairs Bureau - Local NGO List (up to 19 August 2026)
Shanti,3517,"Karim Center (2nd Floor), 01 No Road, Bibir Hat, Fatikchari Pourashova, Chottagram Phone: 01958401570 email: shanti401570@gmail.com",2025-10-27,,2035-10-26,Chottagram,Bangladesh,,Bangladesh NGO Affairs Bureau - Local NGO List (up to 19 August 2026)
Shantir Neer Unnayan Society,2388,"Uttar Masdair (Gabtali), Post+Thana: Fatulla, Dist.: Narayangang",2008-09-10,,2013-09-10,Narayanganj,Bangladesh,,Bangladesh NGO Affairs Bureau - Local NGO List (up to 19 August 2026)
Shapla Charitable Foundation,3457,"House-13 (1st Floor), Road-05, Sector-16/A, Dhaka-1230 Phone: 01844060106 email: shaplafoundation.bd@gmail.com",2025-05-12,,2035-05-11,Dhaka,Bangladesh,,Bangladesh NGO Affairs Bureau - Local NGO List (up to 19 August 2026)
Shapla Ful,0339,"Dashani, Bagerhat-9300 Phone : 0468-63327",1990-01-14,2020-01-15,2030-01-15,Bagerhat,Bangladesh,,Bangladesh NGO Affairs Bureau - Local NGO List (up to 19 August 2026)
Shapla Gram Unnayan Sangstha,2955,"Keshorhat, Mohanpur, Dist: Rajshahi Phone: 01712-772446",2015-08-06,2020-08-06,2030-08-06,Rajshahi,Bangladesh,,Bangladesh NGO Affairs Bureau - Local NGO List (up to 19 August 2026)
Shapla Mohila Sangstha,1841,"Momin Mansion (3rd Floor), Bus Stand, Goalchamat, Faridpur. Phone: 0631-65640",2003-06-16,2018-06-16,2028-06-15,Faridpur,Bangladesh,,Bangladesh NGO Affairs Bureau - Local NGO List (up to 19 August 2026)
Shapla Rural Development Society (SRDS),1508,"Nutunbazar (Dharoon), P.O: Jatura, Thana: Chatak, Dist: Sunamganj. Phone: 01711-844455",2000-04-19,2010-04-19,2015-04-19,Sylhet,Bangladesh,,Bangladesh NGO Affairs Bureau - Local NGO List (up to 19 August 2026)
Shapla Samaj Unnayan Kendra,1036,"PO: Shelidah, PS: Kumarkhali, Dist:, Kushtia-7000 Phone: 01913-783578",1996-05-05,2021-05-05,2031-05-04,Kustia,Bangladesh,,Bangladesh NGO Affairs Bureau - Local NGO List (up to 19 August 2026)
Shapla Shamaj Unnayan Sangstha (SSUS),1899,"7/1-A, R.K. Mission Road, P.O: Wari, PS: Sutrapur, Dhaka-1203 Phone: 01190-347689",2004-01-11,2014-01-11,2019-01-11,Dhaka,Bangladesh,,Bangladesh NGO Affairs Bureau - Local NGO List (up to 19 August 2026)
Shapna-Foundation,1942,"Jha-07 (3rd Floor), Block-A, Taltola, Khilgaon, Dhaka. Phone: 8252333",2004-07-03,2009-07-03,2014-07-03,Dhaka,Bangladesh,,Bangladesh NGO Affairs Bureau - Local NGO List (up to 19 August 2026)
Sharan,0884,"Kornofuli Tower, Flat No-5/B (4th Floor), 63, SS Khaled Road, Asgardigirpar, Chattogram-4000",1995-01-07,2025-01-07,2035-01-06,Chattogram,Bangladesh,,Bangladesh NGO Affairs Bureau - Local NGO List (up to 19 August 2026)
Share,0661,"Ta-185, Shahid Shahadat Soroni, South Badda, Gulshan-1, Dhaka-1212 Phone: 9142345",1992-10-27,2007-10-27,2012-10-27,Dhaka,Bangladesh,,Bangladesh NGO Affairs Bureau - Local NGO List (up to 19 August 2026)
Share-Bangladesh,2185,"Boyra Central Road, Holding-4/1, Boyra, Khulna-9000 Phone: 01716166151",2007-01-15,2022-01-15,2032-01-14,Bagerhat,Bangladesh,,Bangladesh NGO Affairs Bureau - Local NGO List (up to 19 August 2026)
Sharing Resources and Initiatives for Sustainable Technical Inovations,2163,"House-27/1, Road-13/A, Dhanmondi R/A, Dhaka-1209",2006-11-21,,2011-11-21,Dhaka,Bangladesh,,Bangladesh NGO Affairs Bureau - Local NGO List (up to 19 August 2026)
SHARIPS (Sourc of Hope and Ambition Ristoring Encouragment and Anding Futile Struggle),2120,"House-05, Road-7/C, Sector-03, Uttara, Dhaka-1230. Phone: 8957315",2006-08-07,2016-08-07,2026-08-07,Dhaka,Bangladesh,,Bangladesh NGO Affairs Bureau - Local NGO List (up to 19 August 2026)
Shastha-O-Kalyan Sangstha,0294,"Shirajuddin Ahmed Road, P.O. Gosairhat, Sariatpur Phone :06024-75025",1989-05-18,2009-05-18,2014-05-18,Shariatpur,Bangladesh,,Bangladesh NGO Affairs Bureau - Local NGO List (up to 19 August 2026)
Shastho Shikkha Sebe Foundation (SSSF),3134,"79, Sagarpara, Post: Ghoramara, Thana: Boalia, Rajshahi",2018-01-14,,2028-01-14,Rajshahi,Bangladesh,,Bangladesh NGO Affairs Bureau - Local NGO List (up to 19 August 2026)
Shastho Shurokkha Foundation,3281,"House-77(Level-4), Road-4, Block-C, Banani, Dhaka Phone: 01713016381",2021-11-16,,2031-11-16,Dhaka,Bangladesh,,Bangladesh NGO Affairs Bureau - Local NGO List (up to 19 August 2026)
Shataphol Bangladesh,3262,"Jahanabad, Upazila: Mohanpur, Rajshahi",2021-01-31,,2031-01-31,Rajshahi,Bangladesh,,Bangladesh NGO Affairs Bureau - Local NGO List (up to 19 August 2026)
Shathi Samaj Unnayan Sangstha,2559,"Imandipur, Savar, Dhaka Phone: 7745060",2010-04-08,2020-04-08,2030-04-07,Dhaka,Bangladesh,,Bangladesh NGO Affairs Bureau - Local NGO List (up to 19 August 2026)
Shaw Unnayan,0317,"215, Sultanabad, Ghoramara, Rajshahi Phone: 0721-772312",1989-09-18,2014-09-18,2019-09-18,Rajshahi,Bangladesh,"Cancelled on 15/06/2010, Revived on 29/11/2010",Bangladesh NGO Affairs Bureau - Local NGO List (up to 19 August 2026)
Shawdesh Unnayan Kendra (SUK),0485,"Stimar Ghat, UZ: Bhandaria, Pirojpur. Phone: 04623-56241",1991-06-08,2021-06-08,2031-06-07,Pirojpur,Bangladesh,,Bangladesh NGO Affairs Bureau - Local NGO List (up to 19 August 2026)
Sheba Bangladesh Foundation,2337,"343, Elephant Road, New Market, Dhaka. Phone: 9664311 www.shebabdfoundation.org",2008-04-20,,2013-04-20,Dhaka,Bangladesh,,Bangladesh NGO Affairs Bureau - Local NGO List (up to 19 August 2026)
Sheba Bondhan Kollyan Society,2422,"55/1, Old Paltan, Dhaka. Phone: 9550369, 9559530 E-mail: shebok@yahoo.com www.shebok.org",2009-03-19,,2014-03-19,Dhaka,Bangladesh,,Bangladesh NGO Affairs Bureau - Local NGO List (up to 19 August 2026)
Sheed Safwan Soddo Foundation,3498,"108/5, Dagormora, CRP Road, Savar, Dhaka-1340 Phone: 01717523424 email: ssfbd.org@gmail.com",2025-09-03,,2035-09-02,Dhaka,Bangladesh,,Bangladesh NGO Affairs Bureau - Local NGO List (up to 19 August 2026)
Shehora Bahumukhi Samaj Kalyan Samity,0686,"98, Nirmalbas, Purohitpara, Shehora, Mymensingh. Phone :01711-129379",1993-03-06,2018-03-06,2028-03-06,Mymensingh,Bangladesh,,Bangladesh NGO Affairs Bureau - Local NGO List (up to 19 August 2026)
Shekinah Welfare Society,3558,"AkiramPara,GozaliaUnion,Lama Upazilla, Bandarban Phone: 01827571747 emial: binoyspt@gmail.com",2026-01-13,,2036-01-12,Bandarban,Bangladesh,,Bangladesh NGO Affairs Bureau - Local NGO List (up to 19 August 2026)
Shelter,1780,"House-1030 (3rd Floor), Road-13/A, Block-C, Banani, Dhaka-1213 Phone: 01715-022893 www.shelterngo.org",2002-12-29,2017-12-29,2028-12-29,Dhaka,Bangladesh,,Bangladesh NGO Affairs Bureau - Local NGO List (up to 19 August 2026)
Shelter for Social Development (SSD),3191,"House-1230, Road-12, Sarkarbari Lane, DOHS, Mirpur, Dhaka. Mob: 01706447081",2019-03-30,,2029-03-30,Dhaka,Bangladesh,,Bangladesh NGO Affairs Bureau - Local NGO List (up to 19 August 2026)
Shelter Samaj Kallayan Sangstha,2889,"House-53, Road-21, Gitangali road, Jhenaidah. Phone: 01728-665794",2014-08-28,2019-08-28,2029-08-28,Jhenaidah,Bangladesh,,Bangladesh NGO Affairs Bureau - Local NGO List (up to 19 August 2026)
Shelter Urban & Rural Development Centre,2505,"House-423, Road-30, New DOHS, Mohakhali, Dhaka. Phone: 01552-310095",2009-11-03,,2014-11-03,Dhaka,Bangladesh,,Bangladesh NGO Affairs Bureau - Local NGO List (up to 19 August 2026)
Shemanto Unnayon Foundation,3188,"Village: Balianpur, Post: Sonabaria, Kalaroa, Satkhira. Mob: 01750438287",2019-02-06,,2029-02-06,Sathkhira,Bangladesh,,Bangladesh NGO Affairs Bureau - Local NGO List (up to 19 August 2026)
Shetu Bangladesh,0100,"Village+P.O: Shirashuni, Tala, Satkhira Phone : 01715-015888, Fax: 9132372",1991-07-06,2021-07-06,2031-07-05,Sathkhira,Bangladesh,,Bangladesh NGO Affairs Bureau - Local NGO List (up to 19 August 2026)
Shetu Rural Development Society (SRDS),3140,"Paikan, Post: Alambiditor, Gangachara, Rangpur-5410, Mob: 01713203811",2018-02-27,,2028-02-27,Rangpur,Bangladesh,,Bangladesh NGO Affairs Bureau - Local NGO List (up to 19 August 2026)
Shidhulai Swanirvar Sangstha,1898,"House-3, Road-2, Shial Bari, Rupnagar R/A, Mirpur-2, Dhaka. Phone: 805-1124, Fax: 805-6282 www.shidhulai.org",2004-01-08,2019-01-08,2029-01-08,Dhaka,Bangladesh,,Bangladesh NGO Affairs Bureau - Local NGO List (up to 19 August 2026)
Shikha Samaj Kallayan Sangstha,2734,"Vill+PO: Kund, UZ: Nasir Nagor, Dist: Brahmanbaria Phone: 01912-268323",2012-10-04,2017-10-04,2027-10-04,Brahmanbaria,Bangladesh,,Bangladesh NGO Affairs Bureau - Local NGO List (up to 19 August 2026)
Shikkha Anirban Bangladesh,3175,"KHA-214/F, Progati Sharani, Merul Badda, Gulshan, Dhaka-1212, Mob: 01749420884",2018-12-03,,2028-12-03,Dhaka,Bangladesh,,Bangladesh NGO Affairs Bureau - Local NGO List (up to 19 August 2026)
Shikkha Shastha Unnayan Karzakram (SHISUK),1654,"15/11/2, Mdhubag, Moghbazar, Dhaka-1217 Phone: 8313737, Fax: 8314070 www.shisuk.org",2001-08-05,2021-07-31,2031-07-31,Dhaka,Bangladesh,,Bangladesh NGO Affairs Bureau - Local NGO List (up to 19 August 2026)
Shimantik,0298,"Shimantik Bhavan, P.O. Ichamati (Kaliganj Bazar) Zakiganj,, Sylhet, Phone : 7218369 www.shimantik.org",1989-05-18,2019-05-28,2029-05-28,Sylhet,Bangladesh,,Bangladesh NGO Affairs Bureau - Local NGO List (up to 19 August 2026)
Shiropa Development Society,3192,"Holding No-106/1, Jugiya Madrasa More (Near Shekhpara Mosque), Dadapur Road (Kustia-Veramara Highway) Kustia Sadar, Kustia-7000 Mob: 01711112320, Tel: 071-63128",2019-03-03,,2029-03-03,Kustia,Bangladesh,,Bangladesh NGO Affairs Bureau - Local NGO List (up to 19 August 2026)
Shishu Neer Bangladesh,2444,"34, West Malibag, Ramna, Dhaka. Phone: 01711-108387, 01195-016879",2009-05-27,2019-05-27,2029-05-27,Dhaka,Bangladesh,,Bangladesh NGO Affairs Bureau - Local NGO List (up to 19 August 2026)
Shishu Niketan,2339,"Mohalla: Nimnagar, Thanak: Sadar, Dist.: Dinajpur. Phone: 0531-63874",2008-04-20,,2013-04-20,Dinajpur,Bangladesh,,Bangladesh NGO Affairs Bureau - Local NGO List (up to 19 August 2026)
Shishu Niloy Foundation,0461,"22/A, Mujib Road, Jessore. Phone: 01712-848681, 0421-65115",1991-04-11,2021-04-11,2031-04-11,Jessore,Bangladesh,,Bangladesh NGO Affairs Bureau - Local NGO List (up to 19 August 2026)
Shishu Protiva Bikash Kendro,3151,"56, East Tejturi Bazar, Tejgaon, Dhaka. Phone: 01521495168",2018-05-22,,2028-05-22,Dhaka,Bangladesh,,Bangladesh NGO Affairs Bureau - Local NGO List (up to 19 August 2026)
Shishu Shastha Foundation,0268,"6/2, Barabagh, Section-2, Mirpur, PO Box No. 8001, Dhaka-1216 Phone: 861334",1988-06-30,2018-06-30,2028-06-30,Dhaka,Bangladesh,,Bangladesh NGO Affairs Bureau - Local NGO List (up to 19 August 2026)
Shishu Tori Sangstha,2328,"14-15 Motijheel C/A (G. Floor), Ispahani Building, Dhaka-1000. Phone: 9554208",2008-03-31,,2013-03-31,Dhaka,Bangladesh,,Bangladesh NGO Affairs Bureau - Local NGO List (up to 19 August 2026)
Shohanabhuti Bangladesh Trust (SBT),1913,"10, Park Road, Flat-101 Baridhara, Dhaka-1212.",2004-03-01,,2009-03-01,Dhaka,Bangladesh,,Bangladesh NGO Affairs Bureau - Local NGO List (up to 19 August 2026)
Shoishab Bangladesh.,0543,"21/2, Khilzi Road, Mohammadpur, Dhaka Phone : 8119873",1991-10-22,2001-10-22,2006-10-22,Dhaka,Bangladesh,,Bangladesh NGO Affairs Bureau - Local NGO List (up to 19 August 2026)
Shokol Manusher Jannya (SHOMAJ),2264,"House-36, Road-16, Block-D, Mirpur-12, Dhaka.",2007-08-16,2012-08-16,2017-08-16,Dhaka,Bangladesh,,Bangladesh NGO Affairs Bureau - Local NGO List (up to 19 August 2026)
Sholoana Foundation,3214,"House-127, Road-01, Mirpur DOHS, Dhaka-1216 Mob: 01713662206",2019-08-07,,2029-08-07,Dhaka,Bangladesh,,Bangladesh NGO Affairs Bureau - Local NGO List (up to 19 August 2026)
Shomaj Unnayan Foundation (SDF),3354,"Vill: Nalta, Post: Nalta Mobarak Nagar, Upazila: Kaliganj, Dist: Satkhira. Pnone: 01719564991 email: sdfsathhira@gmail.com",2023-04-09,,2033-04-08,Sathkhira,Bangladesh,,Bangladesh NGO Affairs Bureau - Local NGO List (up to 19 August 2026)
Shomman Foundation,3217,"House-71/1, Road-15A, Dhanmondi R/A, Dhaka-1209, Mob: 0187336792",2019-09-05,,2029-09-05,Dhaka,Bangladesh,,Bangladesh NGO Affairs Bureau - Local NGO List (up to 19 August 2026)
Shorno Kishoree Netowrk Foundation,3098,"House-86, Road-10/1, Block-D, Niketyon, Gulshan-1, Dhaka.",2017-10-31,,2027-10-31,Dhaka,Bangladesh,,Bangladesh NGO Affairs Bureau - Local NGO List (up to 19 August 2026)
Shoshi Foundation,3441,"24/1, Shan Tower (L-6), Chamelibag, Shantinagar, Dhaka-1217 Phone: 01711651552, 01811133992",2025-04-21,,2035-04-20,Dhaka,Bangladesh,,Bangladesh NGO Affairs Bureau - Local NGO List (up to 19 August 2026)
Shotej Health Development Society,3581,"eRmoaadil-: 2c0o,ntaHcot@usseh-Fos/3ifou(nGdFa)t,ionC.oDrAg Residential Area, Agrabad, Dist: Chattogram. Phone: 01713194222 email:",2026-02-19,,2036-02-18,Chattogram,Bangladesh,,Bangladesh NGO Affairs Bureau - Local NGO List (up to 19 August 2026)
Shram Unnayan Sangstha (SUS),2529,"sNy.eI. dK.mhaanh,a Bbhuabb@apna, cMifuickjteearpnas.rcao, m Netrakona. Phone: 0951-62214, Fax: 0951-62244 www.susbd.com",2010-01-18,2015-01-18,2025-01-18,Netrakona,Bangladesh,,Bangladesh NGO Affairs Bureau - Local NGO List (up to 19 August 2026)
Shristy Samaj Kallayan Mohila Sangstha,1648,"Dharmasagar Paschimpar, Comilla Phone : 954020",2001-06-17,,2006-06-17,Comilla,Bangladesh,,Bangladesh NGO Affairs Bureau - Local NGO List (up to 19 August 2026)
Shu Samaj Foundation,2316,"Navaron, Post.: Jadabpur, Upazila: Sharsha, Dist.: Jessore-7432 Phone: 04228-76126 www.shusamajbd.org",2008-03-10,2018-03-10,2028-03-10,Jessore,Bangladesh,,Bangladesh NGO Affairs Bureau - Local NGO List (up to 19 August 2026)
Shubashati (Sundorbasatir Pratisruti),3308,"02,AzazHousingBanani,Betagari, Shazahanpur, Bogra Phone: 01635128944 email: nnabi.su@gmail.com",2022-08-04,,2032-08-03,Bogra,Bangladesh,,Bangladesh NGO Affairs Bureau - Local NGO List (up to 19 August 2026)
Shufia Hanef Foundation,3312,"Eastern Trade Centre, Level-4, Suite-5-6, 56 Purana Paltan Line, VIP Road, Dhaka-1000 Phone: 01710913157 email: goraibd@gmail.com",2022-08-22,,2032-08-21,Dhaka,Bangladesh,,Bangladesh NGO Affairs Bureau - Local NGO List (up to 19 August 2026)
SHUJAN Trust (Shushashoner Janno Nagarik),3578,"HeraldicHeights,2/2MirpurRoad, Flat-D-6, Mohammadpur, Dhaka-1207 Phone: 01711526626 email: info@bsafefoundation.org",2026-02-16,,2036-02-15,Dhaka,Bangladesh,,Bangladesh NGO Affairs Bureau - Local NGO List (up to 19 August 2026)
Shukher Bati,3367,"Dhulerchor Anayeatpur, Post: BAU Madrasha, Sadar, Tangail Phone: 01790180329 Email:",2023-07-19,,2033-07-18,Tangail,Bangladesh,,Bangladesh NGO Affairs Bureau - Local NGO List (up to 19 August 2026)
Shuktara Nari Kallyan Sangstha,2953,"Purba Barandi, Purba Para, Jessore Phone: 01711-183467",2015-07-30,2020-07-30,2030-07-30,Jessore,Bangladesh,,Bangladesh NGO Affairs Bureau - Local NGO List (up to 19 August 2026)
Shuranjana Social Service Association,2517,"Sajapur Darjipara, Shahjananpur, Bogra. Phone: 01716-334753",2009-11-17,2014-11-17,2019-11-17,Bogra,Bangladesh,,Bangladesh NGO Affairs Bureau - Local NGO List (up to 19 August 2026)
SHUSHASTHYA,0961,"House-11, Road-02, Abdullahbag, North Badda, Dhaka-1212 Phone: 02-9859432, 01819988388",1995-08-09,2015-08-09,2020-08-09,Dhaka,Bangladesh,,Bangladesh NGO Affairs Bureau - Local NGO List (up to 19 August 2026)
Shushilan,0768,"College Road, Kaliganj, Satkhira. Phone: 047-2556157, Fax: 8158209 www.shushilan.org",1993-11-01,2018-11-01,2028-11-01,Sathkhira,Bangladesh,,Bangladesh NGO Affairs Bureau - Local NGO List (up to 19 August 2026)
Shustha Jibon,3375,"Plot-10, Road-04, Shympur, Dhaka Phone: 01718527897 email: sjibon@agnionline.com",2023-08-21,,2033-08-20,Dhaka,Bangladesh,,Bangladesh NGO Affairs Bureau - Local NGO List (up to 19 August 2026)
Shuvechchha Aids Preventive and Drug De-Addiction Centre,3084,"Gulistan Shopping Complex, Room-8, 2 Bangabundhu Avenue, Dhaka-1000 Phone: 9573944",2017-01-11,,2022-01-11,Dhaka,Bangladesh,,Bangladesh NGO Affairs Bureau - Local NGO List (up to 19 August 2026)
Siam Shikha & Shastha Unnayan Sangstha,2764,"Bargaria, Chapainababgonj, Phone: 01713-701214",2013-02-13,,2018-02-13,Chapainababg anj,Bangladesh,,Bangladesh NGO Affairs Bureau - Local NGO List (up to 19 August 2026)
Silent Hands Support Society,3347,"House-GA-40/1, Shahjadpur, Gulshan, Dhaka Phone: 01889706123",2023-03-23,,2033-03-22,Dhaka,Bangladesh,,Bangladesh NGO Affairs Bureau - Local NGO List (up to 19 August 2026)
SIMEC Foundation,3547,"55ShaMakhdummAvenue,Sector-12, Uttara, Dhaka-1230 Phone: 01671118050 email: www. Sinecfoundation.org",2025-12-22,,2035-12-21,Dhaka,Bangladesh,,Bangladesh NGO Affairs Bureau - Local NGO List (up to 19 August 2026)
Singher Khajura Bastuhara Samaj Kalyan Samity,0252,"Post+P.S: Monirampur, Jessore Phone: 04227-78212",1988-01-04,2018-01-04,2028-01-04,Jessore,Bangladesh,,Bangladesh NGO Affairs Bureau - Local NGO List (up to 19 August 2026)
Sinnomul Mohila Samity,0144,"Palashbari Road, Gaibandha-5700 Phone: 0541-61695 e-mail: smsgai79@gmail-com",1983-07-06,2020-05-15,2030-05-15,Gaibandha,Bangladesh,,Bangladesh NGO Affairs Bureau - Local NGO List (up to 19 August 2026)
Sirajgonj Uttaran Mohila Sangstha,0848,"Wapda Bazar, Mirpur, Sirajganj-6700 Phone: 01711-350626",1994-08-06,2014-08-06,2019-08-06,Sirajganj,Bangladesh,"Cancelled on 18/08/2004, Revived on 26/08/2010",Bangladesh NGO Affairs Bureau - Local NGO List (up to 19 August 2026)
Sisu Sorgho,2215,"Anjuman Bhaban, Bar Quarter, Pahartoli, Chattogram. 01556-498703 wwwchildhavan.ca",2007-03-04,2017-04-04,2027-04-04,Chattogram,Bangladesh,,Bangladesh NGO Affairs Bureau - Local NGO List (up to 19 August 2026)
SKILLS,1915,"136/3, (3rd Floor), Peer Saheber Goli, Shantinagar, Dhaka.",2004-09-11,,2009-09-11,Dhaka,Bangladesh,,Bangladesh NGO Affairs Bureau - Local NGO List (up to 19 August 2026)
SKS Foundation,1215,"College Road, Uttar Horinsngha, Gaibandha-5700 Phone: 0541-51492, Fax: 0541-51492 www.sks-bd.org",1997-11-18,2017-11-18,2027-11-18,Gaibandha,Bangladesh,,Bangladesh NGO Affairs Bureau - Local NGO List (up to 19 August 2026)
Small Kindness Bangladesh,1498,"House-04, Road-33, Uttara Model Town, Dhaka-1230",2000-03-27,2015-03-27,2020-03-27,Dhaka,Bangladesh,"Cancelled on 26/05/2010, Revived on 12/5/2016",Bangladesh NGO Affairs Bureau - Local NGO List (up to 19 August 2026)
Smile Social Welfare Association,3074,"Town Masjid Road, Habiganj, Pourashava-3300, Habiganj",2017-01-03,,2022-01-03,Habiganj,Bangladesh,,Bangladesh NGO Affairs Bureau - Local NGO List (up to 19 August 2026)
Smyrna Development Society,2523,"69, Senpara Parbata (1st Floor), Mirpur-10, Dhaka-1216 Phone: 8051166 www.smyrnabd.org",2009-12-22,2019-12-22,2029-12-22,Dhaka,Bangladesh,,Bangladesh NGO Affairs Bureau - Local NGO List (up to 19 August 2026)
Social & Cultural Development Foundation,2944,"Nimnagar, Balibari, Dinajpur Phone: 0531-51038",2015-07-29,2020-07-29,2030-07-28,Dinajpur,Bangladesh,,Bangladesh NGO Affairs Bureau - Local NGO List (up to 19 August 2026)
Social & Economic Enhencedment Programme (SEEP),0993,"House-5, Road-4, Block-A, Section-11, Mirpur, Dhaka, Phone : 01711-066878, 9012782, 8032243 www.seep.org.bd",1995-12-07,2020-12-07,2030-12-07,Dhaka,Bangladesh,,Bangladesh NGO Affairs Bureau - Local NGO List (up to 19 August 2026)
Social Action for Voluntary Efforts,2752,"Roney Villa, North Mozupur, Laximpur-3700 Phone: 01711-112075",2012-12-12,2017-12-12,2027-12-12,Laxmipur,Bangladesh,,Bangladesh NGO Affairs Bureau - Local NGO List (up to 19 August 2026)
Social Activity for Integrated Community (SAIC),3407,"M/3, Section-14, Mirpur, Dhaka Phone: 01715016193 mail: saicngo@gmail.com",2024-05-20,,2034-05-19,Dhaka,Bangladesh,,Bangladesh NGO Affairs Bureau - Local NGO List (up to 19 August 2026)
Social Advancement and Reconstruction Association (SARA),3061,"Vill: Parala, PO: Amrjhuta, Monirampur, Jessore Phone: 01716422625",2016-12-14,2021-12-14,2031-12-13,Jessore,Bangladesh,,Bangladesh NGO Affairs Bureau - Local NGO List (up to 19 August 2026)
Social Advancement and Rehabilitation Centre (SARC),1873,"Vill.- Chalkidanga, Manirampur, Jessore. Phone: 01716-142593, Fax: 0421-72404",2003-09-16,2018-09-16,2028-09-16,Jessore,Bangladesh,,Bangladesh NGO Affairs Bureau - Local NGO List (up to 19 August 2026)
Social Advancement and Village Economic (SAVE),1488,"Rasulpur Bazar, P.O: Abdullahpur, Thana: Keraniganj, Dhaka-1311 Phone: 01678323223, 01713514207",2000-02-28,2020-02-29,2030-02-28,Dhaka,Bangladesh,,Bangladesh NGO Affairs Bureau - Local NGO List (up to 19 August 2026)
Social Advancement Centre (SAC),0900,"Sufiya Bhaban, 138, Shaheed Rafiq Sarak, P.O.: Manikganj, Dist: Manikganj. Phone: 01711-909",1995-02-14,2010-02-14,2015-02-13,Manikganj,Bangladesh,,Bangladesh NGO Affairs Bureau - Local NGO List (up to 19 August 2026)
Social Advancement Community Organization,2724,"Police Line Road, Barguna Phone: 01714-016190",2012-08-07,2017-08-07,2027-08-07,Barguna,Bangladesh,,Bangladesh NGO Affairs Bureau - Local NGO List (up to 19 August 2026)
Social Advancement Development Organisation (SADO),1203,"94/4, Kalibari Road, (Nikunjo R/A), Patgadam, Mymensingh. Phone: 091-54883, Fax: 091-54834",1997-10-03,2008-10-23,2013-10-23,Mymensingh,Bangladesh,"Cancelled on 09/08/2010, Revived on 29/04/2012",Bangladesh NGO Affairs Bureau - Local NGO List (up to 19 August 2026)
Social Advancement for Peoples Liberation Agency (SAPLA),0297,"Vill: Kechuakora, PO: Ahmedpur Bazar, UZ: Baraigram, Dist: Natore-6433 Phone: 01711-363153",1989-05-18,2019-05-18,2029-05-18,Natore,Bangladesh,,Bangladesh NGO Affairs Bureau - Local NGO List (up to 19 August 2026)
Social Advancement For Rural Mass (SARM),1272,"2/1, Hazi Dilgoni Market, Mohammadpur, Dhaka., Phone: 01835-150575",1998-06-14,2018-06-14,2028-06-14,Dhaka,Bangladesh,"Cancelled on 29/07/2010, Revived on 24/01/2011",Bangladesh NGO Affairs Bureau - Local NGO List (up to 19 August 2026)
Social Advancement for Rural Poor,2695,"House-Sagorika 1/1, Block-B, Lalmatia, Dhaka.",2012-05-17,,2017-05-17,Dhaka,Bangladesh,,Bangladesh NGO Affairs Bureau - Local NGO List (up to 19 August 2026)
Social Advancement Program & Networking Organization,2543,"Sohid Khaknon Road, Jales waritola, Bogra-5800 Phone: 051-66058 www.sapno.bd.org.",2010-02-15,2020-02-15,2030-02-15,Bogra,Bangladesh,,Bangladesh NGO Affairs Bureau - Local NGO List (up to 19 August 2026)
Social Advancement Society (SAS),2162,"Sajher Maya, 104, Baptist Mission Road, Barisal. Phone: 0431-63286, Fax: 0431-60373",2006-11-21,2016-11-22,2026-11-21,Barisal,Bangladesh,,Bangladesh NGO Affairs Bureau - Local NGO List (up to 19 August 2026)
Social Advancement Through Unity,0795,"Plot-91, Block-2, Road-12, Tangail Housing Estate, Paschim Akur Takur Para, Tangail. Phone: 0921-63674, Fax: 092151723",1993-12-29,2018-12-29,2028-12-29,Tangail,Bangladesh,,Bangladesh NGO Affairs Bureau - Local NGO List (up to 19 August 2026)
Social Aid,2541,"Kha-202/C, Hazi Solim Uddin Lane, Middle Badda, Dhaka-1212 Cell: +8801712080178 email: admin@socialaid.org.bd web: www.socialaid.org.bd",2010-02-08,2025-02-08,2035-02-07,Dhaka,Bangladesh,Nane Change on 06-06-18,Bangladesh NGO Affairs Bureau - Local NGO List (up to 19 August 2026)
Social Aid in Bangladesh,2494,"Vill: Mohiuddin Howladar Kandi, P.O: Dori Kandi, Upazila: Jajira, Dist.: Shariatpur. Phone: 01712-968911",2009-10-13,2019-10-13,2029-10-13,Shariatpur,Bangladesh,,Bangladesh NGO Affairs Bureau - Local NGO List (up to 19 August 2026)
Social and Agriculture Development Organization (ISADO),2819,"House-41, M.R. Road, Magura Phone: 01716-317919",2013-09-29,,2018-09-29,Magura,Bangladesh,,Bangladesh NGO Affairs Bureau - Local NGO List (up to 19 August 2026)
Social and Economic Benevolent Association (SEBA),3065,"Vill: Vootmara, PO: Dupthi, Upazilla: Sdar, Barguna Phone: 01710436851",2016-12-14,2021-12-14,2031-12-13,Barguna,Bangladesh,,Bangladesh NGO Affairs Bureau - Local NGO List (up to 19 August 2026)
Social Assistance & Rehabilitation For the Physically Vulnerable(SARPV),0409,"House-589, Road-11, Baitul Aman Housing Society, Adabar, Dhaka. Phone: 8190253-4, Fax: 8190256 www.sparpv.org",1990-11-15,2020-11-15,2030-11-15,Dhaka,Bangladesh,,Bangladesh NGO Affairs Bureau - Local NGO List (up to 19 August 2026)
Social Assistance for Community Development (SADC),2137,"House-153, Road-8, South Bishil, Mirpur-1, Dhaka-1216 Phone: 01552-349169 www.sacdbd.org",2006-09-27,2016-09-27,2026-09-26,Dhaka,Bangladesh,,Bangladesh NGO Affairs Bureau - Local NGO List (up to 19 August 2026)
Social Association for Fundamental Empowerment (SAFE),0830,"Kholil Complex, Digarkanda, Sadar, Mymensing",1994-05-18,2024-05-18,2034-05-17,Mymensingh,Bangladesh,"Cancelled on 15/06/2010, Revived on: 14/12/2017",Bangladesh NGO Affairs Bureau - Local NGO List (up to 19 August 2026)
Social Association for Rural Advancement(SARA),0201,"23/1, Sardah Gosh Road, Nandibari, Mymensingh, Phone : 091-67877",1986-01-23,2016-01-23,2026-01-23,Mymensingh,Bangladesh,,Bangladesh NGO Affairs Bureau - Local NGO List (up to 19 August 2026)
Social Development Association Comilla (SDA- Comilla).,2806,"Vill: Bitman, PO: Illiateganj: PS: Daudkandi, Dist: Comilla. Phone: 01819-141644",2013-08-04,2018-08-04,2028-08-04,Comilla,Bangladesh,,Bangladesh NGO Affairs Bureau - Local NGO List (up to 19 August 2026)
Social Development Organization of Bangladesh (SDOB),2511,"Adarsha Housing Society (4th Floor), Panchgasia Road, Mohipal, Feni. Phone: 0331-611831",2009-11-05,2014-11-05,2019-11-05,Feni,Bangladesh,,Bangladesh NGO Affairs Bureau - Local NGO List (up to 19 August 2026)
Social Development Program (SODEP),2080,"Sadar Road, Shariatpur-8000 Phone: 0601-51009, Fax: 0601-61179 www.sodepbd.org",2006-03-06,2021-03-06,2031-03-05,Shariatpur,Bangladesh,,Bangladesh NGO Affairs Bureau - Local NGO List (up to 19 August 2026)
Social Development Services (SDS),2620,"West Balighata, PO+PS: Panchbibi, Dist: Joypurhat.",2011-01-26,2021-01-30,2031-01-30,Joypurhat,Bangladesh,,Bangladesh NGO Affairs Bureau - Local NGO List (up to 19 August 2026)
Social Development Society (SDS),0335,"Munni Nibash, North Alekanda, Barisal City, Barisal. Phone: 0431-2173852",1990-01-09,2010-01-09,2015-01-09,Barisal,Bangladesh,,Bangladesh NGO Affairs Bureau - Local NGO List (up to 19 August 2026)
Social Edification of Benign Acimilation Society(SEBA),1646,"House-146/3, Khanjahan Ali Road, Khulna-9100 Phone: 041-720158",2001-06-10,2026-06-10,2036-06-09,Khulna,Bangladesh,,Bangladesh NGO Affairs Bureau - Local NGO List (up to 19 August 2026)
Social Environment and Rural Development Organisation (SERDO),1800,"Sher-e-Bangla Road, Matullabad, Barisal-8205 Phone:01711-939874",2003-02-24,2008-02-20,2013-02-20,Barisal,Bangladesh,"Cancelled on 15/06/2010, Revived on 04/05/2011",Bangladesh NGO Affairs Bureau - Local NGO List (up to 19 August 2026)
Social Equality for Effective Development (SEED),2274,"House-503/1, New Ward No.-04, Kakrul Road, Rangpur-5400 Phone: 0521-52360",2007-09-27,2017-09-27,2027-09-27,Rangpur,Bangladesh,,Bangladesh NGO Affairs Bureau - Local NGO List (up to 19 August 2026)
Social Health and Education Development Board (SHED-Board),0134,"33, Senpara Parbata, Mirpur, Section # 10, Dhaka Phone :9020682, Fax: 9005842 www.shedboard.org",1982-11-23,2020-05-15,2030-05-15,Dhaka,Bangladesh,,Bangladesh NGO Affairs Bureau - Local NGO List (up to 19 August 2026)
Social Initiative for Human Development,2356,"Isapuri Lodge, Mymensing Road, (Old Bus stand), Tangail-1900 Phone: 0921-54731, Fax: 0921-545118",2008-05-14,,2013-05-14,Tangail,Bangladesh,,Bangladesh NGO Affairs Bureau - Local NGO List (up to 19 August 2026)
Social Institute,0371,"Plot 1/A, Block-D, Arifabad Housing Society, Pallabi Extension, Dhaka. Phone : 0171-527421",1990-03-03,1995-03-03,2000-03-03,Dhaka,Bangladesh,,Bangladesh NGO Affairs Bureau - Local NGO List (up to 19 August 2026)
Social Motivation Service (SMS),3013,"Sujalpur, Birganj, Dinajpur Phone: 01741702390",2016-02-29,2021-02-28,2031-02-28,Dinajpur,Bangladesh,,Bangladesh NGO Affairs Bureau - Local NGO List (up to 19 August 2026)
Social Organization for Develoment of Abandoned Children (SODAC),1662,"Aricha Ghat, Shibaloy, Manikgong",2006-02-20,,2011-02-20,Manikganj,Bangladesh,,Bangladesh NGO Affairs Bureau - Local NGO List (up to 19 August 2026)
Social Organization for Life & Creation (SOLC),2192,"Vill.+Post: Chowgacha, Dist.: Jessore-7400",2007-01-24,,2012-01-24,Jessore,Bangladesh,,Bangladesh NGO Affairs Bureau - Local NGO List (up to 19 August 2026)
Social Organization for Rural Development (SORD),2227,"Joyra College Road, Manikgonj.",2007-04-25,,2012-04-25,Manikganj,Bangladesh,,Bangladesh NGO Affairs Bureau - Local NGO List (up to 19 August 2026)
Social Outreach Program For Development,0968,"12/25 Sir Syed Road, Block-A, Mohammadpur, Dhaka. Phone : 8123155",1995-09-11,2010-09-11,2015-09-11,Dhaka,Bangladesh,,Bangladesh NGO Affairs Bureau - Local NGO List (up to 19 August 2026)
Social Progress Services (SPS),0513,"101 Bottola, Sherpur Sadar, Sherpur. Phone: 01711-176775",1991-08-07,2016-08-07,2026-08-07,Sherpur,Bangladesh,"Cancelled on 27/06/2010, Revived on 30/05/2013",Bangladesh NGO Affairs Bureau - Local NGO List (up to 19 August 2026)
Social Prosperity by Native Organization (SOPNO),2295,"64/23 Aurjun Das, Agorwala Road, Courtpara, Kustia.",2007-12-18,,2012-12-18,Kustia,Bangladesh,,Bangladesh NGO Affairs Bureau - Local NGO List (up to 19 August 2026)
Social Reconstruction Action,2575,"297, Kazipara, Kathaltola Road, Jessore. Phone: 0421-66853",2010-05-20,,2015-05-20,Jessore,Bangladesh,,Bangladesh NGO Affairs Bureau - Local NGO List (up to 19 August 2026)
Social Safety Net Foundation,3567,"Kunjakutir, Salimabad, Bancharumpur, Brahmanbaria Phone: 01730451799 email: ssnf09@gmail.com",2026-01-22,,2036-01-21,Brahmanbaria,Bangladesh,,Bangladesh NGO Affairs Bureau - Local NGO List (up to 19 August 2026)
Social Service Society,2888,"Vill: Kamarjuri, PO: National University, Gazipur. Phone: 01839-958760",2014-08-25,2019-08-25,2029-08-25,Gazipur,Bangladesh,,Bangladesh NGO Affairs Bureau - Local NGO List (up to 19 August 2026)
Social Support Organization (SSO),3215,"724, West Shewrapara, Mirpur, Dhaka-1216. Mob: 01711050651",2019-08-07,,2029-08-07,Dhaka,Bangladesh,,Bangladesh NGO Affairs Bureau - Local NGO List (up to 19 August 2026)
Social Un-obstructive Help Association (SUHA),2578,"25/1, Issha Kha Road, Nagorkhanpur, Narayanganj-1400 Phone: 7643517",2010-05-23,,2015-05-23,Narayanganj,Bangladesh,,Bangladesh NGO Affairs Bureau - Local NGO List (up to 19 August 2026)
Social Upliftment Society (SUS),1094,"76/A, Uttarpara, P.S: Savar, Dhaka-1340 Phone: 7746299, 01715022673 www.bangladeshngo.com/ngo/sus",1996-11-02,2021-11-02,2031-11-01,Dhaka,Bangladesh,,Bangladesh NGO Affairs Bureau - Local NGO List (up to 19 August 2026)
Social Welfare Advancement Committee (SWACO),1954,"Staff Quarter More, Circuit House Road, Chaklapara, Jhenidah-7300 Phone: 0451-61747",2004-09-05,2019-09-05,2029-09-05,Jhenaidah,Bangladesh,"Cancelled on 27/06/2010, Revived on 01/02/2011",Bangladesh NGO Affairs Bureau - Local NGO List (up to 19 August 2026)
Social Welfare Improvement Trust (SWIT),1425,"40, Mujgunni Dakhinpara Road, Khulna",1999-09-16,2014-09-16,2034-09-15,Khulna,Bangladesh,,Bangladesh NGO Affairs Bureau - Local NGO List (up to 19 August 2026)
Social Women Organisation for Village Advancement (SWOVA),1624,"Dhupchachia (Near forest Office), Bogra-5880 Phone : 03754-001336",2001-03-11,2021-03-11,2031-03-10,Bogra,Bangladesh,,Bangladesh NGO Affairs Bureau - Local NGO List (up to 19 August 2026)
Social Work for Awarness Development Environment & Social Health (SWADESH),1734,"9/25 (3rd Floor), Block-C, Humayun Road, Mohammadpur, Dhaka-1207 Phone: 01711-561656",2004-08-03,2019-08-03,2029-08-03,Dhaka,Bangladesh,,Bangladesh NGO Affairs Bureau - Local NGO List (up to 19 August 2026)
Society Development Agency (SDA),2896,"SP Complex (5th Floor), Kazipara Road, Patuakhali-8600 Phone: 01712-103394",2014-10-14,2019-10-14,2029-10-14,Patuakhali,Bangladesh,,Bangladesh NGO Affairs Bureau - Local NGO List (up to 19 August 2026)
Society Development Committee,0533,"Zaman Monjil, Road-01, Goalchamot, Faridpur. Phone: 0631-65854 www.sdcbd.org",1991-09-26,2021-09-16,2031-09-15,Faridpur,Bangladesh,,Bangladesh NGO Affairs Bureau - Local NGO List (up to 19 August 2026)
Society Development Organization,3166,"House-04, Road-02, Hazi Amanullah Road, Diabari, Post: Nishatnagar-1711, Turag, Dhaka Mob: 01735985023",2018-10-23,,2028-10-23,Dhaka,Bangladesh,,Bangladesh NGO Affairs Bureau - Local NGO List (up to 19 August 2026)
Society Exhort Relation and Vocational Education (SERVE),2195,"Mecca Tower, House-98, Road-12, Sector-10, Uttara Model Towen, Dhaka Phone: 8961826 www.servebangladesh.org",2007-02-18,2012-02-18,2017-02-18,Dhaka,Bangladesh,,Bangladesh NGO Affairs Bureau - Local NGO List (up to 19 August 2026)
Society for Action Research & Development (SARD),0459,"40/D, Dilu Road, (1st Fl.) New Eskaton, Dhaka-1000 Phone : 9345068",1991-04-10,2011-04-10,2016-04-10,Dhaka,Bangladesh,,Bangladesh NGO Affairs Bureau - Local NGO List (up to 19 August 2026)
Society for Advancement in Education and Training,2710,"32/2, Azimpur, Lalbag, Dhaka. Phone: 01711-452231",2012-06-18,,2017-06-18,Dhaka,Bangladesh,,Bangladesh NGO Affairs Bureau - Local NGO List (up to 19 August 2026)
Society for Advancement of Rural Area,0750,"House-03, Road-8A, Nikunjo-1, Khilkhet, Dhaka-1209 Phone: 8900500, Fax: 9851124",1993-09-18,2018-09-18,2028-09-18,Dhaka,Bangladesh,"Cancelled on 25/07/2010, Revived on 10/02/2011",Bangladesh NGO Affairs Bureau - Local NGO List (up to 19 August 2026)
Society for Aid Programs,3594,"House-10(Flat-2-C), Raod-10, Nilkunja-2, Khilkhet, Dhaka-1229 Phone: 01613068847 email:",2026-04-27,,2036-04-26,Dhaka,Bangladesh,,Bangladesh NGO Affairs Bureau - Local NGO List (up to 19 August 2026)
Society for Alleviation of Rural Poverty (SARP),2084,"Sonali Bank Bhaban (1st East Fl.), Goshair Hat, Shariatpur. Phone: 0602475086, 01712086106",2006-03-27,2016-03-27,2021-03-27,Shariatpur,Bangladesh,,Bangladesh NGO Affairs Bureau - Local NGO List (up to 19 August 2026)
Society for Assistance to Hearing Impaired Children (SAHIC),0398,"BCPS Campus, Mohakhali, Dhaka -1212 Phone : 8822007, 9881535 www.sahicbd.org",1990-10-22,2020-10-22,2030-10-22,Dhaka,Bangladesh,,Bangladesh NGO Affairs Bureau - Local NGO List (up to 19 August 2026)
Society for Awareness & Development of Disabled,2491,"House-9, Road-19, Rupnagar R/A, Pallabi, Mirpur, Dhaka-1216 Phone: 01714-072642",2009-10-13,2014-10-13,2019-10-13,Dhaka,Bangladesh,,Bangladesh NGO Affairs Bureau - Local NGO List (up to 19 August 2026)
Society for Biodiversity Conservation (SBC),2486,"Hazi Mansion (1st Floor), Bridge Par, PO & UZ: Jhinaigati, Dist: Sherpur-2100",2009-10-04,2014-10-04,2019-10-04,Sherpur,Bangladesh,,Bangladesh NGO Affairs Bureau - Local NGO List (up to 19 August 2026)
Society for Bright Social Services,2584,"68/5/1, South Mugdha Para, Dhaka-1214 Phone: 01817-549700 www.brightysocial.org",2010-06-24,2020-06-24,2030-06-24,Dhaka,Bangladesh,,Bangladesh NGO Affairs Bureau - Local NGO List (up to 19 August 2026)
Society for Development Initiatives (SDI),0937,"House-2/4, Block-C, Shahjahan Road, Mohammadpur, Dhaka-1217 Phone: 9122210, Fax: 9145381",1995-05-25,2020-05-25,2030-05-25,Dhaka,Bangladesh,,Bangladesh NGO Affairs Bureau - Local NGO List (up to 19 August 2026)
"Society for Economic & Basic Advancement (SEBA), The",0232,"Road-23, House-B165, DOHS Mohakhali, Dhaka-1212 Phone: 8825909 www.seba-bd.org",1987-08-30,2012-08-30,2017-08-30,Dhaka,Bangladesh,,Bangladesh NGO Affairs Bureau - Local NGO List (up to 19 August 2026)
Society for Economic & Environmental Development (SEED),2902,"3/12, Block-F, Lalmatia, Dhaka-1207 Phone: 01713-029292",2014-10-18,2019-10-18,2029-10-18,Dhaka,Bangladesh,,Bangladesh NGO Affairs Bureau - Local NGO List (up to 19 August 2026)
Society for Education & Care of Hearing Impaired Children of Bangladesh,0164,"House-3/2, North Road (Bhuter Goli), dhanmondi Dhaka-1209 Phone: 9119535",1984-04-18,2020-05-15,2030-05-15,Dhaka,Bangladesh,,Bangladesh NGO Affairs Bureau - Local NGO List (up to 19 August 2026)
Society for Education in Theatre,0930,"House-10/A, Road-25/A, Block-A, Banani, Dhaka. Phone: 8832278, Fax: 8811664",1995-04-19,2005-04-19,2010-04-19,Dhaka,Bangladesh,,Bangladesh NGO Affairs Bureau - Local NGO List (up to 19 August 2026)
"Society for Education of the Intelectually Disabled, Bangladesh",2042,"9/6, Lalmatia, Block-B (1st Floor), Dhaka-1207. Phone: 9131791",2005-10-25,,2010-10-25,Dhaka,Bangladesh,,Bangladesh NGO Affairs Bureau - Local NGO List (up to 19 August 2026)
"Society for Empowerment, Education and Development",2577,"Flat-B-102 (1st Floor), Kolmilota, Uttara Rajuk Apartment Project, Uttara, Sector-18, Dhaka-1212 www.seed.org.bd",2010-05-20,2015-05-20,2025-05-19,Dhaka,Bangladesh,,Bangladesh NGO Affairs Bureau - Local NGO List (up to 19 August 2026)
Society for Environmennt & Human Development (SEHD),0839,"1/1 Pallabi (5th Floor), Mirpur, Dhaka-1216 Phone: 9026636, Fax: 8060828",1994-06-23,2019-06-23,2029-06-23,Dhaka,Bangladesh,,Bangladesh NGO Affairs Bureau - Local NGO List (up to 19 August 2026)
Society for Environment & Development Observer (SDO),2066,"Post + Upazila: Palong Sadar Road, Dist: Shariatpur-8000 Phone: 01818-355824",2006-01-31,2011-01-31,2016-01-31,Shariatpur,Bangladesh,,Bangladesh NGO Affairs Bureau - Local NGO List (up to 19 August 2026)
Society for Health Extension & Development (SHED),0408,"ICDDRB Campus, Main Road, Teknaf Pourasava, Teknaf, Coxsbazar Phone: 0342675144",1990-11-14,2020-11-14,2030-11-14,Cox'sBazar,Bangladesh,,Bangladesh NGO Affairs Bureau - Local NGO List (up to 19 August 2026)
Society for Idea in rural and Social Development,2291,"23/9, Khilji Road, Shamoli, Mohammadpur, Dhaka. Phone: 9139303",2007-11-27,2012-11-27,2017-11-27,Dhaka,Bangladesh,,Bangladesh NGO Affairs Bureau - Local NGO List (up to 19 August 2026)
Society for Lowest Urban Mass,2398,"6638 East Vatara, Badda, Gulshan, Dhaka-1212",2009-01-07,2014-01-07,2019-01-07,Dhaka,Bangladesh,,Bangladesh NGO Affairs Bureau - Local NGO List (up to 19 August 2026)
Society for Participatory Action & Reflection,2424,"Room-20, Al-Farid Super Market, 107, Green Road, Farmgate, Dhaka. Phone: 9110227",2009-04-02,2019-04-02,2029-04-02,Dhaka,Bangladesh,,Bangladesh NGO Affairs Bureau - Local NGO List (up to 19 August 2026)
Society for Participatory Economic Social Development(Spesd-Bangladesh),2714,"16, Shah Amanat City Corporation, Chattogram Phone: 01815-026397 email: spesd.bangladesh@gmail.com",2012-06-27,2017-06-27,2027-06-27,Chattogram,Bangladesh,,Bangladesh NGO Affairs Bureau - Local NGO List (up to 19 August 2026)
Society for Participatory Education and Development (SPED),2566,"House-75, Block-B, Road-06, Monsurabad R/A, Adabor, Mohammadpur, Dhaka. Phone: 01716-440532, 819-0386",2010-04-28,2020-04-28,2030-04-28,Dhaka,Bangladesh,,Bangladesh NGO Affairs Bureau - Local NGO List (up to 19 August 2026)
Society for People's Action in Change Equity (SPACE),2085,"House-695/A,Road-11, Baitul Aman Housing Society, Adabor, Dhaka-1207 Phone: 9138772 www. Spacebangladesh.org",2006-03-28,2021-03-28,2031-03-28,Dhaka,Bangladesh,,Bangladesh NGO Affairs Bureau - Local NGO List (up to 19 August 2026)
Society for Peoples Advancement (SPA),1744,"Chand Masjid Road, Rasulpur, Ashrafabad, Kamrangir Char, Dhaka. Phone : 8621677 www.spabd.org",2002-10-07,2017-10-07,2027-10-07,Dhaka,Bangladesh,,Bangladesh NGO Affairs Bureau - Local NGO List (up to 19 August 2026)
Society for Peoples Education Empowerment and Development Trust,1718,"170 Shayan Babu Lane, Gora Chand Das Road, Barisal-8200 Phone: 0431-61687 www.speedtrust.org",2002-06-08,2017-06-08,2027-06-08,Barisal,Bangladesh,,Bangladesh NGO Affairs Bureau - Local NGO List (up to 19 August 2026)
Society for Peoples Initiative,2746,"75-76 Rahabar Tower, Janata Housing Cooperative Society, Adabor, Dhaka. Phone: 01715-009796",2012-11-14,2017-11-14,2027-11-14,Dhaka,Bangladesh,,Bangladesh NGO Affairs Bureau - Local NGO List (up to 19 August 2026)
Society for Project Implementation Research & Evaluation(SPIRE),2014,"82/9, North Jatrabari, Dhaka-1204. Phone: 7544812",2005-03-10,2020-03-10,2030-03-10,Dhaka,Bangladesh,,Bangladesh NGO Affairs Bureau - Local NGO List (up to 19 August 2026)
Society for Promotion of Bangladesh Art,1783,"Baliaaree (5th Floor), House-30, Road-130, Gulshan, Dhaka.",2003-06-01,,2008-06-01,Dhaka,Bangladesh,,Bangladesh NGO Affairs Bureau - Local NGO List (up to 19 August 2026)
Society for Rehabilitation of Autistic Children (SRAC),3057,"G-22, Block-E, Jakir Hossain Road, Mohammadpur, Dhaka-1207 Phone: 01721599288",2016-12-14,2021-12-14,2031-12-13,Dhaka,Bangladesh,,Bangladesh NGO Affairs Bureau - Local NGO List (up to 19 August 2026)
Society for Rehabilitation of Burn Victims (SRBV),1161,"1/8, Block-E, Lalmatia, Dhaka. Phone: 9124436",1997-06-11,2017-06-11,2027-06-11,Dhaka,Bangladesh,,Bangladesh NGO Affairs Bureau - Local NGO List (up to 19 August 2026)
Society for Rural Women & Child Development,2502,"9/6 Uttar Pirear Bag, Mirpur, Dhaka-1216 Phone: 01711-806151",2009-10-26,,2014-10-26,Dhaka,Bangladesh,,Bangladesh NGO Affairs Bureau - Local NGO List (up to 19 August 2026)
Society for Social Advancement of Rural People,2507,"Ovizan-222, Ss Academy Road, Madhya Aouchpara, Tongi, Gazipur. Phone: 7214964",2009-11-04,2019-11-04,2029-11-04,Gazipur,Bangladesh,,Bangladesh NGO Affairs Bureau - Local NGO List (up to 19 August 2026)
Society for Social Services (SSS),0345,"House-6/1, Block-A, Lalmatia, Mohammadpur, Dhaka-1207",1990-01-28,2020-01-30,2030-01-30,Tangail,Bangladesh,,Bangladesh NGO Affairs Bureau - Local NGO List (up to 19 August 2026)
Society for Sustainable Development for the Rural & Urban Area,2432,"Flat-02, House-2/7E, Road-03, Tolarbag, Mirpur-1, Dhaka-1216 Phone: 01711-796563, 01823-442233 email: ssurda.ngo@gmail.com",2009-04-30,2019-04-30,2029-04-30,Dhaka,Bangladesh,,Bangladesh NGO Affairs Bureau - Local NGO List (up to 19 August 2026)
Society for Sylhet Resources Advancement Community,3040,"House-40, Road-04, Block-A (Main Road), Shahjalal Upashahar, Sylhet Phone: 01712319280",2016-10-05,2021-10-05,2031-11-04,Sylhet,Bangladesh,,Bangladesh NGO Affairs Bureau - Local NGO List (up to 19 August 2026)
"Society for the Eradication of Illiteracy,Poverty, enemployment and Pollution (SEIPAP)",1371,"Aziz Super Market, Room-63 (3rd Floor), Shahbag, Dhaka Phone: 01712-001126",1999-04-13,2004-04-13,2009-04-13,Dhaka,Bangladesh,,Bangladesh NGO Affairs Bureau - Local NGO List (up to 19 August 2026)
Society for the Project Implementation Research Evaluation & Training (SOPIRET),0195,"8/3, Segunbagicha, Ramna, Dhaka Phone : 9559295",1986-01-23,2021-01-23,2031-01-22,Dhaka,Bangladesh,,Bangladesh NGO Affairs Bureau - Local NGO List (up to 19 August 2026)
Society for the Promotion of Human Rights (SPHR),1765,"Amjupi Bazar, Amjupi, Meherpur Phone: 01733-928545",2002-11-27,2017-11-27,2027-11-27,Meherpur,Bangladesh,,Bangladesh NGO Affairs Bureau - Local NGO List (up to 19 August 2026)
Society for the Welfare of Autistic Children (SWAC),2354,"70/Ka, Pisciculture, Shyamoli, Dhaka-1207. Phone: 02-58150565, Cell: 88 01711632861 email: info@autism-swacbd.org,",2008-05-11,2018-05-11,2028-05-11,Dhaka,Bangladesh,,Bangladesh NGO Affairs Bureau - Local NGO List (up to 19 August 2026)
Society for the Welfare of the Intelectually Disabled- Bangladesh (SWID-B),0125,"w4/wAw, E.asuktaistomn- sGwaarcdbedn.,o Drghaka. Phone : 9334009, Fax: 8319438 www.swidbd.wordpress.com",1982-10-20,2020-05-15,2030-05-14,Dhaka,Bangladesh,,Bangladesh NGO Affairs Bureau - Local NGO List (up to 19 August 2026)
Society for Training and Rehabilitation (STAR),1796,"Purbopara, P.O:Gachapara, Thana: Kotalipara, Gopalganj Phone: 01711-021392",2003-02-18,2018-02-18,2028-02-18,Gopalganj,Bangladesh,,Bangladesh NGO Affairs Bureau - Local NGO List (up to 19 August 2026)
Society for Uddog,3028,"Kanchan Road, Gashipara, Dinajpur Phone: 0531-61883",2016-06-20,2021-06-20,2031-06-19,Dinajpur,Bangladesh,,Bangladesh NGO Affairs Bureau - Local NGO List (up to 19 August 2026)
Society for Under Privileged Families (SUF),0468,"475, Nayatola, Magbazar, Dhaka Phone : 9338637, 9358326 www.sufbd.org",1991-05-05,2021-05-05,2031-05-05,Dhaka,Bangladesh,,Bangladesh NGO Affairs Bureau - Local NGO List (up to 19 August 2026)
Society for Urban & Rural Advancement Committee (SURA),0736,"5/A, New Circular Road, Raypur House (1st Floor), Malibagh, Dhaka-1217. Phone : 9352996",1993-07-31,2018-07-31,2028-07-31,Dhaka,Bangladesh,,Bangladesh NGO Affairs Bureau - Local NGO List (up to 19 August 2026)
Society for Urban and Rural Human Integrated Development (SURHID),1259,"6/I, Aziz Co-operative Housing, Shahabagh Avenue, Dhaka-1000 Phone: 01715006933",1998-04-28,2018-04-28,2028-04-28,Comilla,Bangladesh,,Bangladesh NGO Affairs Bureau - Local NGO List (up to 19 August 2026)
Society for Voluntary Activities,2699,"58 Sahortoli Sarka, Adarsa Para, Jhenaidah.",2012-05-22,2017-05-22,2027-05-21,Jhenaidah,Bangladesh,,Bangladesh NGO Affairs Bureau - Local NGO List (up to 19 August 2026)
Society of Justice,2300,"House-LA-56, Badda Post Office Road, Gulshan, Dhaka.",2008-01-15,,2013-01-15,Dhaka,Bangladesh,,Bangladesh NGO Affairs Bureau - Local NGO List (up to 19 August 2026)
Society of Poor and Helpless,1738,"28/A, Kakrail, Dhaka Phone : 9336461",2002-09-19,,2007-09-19,Dhaka,Bangladesh,,Bangladesh NGO Affairs Bureau - Local NGO List (up to 19 August 2026)
Socio Economic & Environment Development Society,2324,"5/Kha, Hory Kishore Roy Road, Mymensingh Phone: 01713-587020",2008-03-24,2018-03-24,2028-03-24,Mymensingh,Bangladesh,,Bangladesh NGO Affairs Bureau - Local NGO List (up to 19 August 2026)
Socio Economic & Rural Advancement Committee (SERAC),2666,"Choadunga Hospital Road, Choadanga Phone: 04247680417",2011-11-22,,2016-11-22,Chuadanga,Bangladesh,,Bangladesh NGO Affairs Bureau - Local NGO List (up to 19 August 2026)
Socio Economic Bucking Association-Seba,1931,"Biswas Betka, Mymensingh Road, Tangail Phone: 0921-62988 www.seba-bd.com",2004-05-11,2019-05-11,2029-05-11,Tangail,Bangladesh,,Bangladesh NGO Affairs Bureau - Local NGO List (up to 19 August 2026)
Socio Economic Development Action Programme (SEDAP),1620,"Shahid Rafique Sarany, PS: Singair, Dist: Manikganj. Phone: 0651-71081",2001-02-15,2011-02-15,2016-02-15,Manikganj,Bangladesh,,Bangladesh NGO Affairs Bureau - Local NGO List (up to 19 August 2026)
Socio Economic Development Alliance (SEDA),2661,"House-2/4(1st Floor), South Kallyanpur, Kallyanpur, Dhaka-1216 Phone: 01737-799100 email: s.m.nazmul2012@gmail.com",2011-10-20,2021-10-20,2031-10-19,Dhaka,Bangladesh,,Bangladesh NGO Affairs Bureau - Local NGO List (up to 19 August 2026)
Socio Economic Development Assisting Center (SEDAC),1578,"w26w9w, .HseSdSa Rbdo.aodrg (Modern Para), PO Box-07, Jhenidah-7300 Phone: 01711-888011",2000-10-23,2010-10-23,2015-10-23,Jhenaidah,Bangladesh,,Bangladesh NGO Affairs Bureau - Local NGO List (up to 19 August 2026)
Socio Economic Development Organization for the Poor (SEDOP),2977,"House-455, Road-24, Mozgunni R/A (2nd Phase), Khalishpur, Khulna-9000 Phone: 01711-056108",2015-10-29,2020-10-29,2030-10-29,Khulna,Bangladesh,,Bangladesh NGO Affairs Bureau - Local NGO List (up to 19 August 2026)
Socio Economic Development Programme,2609,"Swapna Neer, Vill- Motipur, PO: Sonapur, PS: Noakhali, Dist: Noakhali. Phone: 01199-089384, 0321-63035",2010-11-08,2015-11-08,2020-11-08,Noakhali,Bangladesh,,Bangladesh NGO Affairs Bureau - Local NGO List (up to 19 August 2026)
Socio Economic Environmental Development Organization,2735,"College Road High School More, PO: & Dist: Jamalpur. Phone: 019177-11488",2012-10-04,2017-10-04,2027-10-04,Jamalpur,Bangladesh,,Bangladesh NGO Affairs Bureau - Local NGO List (up to 19 August 2026)
Socio Economic Health Education Organization,2709,"131 Bhai Bhai Cottage, 33 Circular House Road, Jhenaidah Phone: 01712-212629",2012-06-17,2017-06-17,2027-06-17,Jhenaidah,Bangladesh,,Bangladesh NGO Affairs Bureau - Local NGO List (up to 19 August 2026)
Socio Health and Rehabilitation Programme (SHARP),1805,"Sharp Complex, Kazipur Road, Fakirtola, Khoksabari, Sirajganj-6700 Phone: 0751-64312",2003-03-11,2018-03-11,2028-03-10,Sirajganj,Bangladesh,,Bangladesh NGO Affairs Bureau - Local NGO List (up to 19 August 2026)
Socio-Economic and Rural Advancement Association (SERA),2089,"House-656, Kailaty Road, Kurpar, Netrokona-2400 Phone: 0951-62542 www.seraanetra.org",2006-04-17,2021-04-17,2031-04-17,Netrakona,Bangladesh,,Bangladesh NGO Affairs Bureau - Local NGO List (up to 19 August 2026)
Socio-Economic Development Agency of Bangladesh (SEDAB),0735,"House-403 (2nd floor), Road-29, New DOHS, Mohakhali, Dhaka Phone : 8714134, 8714189, 8714582",1993-07-31,2008-07-31,2013-07-31,Dhaka,Bangladesh,,Bangladesh NGO Affairs Bureau - Local NGO List (up to 19 August 2026)
Socio-Economic Development Association (SEDA),1549,"BSCIC Shilpa Nagari, Mymensingh",2000-07-17,2005-05-17,2010-05-17,Mymensingh,Bangladesh,,Bangladesh NGO Affairs Bureau - Local NGO List (up to 19 August 2026)
Socio-Economic Development Association Bangladesh (SEDA-Bangladesh),2204,"Liakat Bhaban, B-4 (3rd Floor), Jallarpar, Sylhet.",2007-03-08,,2012-03-08,Sylhet,Bangladesh,,Bangladesh NGO Affairs Bureau - Local NGO List (up to 19 August 2026)
Socio-Economic Development Association for Disabled (SEDAD),2414,"House-563 (1st Floor), Road-09,Avenuee-03, Mirpur-12, Dhaka-1216 Phone: 01915-620299",2009-02-26,2019-02-26,2029-02-25,Gazipur,Bangladesh,,Bangladesh NGO Affairs Bureau - Local NGO List (up to 19 August 2026)
Sodesh (Society of Development & Education for Small Household),2645,"Ray Charan Road, Amtola Dist: Satkhira.",2011-06-16,2016-06-16,2026-06-16,Sathkhira,Bangladesh,,Bangladesh NGO Affairs Bureau - Local NGO List (up to 19 August 2026)
Sohai Bangladesh,2416,"House-01, Road-11/1, Block-B, Section-10, Mirpur, Dhaka. Phone: 8022038, 8018065 www.shohai.bd.com",2009-03-01,2014-03-01,2019-03-01,Dhaka,Bangladesh,,Bangladesh NGO Affairs Bureau - Local NGO List (up to 19 August 2026)
Sohay,2200,"Khas Villa, 280 Dhakhin Khan, Dhakhin Khan Bazar, Uttara, Dhaka-1230",2007-03-01,2017-03-01,2027-03-01,Dhaka,Bangladesh,,Bangladesh NGO Affairs Bureau - Local NGO List (up to 19 August 2026)
Solidarity,1173,"New Town, Kurigram. Phone : 0581-61222, 61485",1997-07-21,2017-07-21,2027-07-21,Kurigram,Bangladesh,,Bangladesh NGO Affairs Bureau - Local NGO List (up to 19 August 2026)
Somaj O Nari Unnayan Kendra (SNUK),1038,"House-3/B (1st floor), Road-02, Sector-03, Uttara, Dhaka-1230",1996-05-15,,2001-05-15,Dhaka,Bangladesh,"Cancelled on 23/12/2010, Revived on: 14/12/2017",Bangladesh NGO Affairs Bureau - Local NGO List (up to 19 August 2026)
Somaj Unnoyan Karjocrom (SUK),2230,"Soyadhangora, New Bogra Road, Sirajgonj-6700 Phone: 0751-64391",2007-05-08,2017-05-08,2027-05-08,Sirajganj,Bangladesh,,Bangladesh NGO Affairs Bureau - Local NGO List (up to 19 August 2026)
Sonakhali Manobkollan Sebasangha,3212,"Sonakhali, Joaria, Tungipara, Gopalganj, Mob: 01718913430",2019-07-23,,2029-07-23,Gopalganj,Bangladesh,,Bangladesh NGO Affairs Bureau - Local NGO List (up to 19 August 2026)
Sonali Asha Grameen Unnayan Sangstha,1611,"House-202, Road-02, Avenue-03, Mirpur DOHS, Dhaka-1212 Phone: 01711-514492",2001-01-18,2021-01-18,2031-01-17,Tangail,Bangladesh,,Bangladesh NGO Affairs Bureau - Local NGO List (up to 19 August 2026)
Sonali Unnayan Foundation Bangladesh),2286,"218/9, Begum Rokeya Sarani, Sher-E-Banglanagar, Dhaka-1207 Phone: 919889 www.sonalibd.org",2007-11-08,2017-11-08,2027-11-08,Dhaka,Bangladesh,,Bangladesh NGO Affairs Bureau - Local NGO List (up to 19 August 2026)
Sonar Bangla Foundation (SBF),2550,"Modhugonj Bazar, Kaliganj, Dist.: Jhenaidah. Phone: 04523-56021",2010-03-11,2020-03-11,2030-03-11,Jhenaidah,Bangladesh,,Bangladesh NGO Affairs Bureau - Local NGO List (up to 19 August 2026)
Sonar Bangla Samaj Kallyan Sangstha (SOBASKS),1608,"180 (Groud Floor), Shaheedbag, Dhaka. Phone: 8821540, 01912-267387",2001-01-10,2021-01-10,2031-01-09,Dhaka,Bangladesh,,Bangladesh NGO Affairs Bureau - Local NGO List (up to 19 August 2026)
Sonar Bangla Unnayan Sangstha,2581,"Naljani, Joydebpur Road, Chandona, Gazipur Sadar, Gazipur.",2010-06-15,,2015-06-15,Gazipur,Bangladesh,,Bangladesh NGO Affairs Bureau - Local NGO List (up to 19 August 2026)
Sonartori Somaj Unnayan Sangstha,3177,"Daktar Bari, Zila Parishad Sarak, Sadar, Patuakhali, Mob: 01715469669",2018-12-05,,2028-12-05,Patuakhali,Bangladesh,,Bangladesh NGO Affairs Bureau - Local NGO List (up to 19 August 2026)
Songjog Connecting People Foundation,3361,"Khonikaloy, 22/2 Purbo Mollartek, Dhakhinkhan, Dhaka-1230 Phone: 01915663333 email: info@songjog.org",2023-06-07,,2033-06-06,Dhaka,Bangladesh,,Bangladesh NGO Affairs Bureau - Local NGO List (up to 19 August 2026)
Songshoptaque,2615,"Nishorgo Nirjor, 09 Enayet Bazar, Chattogram Phone: 031-2852799 www.songshoptaque.org",2010-12-05,2020-12-05,2030-12-05,Chattogram,Bangladesh,,Bangladesh NGO Affairs Bureau - Local NGO List (up to 19 August 2026)
Sontosha Manab Seba Sangstha (SMSS),3328,"Enayetpur, Chowhaly, Sirajganj Phone: 01750609423 email: sontosha.423@gmail.com",2022-10-18,,2032-10-17,Sirajganj,Bangladesh,,Bangladesh NGO Affairs Bureau - Local NGO List (up to 19 August 2026)
Sopnil Bright Foundation,3075,"BGMEA Bhaban, Saltgola Crossing, Post: Bandar, Thana: EPZ, Dist: Chattogram-4100 Mobile: 01811102958, Phone: 02333340748",2017-01-03,2022-01-03,2032-01-02,Chattogram,Bangladesh,,Bangladesh NGO Affairs Bureau - Local NGO List (up to 19 August 2026)
South Asia Center for Media in Development (SACMID),3255,"House-4/2c Iqbal Road, Block-A, Mohammadpur, Dhaka. Mob: 01711881647",2020-12-10,,2030-12-10,Dhaka,Bangladesh,,Bangladesh NGO Affairs Bureau - Local NGO List (up to 19 August 2026)
Southern Charity Foundation (SCF),3501,"Taltola, Binerpota, Satkhira Sadar, Satkhira Phone: 01917937317 email: scfbd2015@gmail.com",2025-09-22,,2035-09-21,Satkhira,Bangladesh,,Bangladesh NGO Affairs Bureau - Local NGO List (up to 19 August 2026)
Southern Gono Unnayan Samity,0143,"95/1 Hira Bari Road, Bankpara, Gopalganj",1983-06-07,2015-05-15,2020-05-15,Gopalganj,Bangladesh,,Bangladesh NGO Affairs Bureau - Local NGO List (up to 19 August 2026)
Southpoint Integrated Rural Deelopment Association of Bangladesh (SIRDAB),2222,"Kashipur, Post: Mohsen Uddin, Upazilla: Bowful, Dist.: Patuakhali. Phone: 01714-984018",2007-04-04,2007-04-04,2012-04-04,Patuakhali,Bangladesh,,Bangladesh NGO Affairs Bureau - Local NGO List (up to 19 August 2026)
Sowravi Samaj Kallayan Sangstha,2872,"Vill: Tatikona, PO: Chatak, Upazilla: Chatak, Dist: Sunamganj",2014-07-24,,2019-07-24,Sunamganj,Bangladesh,,Bangladesh NGO Affairs Bureau - Local NGO List (up to 19 August 2026)
Special Olympics Bangladesh,3182,"117/A, Tejgaon 1/A, Dhaka-1205, Mob:01720531777",2018-12-18,,2028-12-18,Dhaka,Bangladesh,,Bangladesh NGO Affairs Bureau - Local NGO List (up to 19 August 2026)
Sports and Cultural Society of the Disable,2590,"81/2 Outer Circular Road, Boro Mogbazar, Dhaka. Phone: 01711560477",2010-08-08,2015-08-08,2020-08-08,Dhaka,Bangladesh,,Bangladesh NGO Affairs Bureau - Local NGO List (up to 19 August 2026)
Spreeha Bangladesh Foundation,2957,"naher Cottage, 104/A, 16/1, Jafrabad Buddijibi Road, Mohammadpur, Dhaka Phone: 01711-082082",2015-08-13,2020-08-13,2030-08-13,Dhaka,Bangladesh,,Bangladesh NGO Affairs Bureau - Local NGO List (up to 19 August 2026)
SR Asia Foundation,3377,"SubastuNazarValley,Tower-4,Apt-8E3, Pragati Sharani, Gulshan-2,Dhaka Phone: 01796635293 email: sr.programme@gmail.com",2023-09-07,,2033-09-06,Dhaka,Bangladesh,,Bangladesh NGO Affairs Bureau - Local NGO List (up to 19 August 2026)
Sramajibi-O-Dustha Kallyan Sangstha,0892,"Vill. Chakla, P.O. Pundoria, Thana Bera, Pabna Phone: 01712994647 www.sdks.org",1995-02-01,2025-02-01,2035-01-31,Pabna,Bangladesh,,Bangladesh NGO Affairs Bureau - Local NGO List (up to 19 August 2026)
Srijan Mohila Sangstha(SMS),1078,"Taragonj Dakhin Bazar, Nalitabari, Dist: Sherpur. Phone: 01625-171387",1996-09-30,2011-09-30,2016-09-30,Sherpur,Bangladesh,,Bangladesh NGO Affairs Bureau - Local NGO List (up to 19 August 2026)
Srimangal Foundation (SF),1736,"Uttarsur, Habiganj Road, Srimangal, Moulvibazar.Phone : 08626-883074 e-mail: sfbangla@yahoo.com",2002-09-11,2012-09-11,2017-09-11,MoulaviBazar,Bangladesh,,Bangladesh NGO Affairs Bureau - Local NGO List (up to 19 August 2026)
Sristy Human Rights Society,3196,"Charabag, Post: Ashulia, Thana: Savar, Dist: Dhaka. Mob: 01988103044",2019-03-07,,2029-03-07,Dhaka,Bangladesh,,Bangladesh NGO Affairs Bureau - Local NGO List (up to 19 August 2026)
Sristy Samajik Unnayan Sangstha,2873,"Court Para, Chuadanga Phone: 01719-679022",2014-07-24,2019-07-24,2029-07-24,Chuadanga,Bangladesh,,Bangladesh NGO Affairs Bureau - Local NGO List (up to 19 August 2026)
Srizoneshil Mohila Unnayan Sangstha,3047,"Malir Char, Nayapara, Post+Upazilla: Bakshiganj, Jamalpur. Phone: 01743992600",2016-11-01,2021-11-01,2031-11-01,Jamalpur,Bangladesh,,Bangladesh NGO Affairs Bureau - Local NGO List (up to 19 August 2026)
SRIZONY Foundation,0763,"111, Pabahati Road, Pabahati, Dist: Jhenaidah. Phone: 0451-632645, Fax: 0451-63346 www.srizonybd.org",1993-10-25,2018-10-25,2028-10-25,Jhenaidah,Bangladesh,Name Change on 02/06/2021,Bangladesh NGO Affairs Bureau - Local NGO List (up to 19 August 2026)
Srotodhara Foundation,2554,"9, B.B. Avenue (Don Plaza, 8th Floor), Gulistan, Dhaka-1000. Phone: 7163017, 01716-125906",2010-03-29,,2015-03-29,Dhaka,Bangladesh,,Bangladesh NGO Affairs Bureau - Local NGO List (up to 19 August 2026)
Step Towards Empowerment of the Poor (STEP),1820,"39/1, Captain Abdul Halim Chowdhury Road, South Sewta, Manikganj. Phone: 0651-61906",2003-04-29,2018-04-29,2028-04-29,Manikganj,Bangladesh,,Bangladesh NGO Affairs Bureau - Local NGO List (up to 19 August 2026)
Steps Towards Development (STD),0852,"3/4, Block # D, Lalmatia, Dhaka Phone : 8113275, 9118167 www.stepsbd.org",1994-08-13,2019-08-13,2029-08-13,Dhaka,Bangladesh,,Bangladesh NGO Affairs Bureau - Local NGO List (up to 19 August 2026)
Sthaniya Unnayan Sangstha,2792,"College Road, Mirzapur Bazar, Mirzapur, Tangail Phone: 01818-612746",2013-06-05,2018-06-05,2028-06-05,Tangail,Bangladesh,,Bangladesh NGO Affairs Bureau - Local NGO List (up to 19 August 2026)
STR Foundation,2981,"Bismillah S Mill Tower, Goradap Bandar, Hazradigi, Bogra Sadar, Bogra Phone: 01923-909090",2015-11-10,2020-11-10,2030-11-10,Bogra,Bangladesh,,Bangladesh NGO Affairs Bureau - Local NGO List (up to 19 August 2026)
Subah Samajik Unnayan Sangstha,2112,"Amjhupi Bazar, Post: Amjhupi Bazar, Upazilla & Dist.: Meherpur. 0791-62611, fax: 01716-545461",2006-07-13,2021-07-13,2031-07-12,Meherpur,Bangladesh,,Bangladesh NGO Affairs Bureau - Local NGO List (up to 19 August 2026)
Subarna Bhumi Foundation,3412,"House-14, Road-16/A, Gulshan-1, Dhaka-1212 Phone: 01517108336",2024-07-04,,2034-07-03,Dhaka,Bangladesh,,Bangladesh NGO Affairs Bureau - Local NGO List (up to 19 August 2026)
Subarna Gram Foundation,2648,"Sahapur Sonargaon, Narayanganj.",2011-06-23,,2016-06-23,Narayanganj,Bangladesh,,Bangladesh NGO Affairs Bureau - Local NGO List (up to 19 August 2026)
Suchana Samaj Kallyan Sanghtha,1034,"Abdul Hamid Road, Gopalpur, Pabna Sadar, Pabna. Phone: 0731-65083",1996-05-06,2021-05-06,2031-05-05,Pabna,Bangladesh,,Bangladesh NGO Affairs Bureau - Local NGO List (up to 19 August 2026)
Suchana Samaj Unnayan Sangstha,2954,"Vill: Thanapara, Boda, Panchagar Phone: 01714-229034",2015-08-04,2020-08-04,2030-08-04,Panchagar,Bangladesh,,Bangladesh NGO Affairs Bureau - Local NGO List (up to 19 August 2026)
Suchana Sashtha O Shikka Foundation,2891,"House-231, Road-12, Block-B, Section-12, Pallabi, Dhaka. Phone: 01712-372335",2014-09-15,2019-09-15,2029-09-15,Dhaka,Bangladesh,,Bangladesh NGO Affairs Bureau - Local NGO List (up to 19 August 2026)
Suchona Foundation,2986,"Bangabandhu Memorial Trust Building (3rd Floor), House-08, Road-11(Old-32), Dhanmondi, Dhaka Phone: 01752-533040",2015-11-11,2020-11-11,2030-11-10,Dhaka,Bangladesh,,Bangladesh NGO Affairs Bureau - Local NGO List (up to 19 August 2026)
Sudipti Samaj Unnayan Sangstha,2951,"Vill: Munshiganj, PO: Zellakhali, PS: Shamnagar, Dist: Satkhira",2015-07-30,,2020-07-30,Sathkhira,Bangladesh,,Bangladesh NGO Affairs Bureau - Local NGO List (up to 19 August 2026)
Sukhi Manush,2787,"10/1, Darma Shava Cross Road, Khulna. Phone: 01712-555788",2013-05-19,2018-05-19,2028-05-19,Khulna,Bangladesh,,Bangladesh NGO Affairs Bureau - Local NGO List (up to 19 August 2026)
Sultana Ali Foundation,3220,"House-52/1, Road-8/A, Dhanmondi, Dhaka. Mob: 01552306363",2019-10-01,,2029-10-01,Dhaka,Bangladesh,,Bangladesh NGO Affairs Bureau - Local NGO List (up to 19 August 2026)
Sumona Foundation,3124,"Registry Office, Katia, Satkhira, Tel:01711962065",2017-12-19,,2027-12-19,Sathkhira,Bangladesh,,Bangladesh NGO Affairs Bureau - Local NGO List (up to 19 August 2026)
Sun Aid (Eakti Manob Unnon Uddyog),3520,"Chowdhury Place, C&B Road, Barisal. Phone: 01712368282 email: sunaid02@gmail.com",2025-10-29,,2035-10-28,Barisal,Bangladesh,,Bangladesh NGO Affairs Bureau - Local NGO List (up to 19 August 2026)
Sun Flower,0217,"Matri Chaya, Road-4, Block-A, Eidgha R/A, Dinajpur Phone: 0531-64970 www.sulfower-sf.org",1987-04-11,2017-04-11,2027-04-11,Dinajpur,Bangladesh,,Bangladesh NGO Affairs Bureau - Local NGO List (up to 19 August 2026)
Sunbulah Welfare Association,1989,"House-16, Road-19, Sector-14, Uttara Model Town, Dhaka-1230.",2004-12-26,2024-12-26,2034-12-25,Dhaka,Bangladesh,,Bangladesh NGO Affairs Bureau - Local NGO List (up to 19 August 2026)
Sundarban Adibashi Mund Sangstha,2646,"Village: Srifal Kati, PO: Esharipur, PS: Shamnagar, Dist: Satkhira.",2011-06-16,2016-06-16,2026-06-16,Sathkhira,Bangladesh,,Bangladesh NGO Affairs Bureau - Local NGO List (up to 19 August 2026)
Sundarban Bohumukhi Grameen Unnayan Prokalpa,0728,"Vill. Sapleza, Chilarganj, Motbaria, Pirojpur Phone: 01716-972013",1993-07-07,2018-07-07,2028-07-07,Pirojpur,Bangladesh,,Bangladesh NGO Affairs Bureau - Local NGO List (up to 19 August 2026)
Sunity Sangha,0346,"132/03, Purbasheri, Sherpur Town, Dist: Sherpur. Phone: 01712-567488",1990-01-30,2015-01-30,2020-01-30,Sherpur,Bangladesh,,Bangladesh NGO Affairs Bureau - Local NGO List (up to 19 August 2026)
Sunmar Foundation,3283,"Apt-7A, Plot-57, Road-4, Block-C, Banani Model Town, Dhaka Phone: 01712090417",2021-11-29,,2031-11-29,Dhaka,Bangladesh,,Bangladesh NGO Affairs Bureau - Local NGO List (up to 19 August 2026)
Supoth,1558,"Old Station Road, Dalpatti, Nilphamary Sadar, Nilphamary. Phone: 0551-61881",2000-08-21,2020-08-21,2030-08-20,Dinajpur,Bangladesh,,Bangladesh NGO Affairs Bureau - Local NGO List (up to 19 August 2026)
Support For Development (SFD),1774,"Global Nibas, House-10/A, Flat-10/C (Opposite of BIRDEM Hospital), Segunbagicha, Dhaka. Phone : 9881899",2002-12-15,2017-12-15,2027-12-14,Dhaka,Bangladesh,,Bangladesh NGO Affairs Bureau - Local NGO List (up to 19 August 2026)
Support the Old and Families in Transition (SOFT),2325,"Vill+Post: Ramna, Upazilla: Cilmari, Dist.: Kurigram",2008-03-27,2013-03-27,2023-03-27,Kurigram,Bangladesh,,Bangladesh NGO Affairs Bureau - Local NGO List (up to 19 August 2026)
Suprobhat Nari Progoti Sangstha,2101,"Ka-1/3, Kalachandpur, Road-13, Baridhara, Gulshan, Dhaka-1212.",2006-06-05,,2011-06-05,Dhaka,Bangladesh,,Bangladesh NGO Affairs Bureau - Local NGO List (up to 19 August 2026)
Suprovati,2232,"Vill.: Murali Juramandir, Post.: Rajarhat, Thana: Kotwali, Dist.: Jessore Phone: 0421-67447",2007-05-23,,2012-05-23,Jessore,Bangladesh,,Bangladesh NGO Affairs Bureau - Local NGO List (up to 19 August 2026)
Supti Mohila Unnayan Sangstha (SMUS),3256,"Alia Madrasha Road, Mithapukurpar, Sadar, Bagerhat, Mob: 01716352243",2020-12-10,,2030-12-10,Bagerhat,Bangladesh,,Bangladesh NGO Affairs Bureau - Local NGO List (up to 19 August 2026)
Surid Bangladesh,1651,"Equity Sentium, B-13, Road-1, House-1, R Nizam Road, GEC, Thana-Panchlish, Dist: Chittagong phone: 01825422169",2001-07-05,2016-07-05,2036-07-04,Chattogram,Bangladesh,,Bangladesh NGO Affairs Bureau - Local NGO List (up to 19 August 2026)
Surja Setu Samaj Kalyan Sangstha,1245,"12, Nilamber Shaha Road, Hazaribagh, Dhaka-1205. Phone: 01710-921261",1998-02-25,2018-02-25,2028-02-25,Dhaka,Bangladesh,"Cancelled on 17/06/2010, Revived on 12/04/2011",Bangladesh NGO Affairs Bureau - Local NGO List (up to 19 August 2026)
Surja Shikha,1247,"Ramangar Sadar, Dinajpur-5200 Phone: 0531-63452",1998-03-08,2009-03-08,2014-03-08,Dinajpur,Bangladesh,,Bangladesh NGO Affairs Bureau - Local NGO List (up to 19 August 2026)
Surjamukhi Mohila Samaj Kalyan Sangstha (SMKS),1254,"169, Bangabandhu Road, P.O. & Dist. Narayanganj Phone : 74035",1998-04-01,2013-04-01,2033-03-31,Narayanganj,Bangladesh,,Bangladesh NGO Affairs Bureau - Local NGO List (up to 19 August 2026)
Surjamukhi Sangstha,0231,"22, Dilkusha C/A.(1st floor), Dhaka-1000 Phone: 9580201",1987-08-30,2017-08-30,2027-08-30,Dhaka,Bangladesh,,Bangladesh NGO Affairs Bureau - Local NGO List (up to 19 August 2026)
Surjamukhi Shisu Sangha (SSS),0911,"Basail, Narsingdi Phone: 01720-0311566",1995-02-21,2010-02-21,2015-02-21,Dhaka,Bangladesh,"Cancelled on 22/07/2010, Revived on 14/09/2011",Bangladesh NGO Affairs Bureau - Local NGO List (up to 19 August 2026)
Surovi,0655,"House # 12, Road # 5, Dhanmondi R.A., Dhaka-1205 Phone : 9661468, 8626601 www.surovi.org",1992-10-05,2017-10-05,2027-10-05,Dhaka,Bangladesh,,Bangladesh NGO Affairs Bureau - Local NGO List (up to 19 August 2026)
Surzomukhi Satkhira (SMS),2446,"Maskhola Road, Razar Bagan, Satkhira Phone: 00471-64105",2009-05-31,,2014-05-31,Sathkhira,Bangladesh,,Bangladesh NGO Affairs Bureau - Local NGO List (up to 19 August 2026)
Sushasoner Jonny Procharavizan (SUPRO),2273,"8/19, Sir Syed Road (2nd Floor), Mohammadpur, Dhaka-1207 Phone: 9145600, Fax: 9139790 www.supro.org",2007-09-26,2017-09-26,2027-09-26,Dhaka,Bangladesh,,Bangladesh NGO Affairs Bureau - Local NGO List (up to 19 August 2026)
Sustainable Agriculture Foundation Bangladesh,2613,"House-8/11, Block-C, Lalmatia, Dhaka-1207 Phone:+880255008137 www.susagfoundation.org",2010-11-29,2020-11-29,2030-11-28,Dhaka,Bangladesh,,Bangladesh NGO Affairs Bureau - Local NGO List (up to 19 August 2026)
Sustainable Development for Vulnerable Peoples in Bangladesh,2858,"Vill: West Sarulia, PO: Sarulia Bazar, PS: Demra, Dhaka. Phone: 01715-458080",2014-05-18,2019-05-18,2029-05-18,Dhaka,Bangladesh,,Bangladesh NGO Affairs Bureau - Local NGO List (up to 19 August 2026)
Sustainable Social Service,0658,"Binnakuri, Chirirbandar, Dinajpur Phone :01713-771350",1992-10-22,2007-10-22,2012-10-22,Dinajpur,Bangladesh,,Bangladesh NGO Affairs Bureau - Local NGO List (up to 19 August 2026)
Sustainable Upliftment Initiative Trust,2701,"115/127, CDA Aveneu, Muradpur, Panchlish, Chattogram. Phone: 031-2555329 Mobile: 01818-451070",2012-05-22,2017-05-22,2027-05-22,Chattogram,Bangladesh,,Bangladesh NGO Affairs Bureau - Local NGO List (up to 19 August 2026)
SWAB (Social Agency for Welfare and Advancement in Bangladesh),0956,"5/7 (5th Floor), Block-D, Lalmatia, Mohammadpur, Dhaka-1207 email: sawab.bd@gmail.com www.sawab-bd.net",1995-07-09,2020-07-09,2030-07-09,Dhaka,Bangladesh,,Bangladesh NGO Affairs Bureau - Local NGO List (up to 19 August 2026)
Swabolombee Society,1901,"43/1, Ulon Road, Rampura, Dhaka-1217. Phone: 9345475",2004-01-21,2019-01-21,2029-01-21,Dhaka,Bangladesh,,Bangladesh NGO Affairs Bureau - Local NGO List (up to 19 August 2026)
Swadesh Developmen Foundation,2799,"2/C, Purana Paltan, Shawn Tower (9th Fl.), Room No.-C/2, Dhaka. Phone: 646436-9160",2013-07-11,,2018-07-11,Dhaka,Bangladesh,,Bangladesh NGO Affairs Bureau - Local NGO List (up to 19 August 2026)
Swadesh Unnayan Sangstha Gopalgonj (SUSG),1972,"Vill+Post- Jalirpar, P.S.: Muksudpur, Dist: Gopalgonj. Phone: 01711-406175",2004-10-24,2019-10-24,2029-10-24,Gopalganj,Bangladesh,,Bangladesh NGO Affairs Bureau - Local NGO List (up to 19 August 2026)
Swa-Jib Society,2091,"Ka-46/1 (4th Floor), Mehedi Manzil, Progoti Swarani, Kuril, Dhaka-1229 Phone: 01711-603485",2006-04-25,2016-04-25,2026-04-25,Dhaka,Bangladesh,,Bangladesh NGO Affairs Bureau - Local NGO List (up to 19 August 2026)
Swanirvar Bangladesh,0225,"5/5, Block-C, Lalmatia, Dhaka Phone :9116558, Fax: 8112377",1987-07-15,2012-07-15,2017-07-15,Dhaka,Bangladesh,,Bangladesh NGO Affairs Bureau - Local NGO List (up to 19 August 2026)
Swanirvar Palli Unnayan Sangstha,1675,"Boyra Bazar, Sarishabari, Jamalpur",2001-09-25,2021-09-25,2031-09-24,Jamalpur,Bangladesh,,Bangladesh NGO Affairs Bureau - Local NGO List (up to 19 August 2026)
Swapnojoy Bangladesh,3459,"House-01, Road-03, Block-C, Section-12, Mirpur, Dhaka. Phone: 01791641859 email: contact@swapnojoybangladesh",2025-05-14,,2035-05-13,Dhaka,Bangladesh,,Bangladesh NGO Affairs Bureau - Local NGO List (up to 19 August 2026)
Swarna Bangladesh,2920,"House-79, Janata Road, Middle Pirerbagh, PS: Mirpur, Dist: Dhaka Phone: 01923-3110481",2015-03-03,2020-03-03,2030-03-02,Dhaka,Bangladesh,,Bangladesh NGO Affairs Bureau - Local NGO List (up to 19 August 2026)
Switch Bangladesh Foundation,3373,"House-40, Block-D, Hazi Dil Mohammad Avenue, Mohammadpur, Dhaka. Phone: 01622922133 email: switch.sbf@gmail.com",2023-08-16,,2033-08-15,Dhaka,Bangladesh,,Bangladesh NGO Affairs Bureau - Local NGO List (up to 19 August 2026)
Swopno Nari Unnayan Songhstha,3574,"Madubanu Moszid Bari, Dhaka-Raipur Road, 06 No. Ward, Laxmipur Purosova, Laxmipur Sadar, Laxmipur. Phone: 01717689679",2026-02-15,,2036-02-14,Laxmipur,Bangladesh,,Bangladesh NGO Affairs Bureau - Local NGO List (up to 19 August 2026)
Sylhet Jubo Academy,0860,"Hemouasile: -e0d7s,(w2onpdn Fol@oogrm), aRilo.caodm-30, Block-D, Shajalal Uposhahar, Sylhet Phone: 0821-761525 www.sjabd.org",1994-10-08,2019-10-08,2029-10-08,Sylhet,Bangladesh,,Bangladesh NGO Affairs Bureau - Local NGO List (up to 19 August 2026)
Sylhet Samaj Kallyan Sangstha,1267,"Swapnil-47, Ramerdighirpar, Mirzajangal, Taltola, Sylhet Phone : 0821-725593 www.ssks-bd.org",1998-05-27,2018-05-27,2028-05-27,Sylhet,Bangladesh,,Bangladesh NGO Affairs Bureau - Local NGO List (up to 19 August 2026)
Symbiosis Foundation,3111,"Rose Dale, Flat-B-G, House-7A, Road-136, Gulshan-1, Dhaka, Mob: 0191429825",2017-11-15,,2027-11-15,Dhaka,Bangladesh,,Bangladesh NGO Affairs Bureau - Local NGO List (up to 19 August 2026)
Tabibur Rashed Chowdhury Health & Education,2783,"26/1 West Malibagh, Dhaka. Phone: 8356135",2013-04-16,2018-04-16,2028-04-16,Dhaka,Bangladesh,,Bangladesh NGO Affairs Bureau - Local NGO List (up to 19 August 2026)
Tact for Rural Development,2853,"Captain Halim Chowdhury Road, Holding No-6/2, South Setu, Manikganj Phone: 01716-225220",2014-03-20,,2019-03-20,Manikganj,Bangladesh,,Bangladesh NGO Affairs Bureau - Local NGO List (up to 19 August 2026)
Tahzingdong,3352,"OldRajbari,VIPRoad,4noWard, BandarbanMunicipality,Bandarban Hill District, Bandarban. Phone: 01838487222 email: ed.tahzingdong@gmail.com",2023-04-06,,2033-04-05,Bandarban,Bangladesh,,Bangladesh NGO Affairs Bureau - Local NGO List (up to 19 August 2026)
TAI Social Foundation,3245,"House-16B, Road-126, Gulshan, Dhaka-1212, Phone: 58814264",2020-10-05,,2030-10-05,Dhaka,Bangladesh,,Bangladesh NGO Affairs Bureau - Local NGO List (up to 19 August 2026)
Takaful Charity Society,2342,"Three Star Plaza (2nd Floor), Court Road, Chowmuhoni, Moulvi Bazar.",2008-04-23,,2013-04-23,MoulaviBazar,Bangladesh,,Bangladesh NGO Affairs Bureau - Local NGO List (up to 19 August 2026)
Tamanna Foundation,1766,"60/E, Dewan Manjil, Purana Paltan, Dhaka Phone: 95655393, 9570953",2002-11-28,2007-11-28,2012-11-27,Dhaka,Bangladesh,,Bangladesh NGO Affairs Bureau - Local NGO List (up to 19 August 2026)
Tangail Disabled Peoples Organization to Development (Tangail_DPOD),2457,"Vill: Shahanshagonj, Shahansha gonj Bazar, Tangail Phone:01716-484275, 01713-196027",2009-06-11,2019-06-11,2029-06-10,Tangail,Bangladesh,,Bangladesh NGO Affairs Bureau - Local NGO List (up to 19 August 2026)
Tangail Rural Development Cell (TRDC),0607,"Bhabanipur, P.O. Putizami Bazar, Delduar, Tangail",1992-03-16,2007-03-16,2012-03-16,Tangail,Bangladesh,,Bangladesh NGO Affairs Bureau - Local NGO List (up to 19 August 2026)
Tangail Samaj Unnayan Sangstha,0729,"East Adalatpara, Dhaka Road, Tangail Phone : 53646",1993-07-07,2003-07-07,2008-07-07,Tangail,Bangladesh,,Bangladesh NGO Affairs Bureau - Local NGO List (up to 19 August 2026)
Tarafsartaj Shanti Sangha (TSS),0385,"Near Custom Office, Banani, Bogra Phone: 01725-084574",1990-12-03,2025-12-03,2035-12-02,Bogra,Bangladesh,Name Change on 30/05/2021,Bangladesh NGO Affairs Bureau - Local NGO List (up to 19 August 2026)
Taranga Mohila Kollyan Sangstha,3434,"Matrisadan Sarak, Jamalpur Phone: 01944713399",2025-03-06,,2035-03-05,Jamalpur,Bangladesh,,Bangladesh NGO Affairs Bureau - Local NGO List (up to 19 August 2026)
TARANGO (Training Assistance & Rural Advancement Non-Government Org.),0784,"282/2, Prothom Kaloni, Mazar Road, Mirpur # 1, Dhaka Phone : 8014341, 8020369 Fax: 8015314 www.tarango-bd.org",1993-12-07,2018-12-07,2028-12-07,Dhaka,Bangladesh,,Bangladesh NGO Affairs Bureau - Local NGO List (up to 19 August 2026)
Tarango Development Organization,2437,"Vill.: Ekurkuri, Post: Shantahar, Dist.: Naogaon. Phone: 01714-256159",2009-05-14,2014-05-14,2019-05-14,Naogaon,Bangladesh,,Bangladesh NGO Affairs Bureau - Local NGO List (up to 19 August 2026)
Taroom Development Organization (TDO),1845,"Vill & PO: Rangapani, PS: Kotwali, Dist: Rangamati Hill Tracts Phone: 0351-62517",2003-06-21,2018-06-21,2028-06-21,Rangamati,Bangladesh,,Bangladesh NGO Affairs Bureau - Local NGO List (up to 19 August 2026)
Tatuakandi Manab Kallyan Sangstha,3158,"Village+Post: Salimabad, Upazila: Bancharampur, Dist: Brahmanbaria, Mob: 01720173245",2018-07-15,,2028-07-15,Brahmanbaria,Bangladesh,,Bangladesh NGO Affairs Bureau - Local NGO List (up to 19 August 2026)
Tauri Foundation,2283,"House-6/9, Block-E, Lalmatia, Dhaka. Phone: 01523-48087, 01711-272607",2007-10-30,2017-10-30,2027-10-30,Dhaka,Bangladesh,,Bangladesh NGO Affairs Bureau - Local NGO List (up to 19 August 2026)
Technical Assistance for Rural Development (TARD),0131,"D-60/1, Talbag, Savar, Dhaka-1340 Phone: 01714132632",1982-11-22,2020-05-15,2030-05-14,Dhaka,Bangladesh,,Bangladesh NGO Affairs Bureau - Local NGO List (up to 19 August 2026)
Techno Dia,0973,"160/2, Azimpur Road (G. Floor), Dhaka. Phone: 8614487, 01715-131154",1995-10-10,2005-10-10,2010-10-10,Dhaka,Bangladesh,,Bangladesh NGO Affairs Bureau - Local NGO List (up to 19 August 2026)
Technologies for Development,1754,"55/A, Bldg. 4, House-04, Kalabagan, Dhaka-1205 Phone: 9142867",2002-10-28,2012-10-28,2017-10-28,Dhaka,Bangladesh,"Cancelled on 29/07/2010, Revived on 14/09/2011",Bangladesh NGO Affairs Bureau - Local NGO List (up to 19 August 2026)
Thanapara Swallows Development Society,1671,"Tnanapara, P.O: Shardha, Dist: Rajshahi Phone : 07223-56029, 01718-21173 Fax: 07223-56067",2001-09-17,2021-09-17,2031-09-16,Rajshahi,Bangladesh,,Bangladesh NGO Affairs Bureau - Local NGO List (up to 19 August 2026)
The Blue Sky Charitable Foundation,3147,"Hwawswan.t Choaunratp, 2a3ra/1.s, wMaoltloijhwese.lo, rDghaka Phone: 01857888444",2018-05-08,,2028-05-08,Dhaka,Bangladesh,,Bangladesh NGO Affairs Bureau - Local NGO List (up to 19 August 2026)
The Choice to Change Foundation,2979,"1222 Vatara, Nurer Chala, Natun Bazar, Badda, Dhaka Phone: 01736-841796",2015-11-04,2020-11-04,2030-11-04,Dhaka,Bangladesh,,Bangladesh NGO Affairs Bureau - Local NGO List (up to 19 August 2026)
The Coastal Rural and Urban Poor Development Association (The CRUPDA),1601,"Sadar Road, Barguna-8700 Phone: 0448-62720 www.crupda.org",2000-12-18,2015-12-18,2020-12-18,Barguna,Bangladesh,,Bangladesh NGO Affairs Bureau - Local NGO List (up to 19 August 2026)
The Earth Society,3374,"House-147, Lane-1, Baridhara DOHS, Dhaka. Phone: 028415140 email: info@earthbd.org",2023-08-20,,2033-08-19,Dhaka,Bangladesh,,Bangladesh NGO Affairs Bureau - Local NGO List (up to 19 August 2026)
The Foundation for Health Education Service and Research,1832,"24 Court Bari Road, Sector-08, Uttara, Dhaka. Phone: 01819-325414",2003-05-20,2013-05-20,2018-05-20,Dhaka,Bangladesh,,Bangladesh NGO Affairs Bureau - Local NGO List (up to 19 August 2026)
The Fred Hollows Foundation Bangladesh,2389,"House-60, Road-08, Block-C, Niketon, Gulshan-1, Dhaka-1212 Phone: 8835469",2008-09-14,2018-09-14,2028-09-14,Dhaka,Bangladesh,,Bangladesh NGO Affairs Bureau - Local NGO List (up to 19 August 2026)
The Garo Baptist Convention Christian Health Project,3277,"Vill: Joyramkura, Haluaghat, Mymensingh",2021-06-30,,2031-06-30,Mymensingh,Bangladesh,,Bangladesh NGO Affairs Bureau - Local NGO List (up to 19 August 2026)
The Good Earth,1957,"Hassan Tower (2nd Floor), 3/A, Kowran Bazar, Dhaka-1215. Phone: 8121941, 9126652 www.thegoodearthbd.org",2004-09-11,2019-09-11,2029-09-11,Dhaka,Bangladesh,,Bangladesh NGO Affairs Bureau - Local NGO List (up to 19 August 2026)
The New Posd Foundation,3109,"Batajor, Gournadi, Barisal Mob: 01716806752",2017-11-14,,2027-11-14,Barisal,Bangladesh,,Bangladesh NGO Affairs Bureau - Local NGO List (up to 19 August 2026)
Thikana Samaj Unnoun Sangstha,3426,"Vill: Kamirpara, gothagari, Rajshahi Phone: 01728-584658 mail: thikana.bd2021@gmail.com",2024-10-08,,2034-10-07,Rajshahi,Bangladesh,,Bangladesh NGO Affairs Bureau - Local NGO List (up to 19 August 2026)
Thikana Sangstha,1060,"Villa: Annonda Bazar, Post: Panchpir, P.S: Ulipur, Dist.: Kurigram Phone : 0581-61734",1996-08-22,2016-08-22,2026-08-22,Kurigram,Bangladesh,,Bangladesh NGO Affairs Bureau - Local NGO List (up to 19 August 2026)
Tilottama Voluntary Women's Organisation,0309,"Uttar Naodapara Bypass Road, Rajshahi.",1989-07-22,2019-07-18,2029-07-17,Rajshahi,Bangladesh,,Bangladesh NGO Affairs Bureau - Local NGO List (up to 19 August 2026)
TMSS,0241,"TMSS Main Office, TMSS Bhaban, 631/5, West Kazipara, Mirpur-10, Dhaka. Fax: 02-9009089, 8057589 www.tmss-bd.org",1987-10-05,2017-10-05,2027-10-05,Bogra,Bangladesh,,Bangladesh NGO Affairs Bureau - Local NGO List (up to 19 August 2026)
TMT Foundation of Education and Technology,3562,"Kathal Bagan (Islamnagar), PO: Swnwalia, Thana: Ashulia, UZ: Savar, Dist: Dhaka. Phone: 01711949788 tmtfoundation11@gmail.com",2026-01-19,,2036-01-18,Dhaka,Bangladesh,,Bangladesh NGO Affairs Bureau - Local NGO List (up to 19 August 2026)
Tonga,1537,"Kalyanpur, Rangamati Municipal Area, Rangamati-4500 Phone: 0351-61480 www.taungya.org.bd",2000-06-18,2020-06-18,2030-06-18,Rangamati,Bangladesh,,Bangladesh NGO Affairs Bureau - Local NGO List (up to 19 August 2026)
Toruchaya Samaj Kallyan Samittee,3035,"C-53, south Chayabithi, Gazipur Phone: 01715550211",2016-09-20,,2021-09-20,Gazipur,Bangladesh,,Bangladesh NGO Affairs Bureau - Local NGO List (up to 19 August 2026)
Toymu,1231,"Utpola Bhaban, 1st Floor, Sadar Hospital Road, New Gulshan, Bandarban Phone: 0361-62897, Fax: 0361-62897",1998-01-14,2018-01-14,2028-01-13,Bandarban,Bangladesh,,Bangladesh NGO Affairs Bureau - Local NGO List (up to 19 August 2026)
Traid Craft Exchange,2036,"Awpwawrt.mtoeynmt-u2.bAd (.1csotm Floor), House-517, Road-10, Baridhara DOHS, Dhaka-1206 Phone: 8110663, 8114751 Fax: 8114751",2005-05-11,2020-05-11,2030-05-11,Dhaka,Bangladesh,,Bangladesh NGO Affairs Bureau - Local NGO List (up to 19 August 2026)
Transparency International Bangladesh Chapter,1301,"wHwouws.etr-a1i4d1c,r aBftlo.ocrkg-E, Road-12, Banani, Dhaka-1213. Phone: 9887884, 8826036 Fax: (880-2) 9884811 www.ti-bangladesh.org",1998-10-22,2018-10-22,2028-10-22,Dhaka,Bangladesh,,Bangladesh NGO Affairs Bureau - Local NGO List (up to 19 August 2026)
Trayee Social Development Center,3233,"House-03, Road-19/3, Rupnagar R/A, Mirpur, Dhaka. Mob: 01715452653",2020-02-16,,2030-02-16,Dhaka,Bangladesh,,Bangladesh NGO Affairs Bureau - Local NGO List (up to 19 August 2026)
Tribedi Women Social Development Association,1070,"Shorna Nibash, Tomij Market, Lakshmipur. Phone : 0381-55489",1996-09-02,2011-09-02,2016-09-02,Laxmipur,Bangladesh,,Bangladesh NGO Affairs Bureau - Local NGO List (up to 19 August 2026)
Trinamool,0864,"Miapara, Rajshahi-6100 Phone : 0721-773758",1994-10-05,2019-10-05,2029-10-05,Rajshahi,Bangladesh,,Bangladesh NGO Affairs Bureau - Local NGO List (up to 19 August 2026)
Trinamool Manobik Unnayan Sangstha,2078,"PO Code- 6682, Kashinathpur, Santhia, Paban Phone: 01711-240512",2006-03-06,2021-03-06,2031-03-06,Pabna,Bangladesh,,Bangladesh NGO Affairs Bureau - Local NGO List (up to 19 August 2026)
Trinamool Unnayan Sangstha (TUS),3062,"Uthura Ladge, 61 DB Road, Shehora, Mymensingh Phone: 01712990173",2016-12-14,2021-12-14,2031-12-13,Mymensingh,Bangladesh,,Bangladesh NGO Affairs Bureau - Local NGO List (up to 19 August 2026)
Trinamul Unnayan Sangstha,1860,"Marma Samsad Building, Pankhaiyapara, Khagrachari. Phone: 0371-61179, Fax: 0371-61398",2003-07-22,2018-07-22,2028-07-22,Khagrachari,Bangladesh,,Bangladesh NGO Affairs Bureau - Local NGO List (up to 19 August 2026)
Tripartite Development Council (TDC),1492,"Charghat Bazar, PO+UZ: Charghat, Dist: Rajshahi-6270 www.tdc-bd.org",2000-03-06,2010-03-06,2015-03-06,Rajshahi,Bangladesh,,Bangladesh NGO Affairs Bureau - Local NGO List (up to 19 August 2026)
Tripto Neer Foundation,3564,"Shukhi Neer, Makkah Housing, Kolchor, Ati, Keraniganj, Dhaka Phone: 01755556680",2026-01-19,,2036-01-18,Dhaka,Bangladesh,,Bangladesh NGO Affairs Bureau - Local NGO List (up to 19 August 2026)
Trust for the Rehabilitation of The Paralysed,0206,"CRP-Chapain, Savar, Dhaka-1343 Phone : 7710464-5, 7710069 www.crp-bangladesh.org",1986-03-12,2021-03-12,2031-03-12,Dhaka,Bangladesh,,Bangladesh NGO Affairs Bureau - Local NGO List (up to 19 August 2026)
Trust Social Develoment Organization,1416,"32 Purana Paltan, Sultan Ahmed Palza, Dhaka.",1999-08-29,2014-08-29,2019-08-29,Dhaka,Bangladesh,,Bangladesh NGO Affairs Bureau - Local NGO List (up to 19 August 2026)
Turning Point Foundation,2864,"82/A, Monipuripara (1st Floor), Tejgaon, Dhaka-1215 Phone: 01786100900 email: turningpointbd@gmail.com www.turningpointbd.org",2014-06-09,2019-06-09,2029-06-09,Dhaka,Bangladesh,,Bangladesh NGO Affairs Bureau - Local NGO List (up to 19 August 2026)
Uday,1573,"Mirzapur, Tangail. Phone: 09229-56418",2000-10-10,2020-10-10,2030-10-10,Tangail,Bangladesh,,Bangladesh NGO Affairs Bureau - Local NGO List (up to 19 August 2026)
Udayan Bangladesh,2625,"VIP Road, Kharder, Bagerhat-9300 Phone: 0468-63825, 01714083670",2011-03-08,2021-03-08,2031-03-07,Bagerhat,Bangladesh,,Bangladesh NGO Affairs Bureau - Local NGO List (up to 19 August 2026)
Udayan Juba Sangha,3251,"Satutia, Kalihati, Dist: Tangail. Mob: 01711518671",2020-10-18,,2030-10-18,Tangail,Bangladesh,,Bangladesh NGO Affairs Bureau - Local NGO List (up to 19 August 2026)
Udayan Samaj Kallan Samity (USKS),2211,"Vill: Ganpara, PO: Nacnapara, UZ: Pathargata, Dist: Barguna Phone: 9555054, 9565576",2007-03-08,2017-03-13,2027-03-13,Barguna,Bangladesh,,Bangladesh NGO Affairs Bureau - Local NGO List (up to 19 August 2026)
Udayan Shabolombi Sangstha,0566,"Vill. Putimari, P.O: Kamardhanaruha, Thana: Shaghata, Gaibanda. Phone: 0541-89066 www.udayanbd.org",1991-12-02,2021-12-02,2031-12-02,Gaibandha,Bangladesh,,Bangladesh NGO Affairs Bureau - Local NGO List (up to 19 August 2026)
Udayankur Seba Sangstha (USS),2410,"Vill.: Uttor Araji Charoykhola, P.O.: Darowani Textile Mills, Upazila & Dist.: Nilphamari",2009-02-05,2019-02-05,2029-02-05,Nilphamari,Bangladesh,,Bangladesh NGO Affairs Bureau - Local NGO List (up to 19 August 2026)
Uddagi Mohila Samity,3043,"60/1/B, Sadek Khan Road, Mohammadpur, Dhaka Phone:P 0171222772",2016-10-16,2021-10-16,2031-10-15,Dhaka,Bangladesh,,Bangladesh NGO Affairs Bureau - Local NGO List (up to 19 August 2026)
Uddam Bangladesh,1496,"Apt.-3a, House-92, Road-23, Block-A, Banani, Dhaka-1213. Phone: 8827688",2000-03-12,2005-03-12,2010-03-12,Dhaka,Bangladesh,"Cancelled on 27/06/2010, Revived on 16/01/2011",Bangladesh NGO Affairs Bureau - Local NGO List (up to 19 August 2026)
Uddipto Mohila Unnayan Sangstha (UMUS),3379,"Sujonshaha,PO:Sujonshaha,Tala, Satkhira Phone: 01745953020 email: uddipto.jayontidas@yahoo.com",2023-09-13,,2033-09-12,Khulna,Bangladesh,,Bangladesh NGO Affairs Bureau - Local NGO List (up to 19 August 2026)
Uddogta Unnayan Shanstha,2547,"9/2, Tajmahal Road, Block-C, Mohammadpur, Dhaka-1207 Phone: 01711-649605",2010-03-03,2015-03-03,2020-03-03,Dhaka,Bangladesh,,Bangladesh NGO Affairs Bureau - Local NGO List (up to 19 August 2026)
Uddyog,1456,"Degree College Road, Sadullapur, Gaibandha-5710 Phone: 05425-56021",1999-02-08,2014-12-08,2024-12-07,Gaibandha,Bangladesh,,Bangladesh NGO Affairs Bureau - Local NGO List (up to 19 August 2026)
Udvaboni Mohila Sangstha (UMS),2263,"Vill.: Damodar, Post: Fultala, Upazila: Fultala, Dist.: Khulna Phone: 041-701258",2007-08-15,2017-08-15,2027-08-15,Khulna,Bangladesh,,Bangladesh NGO Affairs Bureau - Local NGO List (up to 19 August 2026)
UJON,0985,"69, TB Goss Road, Khulna-9100 Phone:041-721379, Fax: 041-725887",1995-10-30,2010-10-30,2015-10-30,Khulna,Bangladesh,"Cancelled on 26/07/2010, Revived on 03/10/2011",Bangladesh NGO Affairs Bureau - Local NGO List (up to 19 August 2026)
UK-Bangladesh Development Initiative,2029,"Apart-3 D, House-11, Road-4, Banani, Old DOHS, Dhaka-1206",2005-04-16,,2010-04-16,Dhaka,Bangladesh,,Bangladesh NGO Affairs Bureau - Local NGO List (up to 19 August 2026)
Ulashi Srijani Sangha USS),1604,"84, Ambika Basu Lane, RN Road, Jessore-7400 Phone: 0421-68453",2000-12-21,2020-12-21,2030-12-21,Jessore,Bangladesh,,Bangladesh NGO Affairs Bureau - Local NGO List (up to 19 August 2026)
Underprivileged Peoples Development Organisation (UPPO),1433,"House-11, Road-25, Sector-07, Uttara, Dhaka-1230 Phone: 8922501",1999-09-30,2019-09-30,2029-09-30,Joypurhat,Bangladesh,,Bangladesh NGO Affairs Bureau - Local NGO List (up to 19 August 2026)
Underprivilleged Children's Educational Programs (UCEP),0034,"Plot # 2-3, Section # 2, Mirpur, Dhaka Phone : 8011014-16, Fax: 8016359",1981-04-22,2020-05-15,2030-05-15,Dhaka,Bangladesh,,Bangladesh NGO Affairs Bureau - Local NGO List (up to 19 August 2026)
Unique Aid Society Bangladesh,3087,"Southpara, College Road, Kendua, Netrakona, Mob: 01628915152",2017-01-22,,2027-01-22,Dhaka,Bangladesh,,Bangladesh NGO Affairs Bureau - Local NGO List (up to 19 August 2026)
Unique Manab Kollayan Foundation,3336,"House-17,Road-1,Block-F,Setion-1, Mirpur, Dhaka Phone: 01922266761",2022-12-04,,2032-12-03,Dhaka,Bangladesh,,Bangladesh NGO Affairs Bureau - Local NGO List (up to 19 August 2026)
Unite Theatre for Social Action (UTSA),2622,"2111, Tahera Bhaban, Akbarshah Bazar Road, Pahartoli, Chattogram Phone: 01819-850995",2011-02-02,2021-02-02,2031-02-02,Chattogram,Bangladesh,,Bangladesh NGO Affairs Bureau - Local NGO List (up to 19 August 2026)
United Development Foundation,1208,"Dilon Tower, House-21, Road-07, Block-F, Banani, Dhaka.",1997-11-03,2002-11-03,2007-11-03,Dhaka,Bangladesh,"Cancelled on 23/12/2010, Revived on 30/05/2013",Bangladesh NGO Affairs Bureau - Local NGO List (up to 19 August 2026)
United Development Initiative for Programmed Action (UDIPAN),0286,"9/25, Sir Syed Road, Mohammadpur, Dhaka Phone : 8115459, 9145448",1989-02-22,2019-02-22,2029-02-22,Dhaka,Bangladesh,,Bangladesh NGO Affairs Bureau - Local NGO List (up to 19 August 2026)
United Efforts for Rural Development,2922,"Vill: Hasimpur, PO: Charnachor, Upazila: Derai, Dist: Sunamganj Phone: 01720-566027",2015-04-07,2020-04-07,2030-04-07,Sylhet,Bangladesh,,Bangladesh NGO Affairs Bureau - Local NGO List (up to 19 August 2026)
United Social Advancement,2838,"House-75, Road-5, South Baridhara R/A, Dhaka Phone: 9862885",2013-11-25,,2018-11-25,Dhaka,Bangladesh,,Bangladesh NGO Affairs Bureau - Local NGO List (up to 19 August 2026)
United Social Human Advancement Foundation (USHA),2737,"Chowdhury Villa< Village: Tarabo, PO: Tarabo, Rupganj, Narayanganj. Phone: 01711-354821",2012-10-23,2017-10-23,2027-10-23,Narayanganj,Bangladesh,,Bangladesh NGO Affairs Bureau - Local NGO List (up to 19 August 2026)
United Welfare Society,3307,"Paschim Chal, Minnat Ali Hat, Anowara, Chattogram Phone: 01814433388 unitedwelfaresociety20@gmail.com",2022-07-20,,2032-07-19,Chattogram,Bangladesh,,Bangladesh NGO Affairs Bureau - Local NGO List (up to 19 August 2026)
Unity Through Population Service,0272,"House # 3, Road # 11, Section-11, Uttara Model Town, Dhaka-1230 Phone : 8053965",1988-11-15,2018-11-15,2028-11-15,Dhaka,Bangladesh,,Bangladesh NGO Affairs Bureau - Local NGO List (up to 19 August 2026)
Universal Help Hub,3168,"3/23, Shahid Salimullah Road, Mohammadpur, Dhaka. Mob: 01784600440",2018-11-06,,2028-11-06,Dhaka,Bangladesh,,Bangladesh NGO Affairs Bureau - Local NGO List (up to 19 August 2026)
Unmesh,2364,"Village: Monoharnagar, Post: Phajia, Upazilla: Keshobpur, Dist.: Jessore",2008-06-01,2018-06-01,2028-06-01,Jessore,Bangladesh,,Bangladesh NGO Affairs Bureau - Local NGO List (up to 19 August 2026)
Unnata Bangladesh,1772,"House-326/327, Moynerbag, Moynerbag Welfare Complex, Uttar Badda, Dhaka-1212. Phone: 8851815, Fax: 8812995",2002-12-02,2017-12-02,2027-12-02,Dhaka,Bangladesh,,Bangladesh NGO Affairs Bureau - Local NGO List (up to 19 August 2026)
Unnata Paribar Gathan Mahila Sangstha-Gaibandha,1550,"Sukhnagar, Polashbari Rd., Gaibandha Phone : 4688",2000-07-25,,2005-07-25,Gaibandha,Bangladesh,,Bangladesh NGO Affairs Bureau - Local NGO List (up to 19 August 2026)
UNNAYAN,0366,"38, Iqbal Nagar Lane, Khulna Phone: 041-732438",1990-03-03,2020-03-03,2030-03-03,Khulna,Bangladesh,,Bangladesh NGO Affairs Bureau - Local NGO List (up to 19 August 2026)
Unnayan Bhabna,3060,"Vill: City College Para, Post: Jessore, Sadar, Jessore Phone: 01712350175",2016-12-14,2021-12-14,2031-12-13,Jessore,Bangladesh,,Bangladesh NGO Affairs Bureau - Local NGO List (up to 19 August 2026)
Unnayan Dhara,1119,"Champa Garden, 61, HSS Road, Kanchannagar, Jhenaidah-7300 Phone: 0451-63462, 01709924251 www.unnayandhara.org",1997-01-08,2022-01-08,2032-01-07,Jhenaidah,Bangladesh,,Bangladesh NGO Affairs Bureau - Local NGO List (up to 19 August 2026)
Unnayan O Shikkha Proshar Trust,3079,"72 Senpara, Parbata, Mirpur-10, Dhaka",2017-01-09,2022-01-09,2032-01-08,Dhaka,Bangladesh,,Bangladesh NGO Affairs Bureau - Local NGO List (up to 19 August 2026)
Unnayan Parishad,3050,"Srieepotipur Road, Kalarua, Satkhira Phone: 01716171365",2016-11-01,2021-11-01,2031-10-31,Sathkhira,Bangladesh,,Bangladesh NGO Affairs Bureau - Local NGO List (up to 19 August 2026)
Unnayan Prochesta,1047,"Post+Upazila: Tala, Dist.: Satkhira Phone: 0472756156, 01711-451908",1996-06-18,2021-06-18,2031-06-18,Sathkhira,Bangladesh,,Bangladesh NGO Affairs Bureau - Local NGO List (up to 19 August 2026)
Unnayan Sahayak Sangstha (USS),0519,"12/5 Eastern Mansion, Concord Grand (Room-67/9, Pioneer Road, Kakrail, Dhaka-1000 Phone: 0861-53005",1991-08-07,2021-08-07,2031-08-06,Dhaka,Bangladesh,,Bangladesh NGO Affairs Bureau - Local NGO List (up to 19 August 2026)
Unnayan Sangha,0310,"New Collage Road, Nayapara, Jamalpur Phone : 63471",1989-07-29,2019-07-29,2029-07-29,Jamalpur,Bangladesh,,Bangladesh NGO Affairs Bureau - Local NGO List (up to 19 August 2026)
Unnayan Shahojogyi Team (UST),0291,"House-739, Road # 9, Baitul Aman Housing Society, Adabor, Shyamoly, Dhaka. Phone : 9138343",1989-04-16,2019-04-14,2029-04-14,Dhaka,Bangladesh,,Bangladesh NGO Affairs Bureau - Local NGO List (up to 19 August 2026)
Unnayan SheschaSheba Karjakaram (USAKA),1906,"23/2, Sahapara Road, Basabati, Bagerhat.",2004-02-09,2019-02-10,2029-02-09,Bagerhat,Bangladesh,,Bangladesh NGO Affairs Bureau - Local NGO List (up to 19 August 2026)
Unnayan Shohojogi Shangstha-Bonarpara,2732,"Vill: Ragobpur, PO: Bonarpara, Sagata, Gaibandha. Phone: 01718-892013",2012-09-30,2017-09-30,2027-09-29,Gaibandha,Bangladesh,,Bangladesh NGO Affairs Bureau - Local NGO List (up to 19 August 2026)
Unnoto Paribar Gothan Mohila Sangstha,0318,"New Engineer Para, PO & UZ: Rangpur, Dist: Rangpur. Phone: 0521-63296",1989-09-18,2014-09-30,2024-09-30,Gaibandha,Bangladesh,,Bangladesh NGO Affairs Bureau - Local NGO List (up to 19 August 2026)
Unnyan Goveshona Foundation,2201,"Mansur Tinwalar Bari, Chandnagar, Syedpur, Dist.: Nilfamari.",2007-03-08,2012-03-08,2022-03-08,Nilphamari,Bangladesh,,Bangladesh NGO Affairs Bureau - Local NGO List (up to 19 August 2026)
Upacol (Unity for Programmed Action in Coastal Lands),1946,"1/4 Block-B, Lalmatia, Mohammadpur, Dhaka-1207",2005-04-19,,2010-04-19,Dhaka,Bangladesh,,Bangladesh NGO Affairs Bureau - Local NGO List (up to 19 August 2026)
Upakar,0771,"Vill: South Sarda, Kundeswari Bhaban, Rauzan, Chattogram Phone: 01924-286345",1993-11-11,2018-11-11,2028-11-11,Chattogram,Bangladesh,,Bangladesh NGO Affairs Bureau - Local NGO List (up to 19 August 2026)
Upakul Samaj Unnayan Sangstha,3539,"Vill: Jagadishpur, PO: Kamar Ali Bazar, UZ: Mirsarai,, Dist: Chattogram-4311 Phone: 01819602459, 01819631249",2025-12-03,,2035-12-02,Chattogram,Bangladesh,,Bangladesh NGO Affairs Bureau - Local NGO List (up to 19 August 2026)
Upama Mohila Unnayan Protishtan,1087,"ePmurabiol: Aupdaaklautl _Pbadr@a, yTaahnogoa.iclom Phone : 54732",1996-10-26,2006-10-26,2011-10-26,Tangail,Bangladesh,,Bangladesh NGO Affairs Bureau - Local NGO List (up to 19 August 2026)
Upama-Unnayan Parikalpanay Manush,2913,"PO: Badshaganj Bazar, Upazila: Darmpasha, Dist: Sunamganj Phone: 01712-0400586",2015-01-21,2020-01-21,2030-01-21,Sunamganj,Bangladesh,,Bangladesh NGO Affairs Bureau - Local NGO List (up to 19 August 2026)
Upokulio Shikkah & Boicitra Unnayon Sangstha (CEDIO),3305,"Badaghata, Post-Nakipur, Shyamnagar, Satkhira Phone: 01712530081 cedio.shyamnagar@",2022-07-19,,2032-07-18,Sathkhira,Bangladesh,,Bangladesh NGO Affairs Bureau - Local NGO List (up to 19 August 2026)
Upokulio Somaj Kollan Foundation,3198,"Pakua Chomohoni College Road, Pakua, Cox's Bazar. Mob: 01819504050",2019-05-14,,2029-05-14,Cox's Bazar,Bangladesh,,Bangladesh NGO Affairs Bureau - Local NGO List (up to 19 August 2026)
Upoma Nari Kallyan Sangstha,3551,"Purbo Hindupara, Khuruskul, Cox'sbazar Phone: 01718147645 email: papiya.unks@gmail.com",2025-12-28,,2035-12-27,Cox'sbazar,Bangladesh,,Bangladesh NGO Affairs Bureau - Local NGO List (up to 19 August 2026)
Upon Uddagh Sangstha,1157,"Ramna Bazar, Chilmari, Kurigram. Phone: 01743-933226",1997-05-29,2017-05-29,2027-05-28,Kurigram,Bangladesh,,Bangladesh NGO Affairs Bureau - Local NGO List (up to 19 August 2026)
UPSAM (Underprivileged People for Social Awareness Motivation),3132,"20/1, Aurjun Das Agarwala Street, Courtpara, Kustia",2018-01-07,,2028-01-07,Kustia,Bangladesh,,Bangladesh NGO Affairs Bureau - Local NGO List (up to 19 August 2026)
USHA (Unity for Social & Human Action),0369,"House-14, Road-03, Sector-05, Uttara Model Town, Dhaka-1230 Phone: 8953790",1990-03-03,2020-03-03,2030-03-03,Dhaka,Bangladesh,,Bangladesh NGO Affairs Bureau - Local NGO List (up to 19 August 2026)
Usha Bangladesh,3321,"Muktijuddah Road, Jibannagar, Chuadanga Phone: 01711528509",2022-09-19,,2032-09-18,Chuadanga,Bangladesh,,Bangladesh NGO Affairs Bureau - Local NGO List (up to 19 August 2026)
Usha Nari Unnayan Sangstha,3399,"A.K. Tower Mujib Road, Chomohany, Chattogram Phone: 01711922922",2024-02-15,,2034-02-14,Chattogram,Bangladesh,,Bangladesh NGO Affairs Bureau - Local NGO List (up to 19 August 2026)
Usha Samaj Kallayan Shangstha,1763,"Rail Station Road, Kotchandpur, Jhenaidah Phone: 01712-095859",2002-11-20,2017-11-20,2027-11-20,Kustia,Bangladesh,,Bangladesh NGO Affairs Bureau - Local NGO List (up to 19 August 2026)
UTSHARGO,2409,"House-04 (3th Floor), Road-15, Block-D, Banani, Dhaka.",2009-02-02,,2014-02-02,Chattogram,Bangladesh,,Bangladesh NGO Affairs Bureau - Local NGO List (up to 19 August 2026)
Utsho Bangladesh,2284,"House-44, Road-02, Block-B, Niketon, Gulshan-01, Dhaka-1212 Phone: 9880708",2007-10-30,2017-10-30,2027-10-30,Dhaka,Bangladesh,,Bangladesh NGO Affairs Bureau - Local NGO List (up to 19 August 2026)
Uttara Development Program Society (UDPS),0436,"5/10, Humayun Road (GF), Block-B, Mohammadpur, Dhaka-1207 Phone: 9140902",1991-01-28,2016-01-28,2021-01-28,Dhaka,Bangladesh,,Bangladesh NGO Affairs Bureau - Local NGO List (up to 19 August 2026)
Uttara Samaj Kallyan Sangshad,1444,"Village: Jagannathpur, P.O:Dhaperhat, Thana: Pirganj, Rangpur. Phone: 01740-902484 email: usks1987@gmail.com",1999-11-09,2014-11-09,2024-11-08,Rangpur,Bangladesh,,Bangladesh NGO Affairs Bureau - Local NGO List (up to 19 August 2026)
UTTARAN,0255,"Flat-B1, House-32, Road-10/A, Dhanmondi, Dhaka-1209 www.uttaran.net",1988-01-18,2018-01-18,2028-01-18,Sathkhira,Bangladesh,,Bangladesh NGO Affairs Bureau - Local NGO List (up to 19 August 2026)
Uttaran Samaj Kallyan Samity,1594,"45, H.S.S Road, P.O.Box-04, Jhenaidah Phone : 2101",2000-02-07,2005-12-07,2010-12-07,Jhenaidah,Bangladesh,,Bangladesh NGO Affairs Bureau - Local NGO List (up to 19 August 2026)
Uttaran Samajik Unnayan Sangstha,3026,"Vill: Probo Raki, Shiloy, Munshiganj Sadar, Munshiganj.",2016-06-07,2021-06-07,2031-06-06,Munshiganj,Bangladesh,,Bangladesh NGO Affairs Bureau - Local NGO List (up to 19 August 2026)
Utthan,3513,"Jhawtola(1stLane),HospitalRoad, Barisal Phone: 01315783728 email: utthan.net@gmail.com",2025-10-26,,2035-10-25,Barisal,Bangladesh,,Bangladesh NGO Affairs Bureau - Local NGO List (up to 19 August 2026)
Uttorayon Jono Kalyan Mohila Somity,0829,"House-403, Road-29, New DOHS, Mohakhali, Dhaka-1206. Phone: 8817915, Fax: 8817416",1994-05-15,2009-05-15,2014-05-15,Dhaka,Bangladesh,"Cancelled on 27/06/2010, Revived on 20/09/2011",Bangladesh NGO Affairs Bureau - Local NGO List (up to 19 August 2026)
Uzan,1262,"House-221, Road-07, Block-B, Section-12, Mirpur, Dhaka. Phone: 01812-243543",1998-05-05,2018-05-05,2028-05-05,Khulna,Bangladesh,,Bangladesh NGO Affairs Bureau - Local NGO List (up to 19 August 2026)
Valiant Welfare Research Society (VWRS),2068,"17/18, Kutubuddin Bai Lane, Kalipur Sankarpur, Dist.: Kusthia.",2006-02-09,,2011-02-09,Kustia,Bangladesh,,Bangladesh NGO Affairs Bureau - Local NGO List (up to 19 August 2026)
Victory of Development Society,2065,"Vill.: Hilalpur, Post: Jalipur, Upazilla: Khoksa, Dist: Kustia.",2006-01-30,,2011-01-30,Kustia,Bangladesh,,Bangladesh NGO Affairs Bureau - Local NGO List (up to 19 August 2026)
Village & City Development Society,2931,"Holding-858, Nimontron, Uttar C&B Road, Barisal Phone: 01711-585766",2015-05-21,,2020-05-21,Barisal,Bangladesh,,Bangladesh NGO Affairs Bureau - Local NGO List (up to 19 August 2026)
Village Aid Bangladesh,1924,"5/3, Block-E, Lalmatia, Mohammadpur, Dhaka-1207. Phone: 8124645",2004-04-21,2014-04-21,2019-04-21,Dhaka,Bangladesh,,Bangladesh NGO Affairs Bureau - Local NGO List (up to 19 August 2026)
Village Associaton for Social Development (VASD),2352,"77/3, Block-A, Talbag, Saver, Dhaka. Phone: 7743925, Fax: 7743925",2008-05-11,2018-05-11,2028-05-11,Dhaka,Bangladesh,,Bangladesh NGO Affairs Bureau - Local NGO List (up to 19 August 2026)
Village Development Association,0717,"Sadarpur, Thana: Sadarpur, Faridpur",1993-06-19,2008-06-19,2013-06-18,Faridpur,Bangladesh,,Bangladesh NGO Affairs Bureau - Local NGO List (up to 19 August 2026)
Village Economical Development Centre,1453,"House-23/A, Road-06, Flat-8/a, Samoly, Mohammadpur, Dhaka-1207",1999-12-07,2014-12-07,2019-12-07,Dhaka,Bangladesh,,Bangladesh NGO Affairs Bureau - Local NGO List (up to 19 August 2026)
Village Economy Development Foundation,3532,"Ambari, parbatipur, Dinajpur Phone: 01402197900 email: vedf.din@gmail.com",2025-11-26,,2035-11-25,Dinajpur,Bangladesh,,Bangladesh NGO Affairs Bureau - Local NGO List (up to 19 August 2026)
Village Education Resource Centre(VERC),0133,"B-30, Aklas Uddin Khan Road, Anandapur, Savar, Dhaka Phone : 7710412 www.verc.org",1982-11-25,2020-05-15,2030-05-15,Dhaka,Bangladesh,,Bangladesh NGO Affairs Bureau - Local NGO List (up to 19 August 2026)
Village Initiative for Empowerment of Women (VIEW),1833,"R. K. Road, Polashsbari, Post: Khalilganj, Kurigram Sadar, Kurigram.",2003-05-24,2008-05-25,2028-05-24,Kurigram,Bangladesh,,Bangladesh NGO Affairs Bureau - Local NGO List (up to 19 August 2026)
Village Integrated Development Association (VIDA),1758,"19/7, Babor Road, Block-B, Mohammadpur, Dhaka. Phone: 9121382",2002-11-14,2017-11-14,2027-11-14,Dhaka,Bangladesh,,Bangladesh NGO Affairs Bureau - Local NGO List (up to 19 August 2026)
Village Peoples Organization (VPO),3114,"Sreenranpur, Balarhat, Mithapukur, Rangpur, Mob: 01712790029",2017-11-20,,2027-11-20,Rangpur,Bangladesh,,Bangladesh NGO Affairs Bureau - Local NGO List (up to 19 August 2026)
Village Reconstruction Institute (VRI),0573,"House-SWE-7, Road-07, Kohinoor Tower, Gulshan-1, Dhaka-1212. Phone: 8820372, Fax: 9887486",1991-12-15,2011-12-15,2016-12-15,Narsingdhi,Bangladesh,"Cancelled on 09/08/2010, Revived on 22/09/2011",Bangladesh NGO Affairs Bureau - Local NGO List (up to 19 August 2026)
Village Research & Service Centre,0940,"53/2 Elephant Road, Dhaka. Phone: 8652545",1995-05-28,2010-05-28,2015-05-28,Dhaka,Bangladesh,,Bangladesh NGO Affairs Bureau - Local NGO List (up to 19 August 2026)
Village Social Association,3005,"Balary Para, Natore Sadar, Dist: Natore Phone: 01770-984740",2016-02-14,2021-02-14,2031-02-14,Natore,Bangladesh,,Bangladesh NGO Affairs Bureau - Local NGO List (up to 19 August 2026)
Village social Development Organization-VSDO,3585,"Brahmanbazar, PO: Kajaldhara-3234, Kulaura, Moulvibazar. Phone: 01718016712 email: vdongo19@yahoo.com",2026-02-24,,2036-02-23,Moulvibazar,Bangladesh,,Bangladesh NGO Affairs Bureau - Local NGO List (up to 19 August 2026)
Vishva Hindu Parishad (VHP),2877,"Vill: Sonakhali, Post: Joaria, Upazila: Tungipara, Dist: Gopalganj.",2014-08-14,,2019-08-14,Gopalganj,Bangladesh,Name change on 09/08/2018,Bangladesh NGO Affairs Bureau - Local NGO List (up to 19 August 2026)
Vision Aid Foundation,3511,"House-04 (4th Floor), Road-04, Block-B, Chand Uddan, Mohammadpur, Dhaka-1207 Phone: 01868507578",2025-10-26,,2035-10-25,Dhaka,Bangladesh,,Bangladesh NGO Affairs Bureau - Local NGO List (up to 19 August 2026)
Vision Bangladesh,1870,"309/A, East Goran, Dhaka-1219. Phone: 03772013255, 01923245714",2003-09-09,2018-09-09,2028-09-09,Dhaka,Bangladesh,,Bangladesh NGO Affairs Bureau - Local NGO List (up to 19 August 2026)
Vision Bangladesh Health & Education Society (VBHES),2320,"Eastern Trade Centre, 56, Purana Paltan Line, VIP Road, Suite-7/5, Dhaka-1000",2008-03-19,2018-03-19,2028-03-18,Dhaka,Bangladesh,,Bangladesh NGO Affairs Bureau - Local NGO List (up to 19 August 2026)
Visually Impaired People's Society,2338,"House-LA-52 (Gr. Floor), Post Office Road, Middle Badda, Dhaka-1212. Phone: 8837838, 01553-504205, 01818-292655",2008-04-20,2018-04-20,2028-04-20,Dhaka,Bangladesh,Name changed on 14/08/2018,Bangladesh NGO Affairs Bureau - Local NGO List (up to 19 August 2026)
Vocational Training Centre for the Blind,0109,"w4,w Mwa.binv iRpos.aodr,g Mirpur-1, Dhaka Phone :,9000439, Fax: 9011409",1981-10-17,2020-05-14,2030-05-14,Dhaka,Bangladesh,,Bangladesh NGO Affairs Bureau - Local NGO List (up to 19 August 2026)
Voice & Views,3046,"House-Abdul Zabbar Villa, Road-Sylhet Highway, Vill+Post: Baghata, Sadar, Narsingdi Phone: 01952165056",2016-10-25,2021-10-25,2031-10-24,Narsingdhi,Bangladesh,,Bangladesh NGO Affairs Bureau - Local NGO List (up to 19 August 2026)
Voice of South Bangladesh,3164,"House-Dashani K Ali Road, Bagerhat Sadar, Bagerhat, Mobile:01749070845",2018-09-13,,2028-09-13,Bagerhat,Bangladesh,,Bangladesh NGO Affairs Bureau - Local NGO List (up to 19 August 2026)
Voices for Interactive Choice & Empowerment (VOICE),2682,"House-67, Level-5, Block-Ka, Pisciculture Housing Society, Shayamoli, Dhaka.",2012-03-07,2017-03-07,2027-03-07,Dhaka,Bangladesh,,Bangladesh NGO Affairs Bureau - Local NGO List (up to 19 August 2026)
Voluntary Activities for Social and Human foundation,3372,"Holding-1216/F/1, Plot-80, Road-8, Cornel Hat, Pathartoli, Chattogram Phone: 01749074369",2023-08-16,,2033-08-15,Chattogram,Bangladesh,,Bangladesh NGO Affairs Bureau - Local NGO List (up to 19 August 2026)
Voluntary Association for Family Welfare and Social Development,1326,"196/1, Shantibag, Motijheel, Dhaka Phone: 01711-676735, 9355695, 9338078",1998-12-24,2018-12-24,2028-12-24,Dhaka,Bangladesh,,Bangladesh NGO Affairs Bureau - Local NGO List (up to 19 August 2026)
Voluntary Association for Rural Development (VARD),0387,"House-554, Road-09, Baitul Aman Housing Society, Adabar, Shyamoli, Dhaka. Phone: 9133590, Fax: 9125215 www.vardbd.org",1990-12-13,2020-12-15,2030-12-15,Dhaka,Bangladesh,,Bangladesh NGO Affairs Bureau - Local NGO List (up to 19 August 2026)
Voluntary Association for Rural Development of Bangladesh,2072,"Vill.: Bedgram, Upazilla: Gopalgong Sadar, Dist.: Gopalgong.",2006-02-22,2021-02-22,2031-02-22,Gopalganj,Bangladesh,,Bangladesh NGO Affairs Bureau - Local NGO List (up to 19 August 2026)
Voluntary Family Development Association (VFDA),0592,"Gonopattya,South Bhabanipur, Rajbari Phone: 01716-897995",1992-02-01,2007-02-01,2012-02-01,Rajbari,Bangladesh,,Bangladesh NGO Affairs Bureau - Local NGO List (up to 19 August 2026)
Voluntary Family Welfare Association,0320,"Alipur, P.O. & Dist. Faridpur Phone : 63214",1989-10-10,2014-11-19,2019-11-19,Faridpur,Bangladesh,,Bangladesh NGO Affairs Bureau - Local NGO List (up to 19 August 2026)
Voluntary Health Services Society (VHSS),0142,"House-35/1, Road-3, Shymoli, Dhaka Phone: 8112962",1983-05-22,2005-05-15,2010-05-15,Dhaka,Bangladesh,,Bangladesh NGO Affairs Bureau - Local NGO List (up to 19 August 2026)
Voluntary Organisation for Rural Development (VORD),0421,"Habashpur, Thana: Pangsha, Rajbari Phone: 01711-481896",1990-12-20,2020-12-20,2030-12-19,Rajbari,Bangladesh,,Bangladesh NGO Affairs Bureau - Local NGO List (up to 19 August 2026)
Voluntary Organisation for Social Development (VOSD),0627,"Vill: Sholak, PO: Sholak-8233, UZ: Uzirpur, Dist: Barisal. Phone : 9126278 www.vosd-bd.org",1992-06-01,2017-06-01,2027-06-01,Barisal,Bangladesh,,Bangladesh NGO Affairs Bureau - Local NGO List (up to 19 August 2026)
Voluntary Organisation for the Needy (VON),0613,"Wireless Gate, Uttar Saota, Manikganj",1992-03-29,2002-03-29,2007-03-29,Manikganj,Bangladesh,,Bangladesh NGO Affairs Bureau - Local NGO List (up to 19 August 2026)
Voluntary Organization for Integration & Community Empowerment (VOICE),3593,"Vill:Laharkandi,PO:Laxmipur,UP: Laxmipur Sadar, Dist: Laxmipur Phone: 01711021788 email: voice_bd2008@yahoo.com",2026-04-12,,2036-04-11,Laxmipur,Bangladesh,,Bangladesh NGO Affairs Bureau - Local NGO List (up to 19 August 2026)
Voluntary Organization for Social Development Magura (VOSD-Magura),1994,"Vill: Palum, Upazila: Shalikha, Dist.: Magura Phone: 01712-016211",2005-01-11,2020-01-11,2030-01-11,Magura,Bangladesh,,Bangladesh NGO Affairs Bureau - Local NGO List (up to 19 August 2026)
Voluntary Paribar Kalyan Association,0243,"South Bhabanipur, Rajbari-7700 Phone: 064165579",1987-11-03,2012-11-03,2017-11-03,Rajbari,Bangladesh,,Bangladesh NGO Affairs Bureau - Local NGO List (up to 19 August 2026)
Voluntary Rural Development Society (VRDS),1410,"Flat-F/5, House-3,4,5,7, Road-1, Block-H,Banasree,Rampur,Dhaka-1219",1999-08-12,2019-08-12,2029-08-11,Dhaka,Bangladesh,,Bangladesh NGO Affairs Bureau - Local NGO List (up to 19 August 2026)
Vramangaon Dustha Mohila Kallayan Samity,2925,"Vill: Jalkuri, Dakhin Para, PO: Kalkuri, PS: Sidderganj, Dist: Narayanganj. Phone: 01715-116407",2015-04-30,2020-04-30,2030-04-30,Narayanganj,Bangladesh,,Bangladesh NGO Affairs Bureau - Local NGO List (up to 19 August 2026)
Wajifa Noor Ashmatia Foundation,2859,"Mondolbari, Vill: Chatabalua, PO: Baluahat, Dist: Bogra Phone: 01912-187386",2014-05-21,2019-05-21,2029-05-20,Bogra,Bangladesh,,Bangladesh NGO Affairs Bureau - Local NGO List (up to 19 August 2026)
"Waman Education, Saving, Health and Development Association (WESHDA)",3104,"153, KDA R/A, Mirerdanga, Sonali Jute Mill, Khulna. Tel: 0041-785030",2017-11-07,,2027-11-07,Khulna,Bangladesh,,Bangladesh NGO Affairs Bureau - Local NGO List (up to 19 August 2026)
Warapunya Bouddha Anathalaya,0904,"Vill. Hingala, P.O. & Thana Rauzan, Chattogram Phone: 01712-539910",1995-02-19,2015-02-19,2020-02-19,Chattogram,Bangladesh,"Cancelled on 26/07/2010, Revived on 06/10/2010",Bangladesh NGO Affairs Bureau - Local NGO List (up to 19 August 2026)
Warbe Development Foundation,2281,"House-155-B (4th Floor), Road-22, New DOHS, Mohakhali, Dhaka-1206 Phone: 8753612, Fax: 8753612",2007-10-18,2017-10-18,2027-10-18,Dhaka,Bangladesh,,Bangladesh NGO Affairs Bureau - Local NGO List (up to 19 August 2026)
Waste Concern,1188,"House-21(Side-B), Road-A7, Block-G, Banani Model Town, Dhaka-1213 Phone : 9873002, Fax: 9884774 www.wasteconcern.org",1997-09-23,2017-09-23,2027-09-23,Dhaka,Bangladesh,,Bangladesh NGO Affairs Bureau - Local NGO List (up to 19 August 2026)
Wave Foundation,0719,"Darsana Bus Stand, Darsana, Chuadanga Phone: 07632-51159",1993-06-22,2018-06-22,2028-06-22,Chuadanga,Bangladesh,,Bangladesh NGO Affairs Bureau - Local NGO List (up to 19 August 2026)
We for Human Society,3167,"Panchbibi Road, Joypurhat Sadar, Joypurhat. Mob: 01712536880",2018-11-05,,2028-11-05,Joypurhat,Bangladesh,,Bangladesh NGO Affairs Bureau - Local NGO List (up to 19 August 2026)
Weab Foundation,3502,"Anchor Tower, 8th Floor, 108, Bir Uttam, C.R. Dutta Road, Dhaka-1205 Phone: +8801714979135 email: weab@multimodebd.com",2025-09-23,,2035-09-22,Dhaka,Bangladesh,,Bangladesh NGO Affairs Bureau - Local NGO List (up to 19 August 2026)
Welfare Association for Development Alternative (WADA),3128,"Dashani, Bagerhat Sadar, Bagerhat",2018-01-04,,2028-01-04,Bagerhat,Bangladesh,,Bangladesh NGO Affairs Bureau - Local NGO List (up to 19 August 2026)
Welfare Association for Rootless (WAR),1560,"1/4-1/5, Block-E, Satmasjid Road, Mohammadpur, Dhaka-1207.",2000-08-23,2010-08-23,2015-08-23,Dhaka,Bangladesh,"Cancelled on 23/08/2010, Revived on 01/06/2011",Bangladesh NGO Affairs Bureau - Local NGO List (up to 19 August 2026)
Welfare Association for Social Development and Poverty Alleviation (WASDPA),2052,"Amina Bhaban, Holding No.-122, Hossen Ali Road, Hossen Market, Dattapara, Tongi, Gazipur. Phone: 01714-834845 Email: wasdpa@gmail.com",2005-12-27,2020-12-27,2030-12-26,Dhaka,Bangladesh,,Bangladesh NGO Affairs Bureau - Local NGO List (up to 19 August 2026)
Welfare Association of Repatriated Bangladeshi Employees,2012,"wHwouws.ew-w10wE.w/1a, sMdapdar-abs.oar gRoad by lane (2nd floor), Block-F, Mohamaadpur, Dhaka.",2005-03-10,,2010-03-10,Dhaka,Bangladesh,,Bangladesh NGO Affairs Bureau - Local NGO List (up to 19 August 2026)
Welfare Centre for the Disabled (WCD),1309,"D-7, Kamal Garments Road, Ara Para, Savar, Dhaka. Phone: 01611-555200",1998-11-15,2013-11-15,2018-11-15,Dhaka,Bangladesh,"Cancelled on 09/08/2010, Revived on 18/10/2015",Bangladesh NGO Affairs Bureau - Local NGO List (up to 19 August 2026)
Welfare Efforts,1059,"111 Sher-e-Bangla Road, Jhenaidha-7300 Phone: 0451-63098, Fax: 0451-63346",1996-08-12,2021-08-12,2031-08-12,Jhenaidah,Bangladesh,,Bangladesh NGO Affairs Bureau - Local NGO List (up to 19 August 2026)
Welfare Family Bangladesh,2136,"Kathaltoli, Banorupa, UZ: Rangamati Sadar, Dist: Rangamati Phone: 0351-61423",2006-09-26,2017-03-06,2027-03-06,Rangamati,Bangladesh,,Bangladesh NGO Affairs Bureau - Local NGO List (up to 19 August 2026)
Wellbeing Bangladesh Society,3516,"House-15(5A), Road-06, Block-C, BosilaGardenCity,Mohammadpur, Dhaka-1207 Phone: 01734001234 email: wbsbd.info@gmail.com",2025-10-27,,2035-10-26,Dhaka,Bangladesh,,Bangladesh NGO Affairs Bureau - Local NGO List (up to 19 August 2026)
Wildteam Ltd.,2817,"Cosmos Centre, 69/1, New Circular Road, Dhaka. Phone: 8802-9355576",2013-09-26,2018-09-26,2028-09-26,Dhaka,Bangladesh,,Bangladesh NGO Affairs Bureau - Local NGO List (up to 19 August 2026)
Wish,2968,"1st Floor, 53/2-L, Sonaton Ghar, Bawbazar, Hazaribagh, Dhaka Phone: 01923-110481",2015-09-17,2020-09-17,2030-09-16,Dhaka,Bangladesh,,Bangladesh NGO Affairs Bureau - Local NGO List (up to 19 August 2026)
Witness Foundation,3276,"House-28, Block-E, Sector-2, Mirpur Road, Juhurul Islam City, Aftabnagar, Dhaka-1212",2021-06-29,,2031-06-29,Dhaka,Bangladesh,,Bangladesh NGO Affairs Bureau - Local NGO List (up to 19 August 2026)
Women Commission For Development in Bangladesh,1373,"Vill: College Para, PO: Osmanpur, UZ: Ghoraghat, Dinajpur Phone: 05328-56063",1999-04-22,2019-04-22,2029-04-21,Dinajpur,Bangladesh,,Bangladesh NGO Affairs Bureau - Local NGO List (up to 19 August 2026)
Women Community Development in Bangladesh,2697,"Baniar Char, PO: Jalirpar, Dist: Gopalganj.",2012-05-22,,2017-05-22,Gopalganj,Bangladesh,,Bangladesh NGO Affairs Bureau - Local NGO List (up to 19 August 2026)
Women Development Foundation,3138,"Jennat Ali Bhabon, Kathpatty Road, Sadar, Barguna.",2018-01-29,,2028-01-29,Barguna,Bangladesh,,Bangladesh NGO Affairs Bureau - Local NGO List (up to 19 August 2026)
Women Empowerment & Environment Development Orga,3037,"175, Bhadulidanga, Rotongonj, Narail Phone: 01911203882",2016-10-02,,2021-10-02,Narail,Bangladesh,,Bangladesh NGO Affairs Bureau - Local NGO List (up to 19 August 2026)
Women Empowerment Foundation (WEF),1998,"Vill: Dumki, PO: Dumki, UZ: Dumki, Dist: Patuakhali. Phone: 01732-678830",2005-01-13,2020-01-15,2030-01-14,Patuakhali,Bangladesh,,Bangladesh NGO Affairs Bureau - Local NGO List (up to 19 August 2026)
Women Empowerment of Bangladesh (WEOAB),3439,"27, Carnival House, Flat No. A-1, Agargaon, Shere Bangla Nagar, Dhaka. Phone: 01779405428 email:",2025-04-16,,2035-04-15,Dhaka,Bangladesh,,Bangladesh NGO Affairs Bureau - Local NGO List (up to 19 August 2026)
Women Environment and Development Organisation (WEDO),1283,"paagrruas Purltimanaar2y 0S1c3h@ooglm Raoila.cdo, m Netrokona Sadar, Netrokona Phone: 0951-61138 www.wedo-bd.org",1998-09-01,2018-09-01,2028-09-01,Netrakona,Bangladesh,,Bangladesh NGO Affairs Bureau - Local NGO List (up to 19 August 2026)
Women For Women,0161,"1/2, Sukrabad, Dhaka-1207 Phone :8120791, Fax: 8116376 www.womenforwomenrsg.org",1984-04-18,2025-05-15,2034-05-14,Dhaka,Bangladesh,,Bangladesh NGO Affairs Bureau - Local NGO List (up to 19 August 2026)
Women Job Creation Centre,0945,"Vill. & P.O. Talar, Thana Tala, Satkhira Phone: 01711-828305 Phone: 01716-078405 www.wjccbd.com",1995-06-04,2020-06-04,2030-06-04,Sathkhira,Bangladesh,,Bangladesh NGO Affairs Bureau - Local NGO List (up to 19 August 2026)
Women Welfare Organization,0545,"14-15, Adarsha Chaya Nir, Ring Road, Shaymoli, Adabor, Dhaka. Phone: 9129400, Fax: 9569990",1991-10-23,2016-10-23,2026-10-23,Dhaka,Bangladesh,"Cancelled on 15/06/2010, Revived on 17/10/2011",Bangladesh NGO Affairs Bureau - Local NGO List (up to 19 August 2026)
Women with Disabilities Development Foundation,2911,"House-712/1, Road-10, Baitul Aman Housing, Adabor, Dhaka-1207 Phone: 01711-477348",2015-01-08,2020-01-08,2030-01-08,Dhaka,Bangladesh,,Bangladesh NGO Affairs Bureau - Local NGO List (up to 19 August 2026)
Women's Education for Advancement & Empowerment (WEAVE),3381,"House-19, Rajari, Sadar, Rangamati Phone: 01820236248 email: weaves_2009@yahoo.com",2023-10-12,,2033-10-11,Rangamati,Bangladesh,,Bangladesh NGO Affairs Bureau - Local NGO List (up to 19 August 2026)
Women's Federation for World Peace-WFWP,3545,"720, West Nakhalpara, Tejgaon, Dhaka-1215 Phone: 01711595959 email: wfwp.bangladesh.project@gmail.co",2025-12-21,,2035-12-20,Dhaka,Bangladesh,,Bangladesh NGO Affairs Bureau - Local NGO List (up to 19 August 2026)
Women's Initiatives for Self-Support and Empowerment (WISE) Foundation,0868,"mHouse-325 (1st Fllor), Rioad-03, Baitul Aman Housing Society, Shamoly, Mohammadpur, Dhaka. Phone: 9141500, 01749820895 www.aloshikha.com",1994-11-17,2019-11-17,2029-11-17,Dhaka,Bangladesh,,Bangladesh NGO Affairs Bureau - Local NGO List (up to 19 August 2026)
Work and Rural Development (WARD),1938,"Keshabpur Bazar, Post. Keshabpur, Upazilla-Keshabpur, Dist. Jessore Phone: 04226-56296",2004-06-09,2019-06-09,2029-06-08,Jessore,Bangladesh,,Bangladesh NGO Affairs Bureau - Local NGO List (up to 19 August 2026)
Work for a Better Bangladesh (WBB Trust),2075,"House-14/3/A (3rd Fl.), Jafrabad, Rayerbazar, Dhaka-1207 Phone: 9112446, 01711-386797 www.wbbtrust.org",2006-03-01,2021-03-01,2031-03-01,Dhaka,Bangladesh,,Bangladesh NGO Affairs Bureau - Local NGO List (up to 19 August 2026)
Working for Better Life,1246,"House -13, Goreeb a Newaz Avenue, Sector-11, Uttara, Dhaka. Phone : 8916966",1998-02-26,2023-02-26,2033-02-25,Dhaka,Bangladesh,,Bangladesh NGO Affairs Bureau - Local NGO List (up to 19 August 2026)
World Buddhist Association In Bangladesh (WBA),3272,"PrimeTower(6thFloor),180-181,Shahid SayedNazrulIslamSorani,BijoyNagar, Dhaka-1000. Telephone +88-02222228458, 8391591, 8391592, 47210994, 47210995. Fax: no: +8802222228458",2021-05-09,,2031-05-08,Dhaka,Bangladesh,,Bangladesh NGO Affairs Bureau - Local NGO List (up to 19 August 2026)
World Harvest Society of Bangladesh,2435,"Vill.: Dhakinpar, P.O.: Unashia, P.K. Kotalipara, Dist.: Gopalganj. Phone: 0172162196",2009-06-05,2019-05-06,2029-05-06,Gopalganj,Bangladesh,,Bangladesh NGO Affairs Bureau - Local NGO List (up to 19 August 2026)
World Peace and Economic Development Organization (WPEDO),1882,"House-60, Road-5/A (New), Dhanmondi, Dhaka-1205",2003-10-25,2018-10-25,2028-10-24,Dhaka,Bangladesh,,Bangladesh NGO Affairs Bureau - Local NGO List (up to 19 August 2026)
Young Power in Social Action,0916,"House-F10(P), Road-13, Block-B, Chandaon R/A, Chattogram-4212. Phone: 031-672857, Fax: 031-2570255 www.ypsa.org",1995-02-26,2020-02-26,2030-02-26,Chattogram,Bangladesh,,Bangladesh NGO Affairs Bureau - Local NGO List (up to 19 August 2026)
Young Women's Christian Association of Bangladesh,0051,"3/23, Iqbal Road, Mohammadpur, Dhaka Phone : 8125015, Fax: 9125459",1981-04-22,2026-05-15,2036-05-14,Dhaka,Bangladesh,,Bangladesh NGO Affairs Bureau - Local NGO List (up to 19 August 2026)
Younus Foundation,1090,"Grameen Bank Bhaban, Mirpur-2, Dhaka Phone : 8015755-8",1996-10-28,2021-10-28,2031-10-27,Dhaka,Bangladesh,,Bangladesh NGO Affairs Bureau - Local NGO List (up to 19 August 2026)
Youth Engagement for Sustainability (YES),3440,"4th Floor, House-40, Road-03, Block-B,Section-12,Pallabi,Mirpur, Dhaka-1216 Phone: 01611001522, 01917993765",2025-04-21,,2035-04-20,Dhaka,Bangladesh,,Bangladesh NGO Affairs Bureau - Local NGO List (up to 19 August 2026)
Youth for Change Bangladesh Foundation,3444,"eFmlaat-i3l:B y,esbdH@ogusmea-3il.3c,om Road-02, Janata Housing Limited, Adabor, Dhaka. Phone: 01911059159 email:",2025-04-22,,2035-04-21,Dhaka,Bangladesh,,Bangladesh NGO Affairs Bureau - Local NGO List (up to 19 August 2026)
Youth Initiative for Socio-Economic Activiti (YISEA),2100,"bBaansgnlaa,d Peossht@: Syaonuothrafo,r Uchpaanzgilelag:l obal Dhamrai, Dist.: Dhaka.",2006-06-05,2021-06-05,2031-06-04,Dhaka,Bangladesh,,Bangladesh NGO Affairs Bureau - Local NGO List (up to 19 August 2026)
Yusuf Memorial Trust,1855,"National Scout Bhaban (9-12 Fl., 70/1, Purana Paltan Line, Kakrail, Dhaka-1000. Phone: 8315334, 8315335",2003-07-13,2013-07-13,2018-07-13,Dhaka,Bangladesh,,Bangladesh NGO Affairs Bureau - Local NGO List (up to 19 August 2026)
Zabarang Kalyan Samity,1461,"Khagrapur, Khagrapur Dighinala Road, Khagrachari Sadar, Khagrachari, Hill Tracts Phone: 0376-61708, 62006 www.zks-bd.com",1999-12-27,2019-12-27,2029-12-27,Khagrachari,Bangladesh,,Bangladesh NGO Affairs Bureau - Local NGO List (up to 19 August 2026)
Zagoroni,1851,"Barkamata, P.O. Chandina P.S. Debiddar, Dist. Comilla. Phone: 0802256009",2003-07-03,2018-07-03,2028-07-03,Comilla,Bangladesh,,Bangladesh NGO Affairs Bureau - Local NGO List (up to 19 August 2026)
Zahedee Foundation,3180,"22/1, Road-2, Dhanmondi, Dhaka-1205, Mob: 01713084183",2018-12-12,,2028-12-12,Dhaka,Bangladesh,,Bangladesh NGO Affairs Bureau - Local NGO List (up to 19 August 2026)
Zakat Welfare Foundation,3466,"House-34, Road-05, Block-F, Sector-2, Aftabnagar, Badda, Dhaka. Phone: 01989250082 email:",2025-06-02,,2035-06-01,Dhaka,Bangladesh,,Bangladesh NGO Affairs Bureau - Local NGO List (up to 19 August 2026)
Zam Zam Bangladesh,2090,"2za3k, aMtfoowunsudmatii,o Mn2ir0a2b1a@zagrm, Sayill.hceotm Phone: 0821-727323",2006-04-25,2021-04-25,2031-04-25,Sylhet,Bangladesh,,Bangladesh NGO Affairs Bureau - Local NGO List (up to 19 August 2026)
Zaman Social Development Foundation,3066,"City Center, Level-16, 90/1, Motijheel C/A, Dhaka Phone: 01817149073",2016-12-15,,2021-12-15,Dhaka,Bangladesh,,Bangladesh NGO Affairs Bureau - Local NGO List (up to 19 August 2026)
Zhumka Hasta Shilpa Mahila Samity,2254,"69, Barnali Complex, Agargaon, Taltola, Dhaka-1205 Phone: 8151179",2007-07-24,2017-07-24,2027-07-24,Dhaka,Bangladesh,,Bangladesh NGO Affairs Bureau - Local NGO List (up to 19 August 2026)
Zibika,1243,"New Hospital Road, Kurigram Pone: 0581-61891",1998-02-25,2013-02-25,2018-02-25,Kurigram,Bangladesh,,Bangladesh NGO Affairs Bureau - Local NGO List (up to 19 August 2026)
Zoombangla Youth Foundation,3504,"22, Segunbagicha, (Chittagong Hotel Building), Ramna, Dhaka-1000 Phone: 01739801419 email: shahin.ceo.zb@gmail.com",2025-09-29,,2035-09-28,Dhaka,Bangladesh,,Bangladesh NGO Affairs Bureau - Local NGO List (up to 19 August 2026)
Unity for Peace-Building and Socio Economic Advancement for the Marginalized (UPSAM),3597,"Bashgari, Narchi, Sarikandi, Bogura Phone: 01689682196",2026-08-10,,2036-08-09,Bogura,Bangladesh,,Bangladesh NGO Affairs Bureau - Local NGO List (up to 19 August 2026)
Tomader Jonno,3598,"Shamoly Kuthir, Masterpara, Gabtoli, Bogura Phone: 01711756865 email: tomoderjonnodti@gmail.com",2026-08-13,,2036-08-12,Bogura,Bangladesh,,Bangladesh NGO Affairs Bureau - Local NGO List (up to 19 August 2026)
Heed Foundation,3599,"Matri Nibas, Baushi, Gozaria, Sharishabari, Jamalpur Phone: 01733188506 email: heedfoubdationbd@gmail.com",2026-08-16,,2036-08-15,Jamalpur,Bangladesh,,Bangladesh NGO Affairs Bureau - Local NGO List (up to 19 August 2026)
